account_id,customer_id,account_type,account_open_date,branch_id,current_balance,account_status
ACC000001,CUST00532,Current,2024-07-18,BR0029,10760.43,Active
ACC000002,CUST02852,Current,2020-06-15,BR0019,1250.92,Active
ACC000003,CUST01413,Savings,2020-08-24,BR0017,13431.19,Active
ACC000004,CUST00872,Savings,2026-02-23,BR0017,65918.11,Active
ACC000005,CUST00023,Savings,2021-09-05,BR0003,41988.7,Active
ACC000006,CUST00971,Salary,2022-09-19,BR0008,36821.0,Active
ACC000007,CUST00219,Salary,2024-08-01,BR0027,15740.75,Active
ACC000008,CUST00823,Current,2025-05-15,BR0026,4746.5,Active
ACC000009,CUST00738,Current,2025-09-06,BR0011,40878.24,Active
ACC000010,CUST00350,Salary,2024-10-13,BR0001,8093.87,Active
ACC000011,CUST03001,Current,2023-03-28,BR0007,302826.73,Active
ACC000012,CUST00250,Salary,2026-08-01,BR0007,43678.39,Inactive
ACC000013,CUST00499,Current,2022-12-31,BR0006,10973.32,Active
ACC000014,CUST00348,Current,2025-10-04,BR0029,10575.95,Active
ACC000015,CUST00442,Current,2025-12-24,BR0046,19701.83,Active
ACC000016,CUST00653,Savings,2019-12-27,BR0019,16524.47,Active
ACC000017,CUST04348,Current,2022-08-09,BR0032,84136.9,Active
ACC000018,CUST03282,Savings,2025-02-25,BR0008,27548.39,Active
ACC000019,CUST00204,Savings,2026-05-09,BR0037,9154.88,Active
ACC000020,CUST02859,Salary,2023-05-24,BR0034,212889.56,Active
ACC000021,CUST03661,Current,2023-07-27,BR0046,23369.1,Active
ACC000022,CUST02079,Current,2024-07-11,BR0002,55415.11,Active
ACC000023,CUST04598,Savings,2024-02-05,BR0022,10616.11,Active
ACC000024,CUST01642,Salary,2019-12-19,BR0026,34055.23,Active
ACC000025,CUST03601,Current,2023-01-15,BR0028,31994.91,Active
ACC000026,CUST03579,Savings,2026-07-26,BR0006,2281.12,Active
ACC000027,CUST00525,Salary,2026-07-01,BR0016,247293.24,Active
ACC000028,CUST03892,Savings,2024-12-28,BR0003,103649.82,Active
ACC000029,CUST02180,Current,2025-12-24,BR0027,13675.56,Active
ACC000030,CUST02545,Current,2026-04-07,BR0041,5868.04,Active
ACC000031,CUST00556,Savings,2023-04-28,BR0004,33425.49,Active
ACC000032,CUST03979,Salary,2025-05-04,BR0030,24441.49,Active
ACC000033,CUST02067,Savings,2019-11-13,BR0002,33752.26,Active
ACC000034,CUST02152,Salary,2021-06-27,BR0016,27719.54,Active
ACC000035,CUST04523,Savings,2024-06-21,BR0046,40436.54,Active
ACC000036,CUST02209,Salary,2021-03-09,BR0001,125087.26,Active
ACC000037,CUST00539,Current,2019-11-09,BR0012,43552.56,Active
ACC000038,CUST04988,Salary,2025-01-04,BR0003,6250.48,Active
ACC000039,CUST02439,Salary,2022-06-13,BR0039,112992.35,Active
ACC000040,CUST03236,Salary,2020-06-27,BR0034,157745.38,Blocked
ACC000041,CUST01833,Salary,2022-02-19,BR0005,967497.46,Active
ACC000042,CUST04836,Current,2023-02-26,BR0044,5720.48,Active
ACC000043,CUST03397,Current,2026-06-21,BR0039,29479.74,Active
ACC000044,CUST02398,Savings,2019-11-22,BR0027,1810.72,Active
ACC000045,CUST00816,Savings,2025-11-07,BR0014,42777.99,Active
ACC000046,CUST00403,Current,2023-07-14,BR0031,11409.02,Active
ACC000047,CUST02034,Savings,2021-10-21,BR0012,221490.49,Active
ACC000048,CUST03580,Savings,2022-09-13,BR0014,8694.64,Active
ACC000049,CUST04223,Salary,2026-08-11,BR0038,2901.49,Active
ACC000050,CUST04775,Salary,2025-06-17,BR0008,12512.5,Blocked
ACC000051,CUST03655,Savings,2022-07-29,BR0005,2057.85,Active
ACC000052,CUST02164,Savings,2022-08-24,BR0028,54247.89,Active
ACC000053,CUST01144,Savings,2021-10-06,BR0014,1848.08,Active
ACC000054,CUST04224,Current,2022-01-01,BR0035,22791.64,Active
ACC000055,CUST00866,Savings,2023-06-11,BR0027,1820.06,Active
ACC000056,CUST01298,Salary,2026-04-25,BR0043,14997.56,Active
ACC000057,CUST02126,Savings,2020-01-21,BR0035,158269.38,Inactive
ACC000058,CUST00686,Savings,2022-05-30,BR0024,33954.53,Active
ACC000059,CUST04683,Salary,2023-07-19,BR0039,7815.06,Active
ACC000060,CUST04790,Current,2025-08-06,BR0010,21216.95,Active
ACC000061,CUST00685,Current,2025-01-18,BR0002,22507.87,Active
ACC000062,CUST04404,Salary,2021-11-20,BR0041,38838.08,Active
ACC000063,CUST02374,Salary,2026-03-09,BR0033,4271.71,Active
ACC000064,CUST00579,Salary,2026-05-26,BR0026,44850.08,Active
ACC000065,CUST02492,Salary,2021-01-05,BR0009,858.11,Active
ACC000066,CUST00986,Current,2021-06-06,BR0023,10343.76,Active
ACC000067,CUST01910,Salary,2024-05-26,BR0029,12259.68,Inactive
ACC000068,CUST03063,Current,2026-03-16,BR0001,47098.3,Active
ACC000069,CUST00506,Savings,2024-04-21,BR0017,22632.84,Active
ACC000070,CUST03431,Current,2025-03-01,BR0021,4077.85,Active
ACC000071,CUST00768,Savings,2022-05-22,BR0013,6754.8,Active
ACC000072,CUST00698,Current,2025-12-13,BR0039,27956.81,Active
ACC000073,CUST00689,Savings,2023-01-23,BR0033,20032.66,Active
ACC000074,CUST04837,Current,2026-01-21,BR0011,10993.41,Active
ACC000075,CUST03470,Salary,2022-08-12,BR0033,12369.63,Active
ACC000076,CUST03213,Salary,2026-04-17,BR0043,50787.3,Active
ACC000077,CUST03909,Salary,2026-08-02,BR0041,11834.44,Active
ACC000078,CUST00354,Salary,2021-02-10,BR0023,19816.9,Active
ACC000079,CUST00966,Current,2023-11-25,BR0006,297724.52,Active
ACC000080,CUST03470,Savings,2020-05-28,BR0023,3990.14,Active
ACC000081,CUST04050,Salary,2022-06-27,BR0042,2386.99,Active
ACC000082,CUST03994,Current,2022-08-23,BR0044,56404.69,Active
ACC000083,CUST04532,Salary,2024-11-22,BR0015,9755.91,Active
ACC000084,CUST03092,Current,2024-03-24,BR0007,15034.68,Active
ACC000085,CUST03771,Salary,2025-12-10,BR0043,8626.66,Active
ACC000086,CUST03262,Savings,2026-07-01,BR0019,16126.83,Active
ACC000087,CUST04955,Current,2021-08-02,BR0045,149978.28,Active
ACC000088,CUST04996,Current,2022-05-05,BR0025,57673.56,Active
ACC000089,CUST02170,Salary,2022-04-02,BR0028,61986.27,Active
ACC000090,CUST03712,Salary,2020-07-05,BR0020,4026.0,Active
ACC000091,CUST03637,Savings,2025-10-15,BR0010,5533.72,Active
ACC000092,CUST00838,Current,2020-06-01,BR0010,730.04,Active
ACC000093,CUST02913,Salary,2025-02-01,BR0049,8339.37,Active
ACC000094,CUST03332,Current,2023-02-07,BR0035,69427.88,Active
ACC000095,CUST00003,Salary,2022-04-24,BR0037,40959.37,Inactive
ACC000096,CUST01819,Current,2024-12-08,BR0035,16885.05,Active
ACC000097,CUST04111,Savings,2023-11-17,BR0040,21444.85,Active
ACC000098,CUST03571,Savings,2025-02-01,BR0017,9636.73,Active
ACC000099,CUST01240,Salary,2021-03-26,BR0029,28161.49,Active
ACC000100,CUST00559,Current,2026-01-31,BR0002,55218.53,Active
ACC000101,CUST00520,Savings,2022-11-26,BR0020,3168.25,Active
ACC000102,CUST00926,Salary,2021-05-15,BR0049,31557.84,Blocked
ACC000103,CUST02034,Current,2021-11-25,BR0043,67435.16,Active
ACC000104,CUST04913,Salary,2025-08-31,BR0011,13384.86,Blocked
ACC000105,CUST01676,Salary,2023-10-12,BR0027,51064.29,Active
ACC000106,CUST01748,Current,2022-08-19,BR0047,645374.04,Active
ACC000107,CUST00004,Current,2022-07-08,BR0012,19434.18,Blocked
ACC000108,CUST00359,Current,2026-07-03,BR0021,35311.66,Active
ACC000109,CUST00774,Current,2023-05-17,BR0022,9084.56,Active
ACC000110,CUST00180,Savings,2022-09-22,BR0024,27378.17,Active
ACC000111,CUST02281,Current,2026-01-25,BR0032,38266.34,Active
ACC000112,CUST01021,Salary,2021-01-01,BR0007,27828.36,Active
ACC000113,CUST00259,Savings,2021-01-30,BR0045,6479.29,Active
ACC000114,CUST00232,Salary,2022-05-24,BR0027,28215.71,Active
ACC000115,CUST00518,Current,2019-10-14,BR0049,127342.44,Active
ACC000116,CUST00536,Salary,2020-08-06,BR0009,37735.74,Active
ACC000117,CUST04871,Salary,2021-04-06,BR0037,69869.51,Active
ACC000118,CUST00343,Salary,2024-08-06,BR0035,16573.92,Inactive
ACC000119,CUST00024,Current,2022-04-16,BR0030,54169.88,Active
ACC000120,CUST01192,Savings,2023-12-15,BR0018,30795.42,Active
ACC000121,CUST02219,Current,2025-08-09,BR0034,7036.79,Active
ACC000122,CUST00857,Savings,2025-02-10,BR0021,32280.71,Active
ACC000123,CUST03232,Salary,2024-06-01,BR0025,6700.68,Inactive
ACC000124,CUST04473,Current,2022-03-03,BR0040,10306.64,Active
ACC000125,CUST02040,Salary,2026-02-01,BR0038,27644.83,Active
ACC000126,CUST04502,Current,2024-05-30,BR0020,31466.95,Active
ACC000127,CUST03123,Salary,2024-03-24,BR0020,5286.55,Active
ACC000128,CUST00740,Current,2021-02-28,BR0022,78024.87,Active
ACC000129,CUST02569,Salary,2023-01-13,BR0004,43757.03,Active
ACC000130,CUST01105,Salary,2024-11-28,BR0039,9455.25,Active
ACC000131,CUST00480,Salary,2025-07-26,BR0050,3480.39,Active
ACC000132,CUST02960,Savings,2020-04-17,BR0045,18510.89,Active
ACC000133,CUST00365,Current,2021-05-04,BR0008,12898.52,Active
ACC000134,CUST00644,Current,2020-06-11,BR0044,25229.48,Active
ACC000135,CUST01861,Salary,2020-06-02,BR0035,14246.41,Active
ACC000136,CUST04549,Current,2025-09-14,BR0014,1980.4,Active
ACC000137,CUST02037,Current,2024-09-25,BR0046,13821.54,Active
ACC000138,CUST00820,Salary,2025-04-16,BR0038,15264.07,Active
ACC000139,CUST03051,Salary,2023-02-03,BR0004,47117.19,Active
ACC000140,CUST00063,Savings,2021-11-21,BR0002,9529.62,Active
ACC000141,CUST04690,Current,2020-11-20,BR0009,165117.0,Active
ACC000142,CUST04755,Current,2025-09-27,BR0012,2221.71,Active
ACC000143,CUST03083,Current,2022-07-17,BR0044,106234.16,Active
ACC000144,CUST04561,Salary,2024-03-07,BR0028,16828.3,Active
ACC000145,CUST03363,Savings,2022-08-29,BR0021,61790.31,Active
ACC000146,CUST02148,Savings,2023-01-09,BR0001,24240.06,Active
ACC000147,CUST02546,Current,2020-10-12,BR0028,86462.55,Active
ACC000148,CUST04015,Current,2022-12-04,BR0022,13837.89,Active
ACC000149,CUST00240,Salary,2020-07-12,BR0029,5893.8,Active
ACC000150,CUST02528,Current,2025-11-29,BR0015,121128.25,Active
ACC000151,CUST04149,Salary,2026-07-30,BR0002,19222.24,Active
ACC000152,CUST01987,Current,2026-06-10,BR0017,28734.97,Active
ACC000153,CUST03124,Savings,2022-02-24,BR0041,96925.92,Active
ACC000154,CUST03431,Current,2024-11-12,BR0045,6384.66,Active
ACC000155,CUST00889,Current,2024-07-01,BR0041,45007.71,Active
ACC000156,CUST04983,Current,2020-05-07,BR0015,10852.23,Active
ACC000157,CUST00076,Salary,2022-05-28,BR0044,18795.95,Active
ACC000158,CUST01530,Savings,2021-07-24,BR0012,24022.23,Active
ACC000159,CUST01484,Current,2023-05-31,BR0028,3639.98,Inactive
ACC000160,CUST03919,Salary,2019-12-30,BR0043,8650.7,Active
ACC000161,CUST03287,Savings,2021-09-27,BR0049,111445.11,Active
ACC000162,CUST00552,Current,2024-04-23,BR0002,63794.96,Active
ACC000163,CUST01449,Current,2020-12-19,BR0046,20431.49,Blocked
ACC000164,CUST00757,Current,2025-04-29,BR0033,29488.28,Active
ACC000165,CUST02058,Salary,2021-12-23,BR0034,15473.88,Active
ACC000166,CUST00492,Savings,2019-11-15,BR0049,112184.49,Active
ACC000167,CUST04398,Savings,2023-11-09,BR0007,17319.3,Active
ACC000168,CUST04230,Current,2021-07-23,BR0031,29091.77,Active
ACC000169,CUST04578,Savings,2025-07-24,BR0013,87136.94,Active
ACC000170,CUST01417,Salary,2021-07-06,BR0039,8665.93,Active
ACC000171,CUST02936,Current,2021-09-26,BR0001,142992.44,Active
ACC000172,CUST02239,Current,2021-07-27,BR0009,3510.26,Blocked
ACC000173,CUST03347,Current,2023-05-25,BR0011,155681.97,Active
ACC000174,CUST03482,Savings,2025-02-27,BR0010,14083.92,Active
ACC000175,CUST01349,Savings,2026-07-21,BR0014,16461.2,Active
ACC000176,CUST01875,Salary,2021-06-26,BR0049,2280.13,Active
ACC000177,CUST02803,Savings,2020-11-19,BR0028,12762.24,Active
ACC000178,CUST04823,Salary,2019-10-03,BR0025,6324.79,Active
ACC000179,CUST04361,Savings,2022-03-05,BR0030,10623.51,Active
ACC000180,CUST01383,Current,2021-09-21,BR0017,18680.34,Inactive
ACC000181,CUST01433,Current,2019-10-29,BR0009,69518.62,Active
ACC000182,CUST04567,Salary,2024-11-09,BR0049,28257.78,Active
ACC000183,CUST02657,Current,2023-10-05,BR0024,31863.36,Active
ACC000184,CUST02199,Savings,2023-05-20,BR0003,5915.77,Active
ACC000185,CUST03517,Current,2023-03-05,BR0020,7654.85,Active
ACC000186,CUST02337,Salary,2024-05-19,BR0030,190702.52,Active
ACC000187,CUST01194,Savings,2024-05-03,BR0005,9115.75,Active
ACC000188,CUST01586,Savings,2024-06-24,BR0046,160724.97,Blocked
ACC000189,CUST02339,Salary,2021-04-14,BR0040,16454.04,Active
ACC000190,CUST04025,Salary,2023-02-27,BR0040,22087.02,Active
ACC000191,CUST00696,Current,2021-03-26,BR0029,79573.64,Active
ACC000192,CUST03262,Savings,2024-01-23,BR0016,101343.49,Active
ACC000193,CUST01363,Current,2024-08-03,BR0011,19283.88,Active
ACC000194,CUST04548,Salary,2023-01-18,BR0025,13823.27,Active
ACC000195,CUST00597,Current,2024-12-25,BR0023,20596.89,Active
ACC000196,CUST04448,Savings,2024-07-17,BR0005,33042.47,Active
ACC000197,CUST03171,Savings,2022-12-10,BR0003,64187.54,Active
ACC000198,CUST01593,Savings,2026-01-01,BR0025,22138.55,Active
ACC000199,CUST01881,Current,2021-11-15,BR0047,46289.18,Active
ACC000200,CUST01187,Current,2025-08-29,BR0040,157319.13,Active
ACC000201,CUST02712,Savings,2026-06-05,BR0020,34806.92,Active
ACC000202,CUST00851,Salary,2022-09-29,BR0005,32015.76,Active
ACC000203,CUST03247,Current,2026-06-26,BR0031,3559.26,Active
ACC000204,CUST04213,Savings,2026-06-20,BR0028,937.41,Active
ACC000205,CUST01412,Current,2021-11-21,BR0017,35103.32,Active
ACC000206,CUST02945,Current,2023-04-27,BR0017,19657.44,Active
ACC000207,CUST04356,Savings,2022-10-19,BR0035,11875.83,Active
ACC000208,CUST00541,Current,2022-10-01,BR0039,29502.68,Active
ACC000209,CUST03690,Salary,2021-08-24,BR0036,20486.38,Active
ACC000210,CUST02626,Savings,2022-05-16,BR0042,85249.4,Active
ACC000211,CUST01205,Salary,2024-03-30,BR0030,24424.28,Inactive
ACC000212,CUST04199,Salary,2022-09-08,BR0017,8988.42,Active
ACC000213,CUST03163,Salary,2020-04-21,BR0037,72272.54,Active
ACC000214,CUST04804,Salary,2025-07-18,BR0033,16974.08,Active
ACC000215,CUST04906,Savings,2020-10-16,BR0020,41433.46,Blocked
ACC000216,CUST02577,Current,2022-05-21,BR0038,12420.54,Active
ACC000217,CUST03927,Savings,2025-08-16,BR0018,10099.16,Active
ACC000218,CUST01127,Current,2021-10-01,BR0025,24367.41,Active
ACC000219,CUST00734,Salary,2026-06-01,BR0039,22368.17,Active
ACC000220,CUST03124,Salary,2024-03-24,BR0017,39174.94,Active
ACC000221,CUST01083,Savings,2024-07-28,BR0036,15956.56,Active
ACC000222,CUST04853,Current,2020-09-29,BR0011,2431.75,Active
ACC000223,CUST01952,Salary,2020-06-21,BR0007,13103.98,Active
ACC000224,CUST00924,Salary,2026-04-27,BR0043,57101.3,Active
ACC000225,CUST00247,Current,2023-12-19,BR0011,15415.81,Inactive
ACC000226,CUST04642,Savings,2025-09-03,BR0012,16388.58,Active
ACC000227,CUST04217,Savings,2023-09-12,BR0046,71944.61,Active
ACC000228,CUST01738,Savings,2024-03-15,BR0010,9373.41,Active
ACC000229,CUST00959,Savings,2022-04-25,BR0012,3458.66,Active
ACC000230,CUST00018,Savings,2020-07-16,BR0005,18164.83,Active
ACC000231,CUST03162,Current,2026-07-08,BR0028,12320.15,Active
ACC000232,CUST00372,Savings,2024-10-14,BR0033,6908.48,Active
ACC000233,CUST04890,Salary,2021-08-02,BR0036,17846.2,Active
ACC000234,CUST03940,Salary,2025-10-10,BR0025,39727.81,Active
ACC000235,CUST04488,Savings,2022-08-12,BR0019,21782.32,Active
ACC000236,CUST03144,Savings,2025-10-02,BR0019,31836.77,Active
ACC000237,CUST01928,Salary,2025-08-15,BR0019,194092.33,Active
ACC000238,CUST01999,Salary,2025-02-18,BR0006,14596.62,Active
ACC000239,CUST00389,Current,2024-05-12,BR0018,30761.47,Active
ACC000240,CUST04509,Salary,2026-08-19,BR0009,11955.47,Active
ACC000241,CUST02535,Current,2021-07-21,BR0038,7977.4,Active
ACC000242,CUST00801,Savings,2023-08-10,BR0001,10917.37,Active
ACC000243,CUST00139,Current,2021-12-09,BR0049,12400.47,Active
ACC000244,CUST01495,Savings,2024-07-14,BR0024,33906.8,Active
ACC000245,CUST02286,Current,2020-02-07,BR0048,369125.12,Active
ACC000246,CUST03585,Savings,2023-07-25,BR0022,9327.74,Active
ACC000247,CUST00378,Current,2024-11-29,BR0028,13360.39,Inactive
ACC000248,CUST03195,Current,2023-05-17,BR0018,20419.64,Active
ACC000249,CUST00107,Salary,2023-11-17,BR0026,35417.4,Active
ACC000250,CUST02451,Savings,2024-09-04,BR0046,30220.05,Active
ACC000251,CUST01842,Current,2023-05-12,BR0001,102838.49,Active
ACC000252,CUST04438,Current,2020-03-13,BR0007,1197.91,Active
ACC000253,CUST04846,Current,2021-02-08,BR0050,1256.0,Active
ACC000254,CUST00344,Salary,2019-11-02,BR0040,12148.32,Active
ACC000255,CUST04602,Savings,2024-05-30,BR0028,82187.64,Active
ACC000256,CUST01658,Current,2023-06-19,BR0036,3365.13,Active
ACC000257,CUST04377,Salary,2024-05-27,BR0037,596.36,Active
ACC000258,CUST03320,Savings,2025-03-07,BR0025,43713.63,Active
ACC000259,CUST00127,Salary,2020-02-20,BR0015,29507.17,Active
ACC000260,CUST04572,Salary,2022-08-09,BR0034,5953.59,Active
ACC000261,CUST04635,Savings,2023-09-14,BR0031,6750.37,Active
ACC000262,CUST03976,Salary,2025-08-28,BR0005,6879.54,Active
ACC000263,CUST03040,Salary,2020-11-27,BR0028,25150.73,Active
ACC000264,CUST03716,Savings,2020-03-11,BR0037,10388.16,Active
ACC000265,CUST03089,Savings,2025-06-13,BR0045,39849.96,Active
ACC000266,CUST01037,Savings,2022-08-31,BR0006,716.55,Active
ACC000267,CUST02937,Current,2020-03-16,BR0041,7877.59,Active
ACC000268,CUST04580,Savings,2025-10-06,BR0025,5702.93,Active
ACC000269,CUST00645,Salary,2021-12-30,BR0001,16193.92,Active
ACC000270,CUST04683,Current,2024-06-30,BR0009,11548.87,Inactive
ACC000271,CUST03777,Current,2021-10-16,BR0022,57377.79,Active
ACC000272,CUST00965,Current,2025-11-03,BR0032,2365.62,Active
ACC000273,CUST00740,Salary,2019-11-19,BR0048,23262.31,Active
ACC000274,CUST02432,Current,2025-09-20,BR0039,43045.1,Active
ACC000275,CUST00612,Savings,2024-09-25,BR0035,204429.19,Active
ACC000276,CUST04518,Savings,2023-10-28,BR0018,12355.8,Active
ACC000277,CUST04852,Current,2023-04-25,BR0009,32511.54,Active
ACC000278,CUST01451,Savings,2025-08-21,BR0010,2528.46,Active
ACC000279,CUST03912,Current,2026-02-24,BR0033,1248.44,Active
ACC000280,CUST03681,Savings,2020-10-13,BR0046,60701.84,Active
ACC000281,CUST02166,Salary,2023-01-08,BR0047,21879.99,Active
ACC000282,CUST01081,Savings,2021-06-24,BR0036,90600.52,Active
ACC000283,CUST02406,Current,2025-04-12,BR0032,4238.3,Active
ACC000284,CUST00372,Current,2023-06-30,BR0028,41104.9,Active
ACC000285,CUST01036,Savings,2022-04-14,BR0037,207436.68,Active
ACC000286,CUST03008,Current,2024-03-24,BR0001,36448.18,Active
ACC000287,CUST00148,Salary,2025-07-31,BR0004,30696.31,Active
ACC000288,CUST03272,Savings,2025-05-22,BR0046,22253.78,Active
ACC000289,CUST03359,Current,2022-03-29,BR0004,3344.06,Active
ACC000290,CUST01731,Savings,2022-06-17,BR0018,112048.55,Active
ACC000291,CUST03851,Savings,2021-08-17,BR0033,10582.65,Active
ACC000292,CUST04588,Salary,2024-06-30,BR0021,40351.34,Active
ACC000293,CUST02294,Savings,2026-06-10,BR0004,3375.7,Active
ACC000294,CUST04262,Salary,2023-12-21,BR0034,5348.91,Active
ACC000295,CUST02145,Salary,2023-02-10,BR0029,123266.61,Active
ACC000296,CUST01117,Current,2020-11-16,BR0005,14519.35,Active
ACC000297,CUST04443,Current,2026-03-02,BR0001,125986.57,Active
ACC000298,CUST00483,Current,2024-03-28,BR0036,20052.78,Active
ACC000299,CUST00484,Savings,2025-06-11,BR0008,2415.65,Active
ACC000300,CUST00009,Salary,2024-08-22,BR0012,64246.41,Active
ACC000301,CUST00895,Salary,2022-04-28,BR0006,10852.27,Active
ACC000302,CUST03502,Savings,2019-09-16,BR0048,50941.16,Active
ACC000303,CUST02972,Savings,2024-10-31,BR0029,22703.02,Active
ACC000304,CUST04666,Savings,2020-02-06,BR0013,3457.35,Active
ACC000305,CUST03788,Savings,2025-09-15,BR0028,26826.72,Active
ACC000306,CUST00121,Savings,2026-01-25,BR0031,307265.59,Active
ACC000307,CUST00710,Salary,2022-09-12,BR0037,39798.47,Active
ACC000308,CUST04603,Salary,2024-08-24,BR0021,20557.45,Active
ACC000309,CUST01860,Salary,2020-08-31,BR0010,80050.43,Active
ACC000310,CUST04276,Current,2026-03-28,BR0027,28361.91,Active
ACC000311,CUST04695,Savings,2020-04-02,BR0027,28323.33,Active
ACC000312,CUST04876,Current,2024-11-14,BR0018,5943.48,Inactive
ACC000313,CUST00947,Current,2020-03-10,BR0047,29161.88,Active
ACC000314,CUST04217,Savings,2024-02-26,BR0031,76307.93,Active
ACC000315,CUST02547,Salary,2023-03-03,BR0006,8076.59,Active
ACC000316,CUST00580,Savings,2025-11-11,BR0017,121709.82,Active
ACC000317,CUST01260,Current,2021-01-07,BR0050,19731.13,Active
ACC000318,CUST03304,Savings,2025-11-17,BR0044,7590.68,Active
ACC000319,CUST03837,Current,2021-04-21,BR0014,72922.94,Inactive
ACC000320,CUST02949,Current,2021-10-06,BR0017,15612.81,Active
ACC000321,CUST01983,Current,2024-10-06,BR0010,54798.49,Active
ACC000322,CUST00496,Current,2026-03-25,BR0018,15520.08,Inactive
ACC000323,CUST03567,Savings,2026-02-07,BR0048,20500.58,Active
ACC000324,CUST01588,Salary,2021-03-05,BR0036,39825.88,Active
ACC000325,CUST02060,Current,2021-03-11,BR0035,31228.19,Active
ACC000326,CUST04483,Current,2019-11-25,BR0012,2008.94,Active
ACC000327,CUST01867,Current,2025-03-04,BR0041,5735.94,Inactive
ACC000328,CUST02441,Current,2023-11-10,BR0009,67190.82,Active
ACC000329,CUST02711,Current,2025-11-05,BR0004,18796.69,Active
ACC000330,CUST03640,Current,2020-08-31,BR0046,11748.99,Active
ACC000331,CUST02950,Current,2022-06-21,BR0040,4314.39,Active
ACC000332,CUST00656,Current,2020-05-28,BR0026,6028.88,Active
ACC000333,CUST04625,Savings,2020-06-13,BR0047,1946.6,Active
ACC000334,CUST04867,Savings,2023-01-30,BR0035,19505.72,Active
ACC000335,CUST02659,Savings,2024-07-13,BR0003,10741.55,Active
ACC000336,CUST02536,Salary,2025-08-11,BR0002,6905.65,Active
ACC000337,CUST04916,Savings,2025-06-24,BR0015,20297.48,Active
ACC000338,CUST00683,Savings,2022-12-11,BR0030,34090.18,Active
ACC000339,CUST03178,Savings,2026-06-30,BR0039,271532.61,Blocked
ACC000340,CUST00157,Savings,2023-02-12,BR0022,3589.4,Active
ACC000341,CUST03647,Salary,2022-11-22,BR0025,88544.21,Active
ACC000342,CUST01452,Savings,2025-07-28,BR0041,70807.62,Active
ACC000343,CUST03039,Savings,2023-09-07,BR0021,8648.05,Active
ACC000344,CUST02196,Salary,2020-10-29,BR0006,28110.07,Active
ACC000345,CUST00006,Savings,2022-07-27,BR0043,12718.85,Active
ACC000346,CUST03586,Current,2021-03-16,BR0037,27524.35,Active
ACC000347,CUST00488,Savings,2020-06-18,BR0011,134720.46,Active
ACC000348,CUST00416,Savings,2022-04-18,BR0021,45557.36,Active
ACC000349,CUST01758,Salary,2022-09-02,BR0012,40551.58,Active
ACC000350,CUST02843,Salary,2021-02-27,BR0044,13142.79,Active
ACC000351,CUST02127,Current,2025-08-31,BR0041,3711.28,Active
ACC000352,CUST02784,Savings,2023-04-24,BR0029,17151.45,Active
ACC000353,CUST04034,Savings,2021-10-16,BR0049,93707.15,Active
ACC000354,CUST01567,Savings,2023-11-25,BR0030,3524.16,Active
ACC000355,CUST00406,Current,2020-06-02,BR0046,6209.85,Active
ACC000356,CUST03000,Salary,2021-03-21,BR0002,25630.06,Active
ACC000357,CUST00539,Savings,2021-11-12,BR0001,6757.54,Blocked
ACC000358,CUST02359,Salary,2023-01-24,BR0040,8509.78,Active
ACC000359,CUST02491,Salary,2021-05-10,BR0001,13249.06,Active
ACC000360,CUST04743,Savings,2021-07-30,BR0001,4278.08,Active
ACC000361,CUST01033,Savings,2022-08-21,BR0014,6843.49,Active
ACC000362,CUST04150,Salary,2025-02-25,BR0045,51231.69,Inactive
ACC000363,CUST02329,Savings,2025-01-12,BR0005,4587.8,Active
ACC000364,CUST00769,Savings,2020-05-05,BR0042,3237.49,Active
ACC000365,CUST01428,Salary,2022-07-16,BR0023,10342.02,Active
ACC000366,CUST01996,Current,2023-06-29,BR0044,53015.87,Active
ACC000367,CUST01201,Savings,2026-01-16,BR0024,17390.75,Active
ACC000368,CUST00273,Savings,2020-06-13,BR0027,12613.24,Inactive
ACC000369,CUST04665,Salary,2024-02-08,BR0001,23230.71,Active
ACC000370,CUST03259,Salary,2021-11-03,BR0028,2711.21,Inactive
ACC000371,CUST04486,Savings,2019-10-28,BR0005,39880.66,Active
ACC000372,CUST03599,Current,2024-10-21,BR0017,34895.81,Active
ACC000373,CUST01980,Current,2020-03-02,BR0033,13478.21,Active
ACC000374,CUST01027,Salary,2024-05-21,BR0014,73652.21,Active
ACC000375,CUST04672,Current,2020-02-25,BR0020,5693.07,Active
ACC000376,CUST03072,Savings,2025-06-16,BR0002,85262.57,Active
ACC000377,CUST04021,Current,2022-10-28,BR0025,26513.05,Active
ACC000378,CUST01288,Current,2020-06-17,BR0021,14707.85,Active
ACC000379,CUST01317,Salary,2021-01-30,BR0023,21507.38,Active
ACC000380,CUST00598,Current,2019-08-31,BR0014,19366.16,Blocked
ACC000381,CUST02565,Current,2024-02-24,BR0009,95257.54,Active
ACC000382,CUST01505,Current,2019-10-04,BR0007,6051.04,Active
ACC000383,CUST02088,Savings,2019-09-09,BR0038,8821.76,Active
ACC000384,CUST01531,Salary,2022-06-06,BR0037,76386.67,Active
ACC000385,CUST01225,Savings,2022-12-03,BR0015,10779.03,Active
ACC000386,CUST00781,Savings,2022-04-03,BR0001,64902.39,Active
ACC000387,CUST00262,Salary,2019-11-19,BR0003,169282.33,Active
ACC000388,CUST03456,Salary,2026-06-15,BR0003,13600.28,Active
ACC000389,CUST00047,Salary,2024-06-24,BR0049,49892.94,Inactive
ACC000390,CUST04553,Current,2024-06-10,BR0033,5516.89,Active
ACC000391,CUST00115,Savings,2022-11-02,BR0008,54484.96,Active
ACC000392,CUST03217,Current,2020-03-28,BR0015,27981.78,Active
ACC000393,CUST00054,Current,2021-02-11,BR0044,38857.09,Active
ACC000394,CUST03740,Current,2021-04-02,BR0049,10150.86,Active
ACC000395,CUST04609,Salary,2025-01-23,BR0035,3001.0,Active
ACC000396,CUST04634,Savings,2024-12-05,BR0006,40291.77,Active
ACC000397,CUST04863,Current,2023-11-20,BR0020,1851.81,Active
ACC000398,CUST00381,Savings,2021-03-12,BR0016,15050.69,Active
ACC000399,CUST01468,Savings,2024-03-14,BR0045,68146.72,Active
ACC000400,CUST03032,Current,2021-07-04,BR0034,27730.2,Active
ACC000401,CUST02096,Current,2022-08-02,BR0030,228207.64,Active
ACC000402,CUST04882,Savings,2020-06-22,BR0001,75367.47,Active
ACC000403,CUST00939,Savings,2025-06-17,BR0023,10049.94,Active
ACC000404,CUST01849,Salary,2020-12-18,BR0049,22760.37,Active
ACC000405,CUST01483,Savings,2024-10-01,BR0028,20809.3,Active
ACC000406,CUST01379,Savings,2022-10-31,BR0042,3299.04,Active
ACC000407,CUST01401,Savings,2024-07-13,BR0023,7126.11,Active
ACC000408,CUST04297,Savings,2021-02-25,BR0034,11238.35,Active
ACC000409,CUST04005,Salary,2023-05-26,BR0001,1913.21,Active
ACC000410,CUST04633,Savings,2025-08-28,BR0028,23318.26,Active
ACC000411,CUST00919,Salary,2026-03-20,BR0028,16335.79,Active
ACC000412,CUST03043,Current,2021-02-27,BR0036,2958.77,Active
ACC000413,CUST04822,Current,2023-12-19,BR0037,35776.82,Active
ACC000414,CUST03854,Savings,2020-11-30,BR0046,52002.51,Active
ACC000415,CUST03128,Salary,2026-07-30,BR0034,28924.42,Active
ACC000416,CUST00413,Current,2026-08-13,BR0016,14929.86,Active
ACC000417,CUST04947,Savings,2023-06-08,BR0005,44789.57,Active
ACC000418,CUST03076,Salary,2019-11-28,BR0010,49824.62,Active
ACC000419,CUST04767,Current,2024-12-09,BR0012,31852.92,Active
ACC000420,CUST02262,Current,2019-12-24,BR0020,8188.33,Active
ACC000421,CUST00787,Salary,2024-03-22,BR0009,30697.02,Active
ACC000422,CUST03906,Savings,2026-05-26,BR0001,92464.2,Active
ACC000423,CUST04516,Savings,2020-09-02,BR0040,10764.89,Active
ACC000424,CUST01045,Salary,2026-07-07,BR0015,273081.95,Active
ACC000425,CUST01274,Savings,2022-04-20,BR0017,11722.24,Active
ACC000426,CUST02284,Current,2022-02-16,BR0018,22899.91,Active
ACC000427,CUST01079,Salary,2020-07-25,BR0034,9828.26,Active
ACC000428,CUST00541,Current,2022-08-14,BR0024,28794.08,Active
ACC000429,CUST01608,Salary,2025-06-17,BR0001,2722.58,Active
ACC000430,CUST00107,Savings,2021-03-08,BR0003,11438.61,Active
ACC000431,CUST00416,Current,2024-09-01,BR0046,5939.94,Active
ACC000432,CUST01795,Savings,2024-01-22,BR0009,25910.56,Active
ACC000433,CUST04080,Current,2021-01-27,BR0009,72644.78,Active
ACC000434,CUST00846,Savings,2020-06-30,BR0024,47820.39,Active
ACC000435,CUST00340,Savings,2023-11-19,BR0033,1279.22,Active
ACC000436,CUST02749,Savings,2021-04-17,BR0027,255373.79,Active
ACC000437,CUST01615,Savings,2024-10-13,BR0044,31392.87,Blocked
ACC000438,CUST00471,Current,2020-12-20,BR0046,8675.0,Active
ACC000439,CUST01891,Current,2024-11-12,BR0030,26596.99,Active
ACC000440,CUST03260,Salary,2022-07-09,BR0007,27212.39,Active
ACC000441,CUST01838,Savings,2023-07-08,BR0050,9894.97,Active
ACC000442,CUST00188,Salary,2025-04-01,BR0011,27931.21,Blocked
ACC000443,CUST00735,Current,2024-04-23,BR0044,10625.73,Active
ACC000444,CUST00607,Current,2022-12-16,BR0020,13558.45,Active
ACC000445,CUST04982,Savings,2026-04-26,BR0011,9666.92,Active
ACC000446,CUST04350,Savings,2023-06-17,BR0008,3947.33,Inactive
ACC000447,CUST00239,Current,2020-08-21,BR0016,26239.04,Active
ACC000448,CUST04434,Current,2025-05-03,BR0005,44460.63,Active
ACC000449,CUST03211,Savings,2024-05-13,BR0010,40858.1,Active
ACC000450,CUST01664,Savings,2020-03-16,BR0027,58918.49,Active
ACC000451,CUST04105,Savings,2022-07-12,BR0024,32506.92,Active
ACC000452,CUST03020,Current,2021-09-28,BR0026,11622.86,Active
ACC000453,CUST00333,Current,2022-10-05,BR0015,60330.72,Active
ACC000454,CUST01254,Savings,2020-11-07,BR0037,4319.86,Active
ACC000455,CUST03226,Current,2021-09-07,BR0024,7474.07,Active
ACC000456,CUST04762,Current,2026-08-09,BR0050,6925.46,Active
ACC000457,CUST02087,Current,2023-10-28,BR0042,80504.41,Active
ACC000458,CUST03535,Current,2021-04-02,BR0013,68278.23,Active
ACC000459,CUST04954,Savings,2026-05-28,BR0046,39528.07,Active
ACC000460,CUST03415,Current,2023-02-02,BR0001,79723.19,Active
ACC000461,CUST04953,Current,2020-01-02,BR0011,7668.38,Active
ACC000462,CUST01061,Savings,2022-09-12,BR0025,33466.97,Active
ACC000463,CUST00963,Savings,2020-02-24,BR0019,18954.39,Inactive
ACC000464,CUST02095,Savings,2023-09-26,BR0027,60855.56,Active
ACC000465,CUST02815,Salary,2026-07-19,BR0036,19182.06,Active
ACC000466,CUST02184,Salary,2025-04-05,BR0010,13878.12,Active
ACC000467,CUST04217,Salary,2025-09-01,BR0041,42154.23,Active
ACC000468,CUST00322,Salary,2026-01-25,BR0048,63032.33,Active
ACC000469,CUST04868,Salary,2024-09-04,BR0040,9877.21,Active
ACC000470,CUST03339,Savings,2020-06-27,BR0041,20469.87,Active
ACC000471,CUST02549,Salary,2024-01-27,BR0006,6184.93,Active
ACC000472,CUST04677,Salary,2020-06-03,BR0025,1099.19,Active
ACC000473,CUST01647,Salary,2025-04-17,BR0022,28016.57,Active
ACC000474,CUST01098,Salary,2025-03-21,BR0019,45738.08,Inactive
ACC000475,CUST01530,Current,2022-05-17,BR0043,30166.28,Active
ACC000476,CUST04356,Savings,2024-02-19,BR0015,2122.87,Active
ACC000477,CUST01658,Savings,2024-06-09,BR0045,14457.67,Active
ACC000478,CUST00645,Salary,2024-07-16,BR0024,1537.61,Active
ACC000479,CUST04334,Current,2025-08-15,BR0026,113964.39,Active
ACC000480,CUST02188,Current,2024-03-04,BR0030,5983.34,Active
ACC000481,CUST03199,Salary,2024-02-01,BR0037,99357.96,Active
ACC000482,CUST04091,Current,2023-01-01,BR0030,68531.14,Active
ACC000483,CUST02198,Salary,2026-02-01,BR0050,7474.79,Inactive
ACC000484,CUST02749,Savings,2024-04-18,BR0024,5657.05,Inactive
ACC000485,CUST03577,Current,2025-02-13,BR0037,33538.33,Active
ACC000486,CUST02219,Current,2021-05-11,BR0025,7996.92,Active
ACC000487,CUST04872,Salary,2022-01-19,BR0025,24908.93,Inactive
ACC000488,CUST00521,Current,2022-05-17,BR0014,12340.07,Active
ACC000489,CUST01037,Savings,2020-10-19,BR0012,2598.29,Active
ACC000490,CUST03031,Savings,2023-06-17,BR0035,1515.41,Active
ACC000491,CUST00065,Salary,2026-02-22,BR0022,28912.26,Active
ACC000492,CUST02510,Salary,2021-05-02,BR0006,11227.6,Active
ACC000493,CUST01519,Current,2022-02-21,BR0039,11342.28,Active
ACC000494,CUST03041,Salary,2024-12-22,BR0025,50768.77,Active
ACC000495,CUST03660,Savings,2023-04-11,BR0008,90050.93,Active
ACC000496,CUST01963,Savings,2023-02-01,BR0030,15882.07,Active
ACC000497,CUST02263,Savings,2023-05-08,BR0016,14636.62,Active
ACC000498,CUST04822,Savings,2022-11-09,BR0018,40141.73,Active
ACC000499,CUST01004,Current,2020-05-07,BR0004,4322.88,Blocked
ACC000500,CUST02170,Salary,2023-10-27,BR0035,28790.01,Active
ACC000501,CUST02031,Savings,2019-11-08,BR0027,42713.19,Active
ACC000502,CUST02466,Current,2023-10-30,BR0020,49825.2,Active
ACC000503,CUST00458,Current,2020-07-15,BR0037,2155.76,Active
ACC000504,CUST03752,Savings,2022-05-20,BR0007,8834.09,Inactive
ACC000505,CUST00149,Savings,2024-06-03,BR0035,7677.77,Active
ACC000506,CUST01000,Current,2023-10-08,BR0034,24831.4,Active
ACC000507,CUST01369,Savings,2024-11-01,BR0008,39218.09,Active
ACC000508,CUST04498,Current,2022-12-15,BR0006,132727.37,Active
ACC000509,CUST04563,Current,2022-04-02,BR0021,12161.63,Active
ACC000510,CUST02972,Salary,2023-11-19,BR0018,12123.65,Active
ACC000511,CUST01444,Current,2026-05-04,BR0033,87518.58,Active
ACC000512,CUST02128,Current,2026-03-16,BR0044,31441.76,Active
ACC000513,CUST04081,Savings,2022-02-03,BR0008,100829.05,Active
ACC000514,CUST01341,Salary,2026-03-16,BR0044,31147.01,Active
ACC000515,CUST04334,Current,2025-06-20,BR0022,5494.26,Active
ACC000516,CUST01210,Savings,2025-08-05,BR0029,4448.16,Active
ACC000517,CUST01082,Salary,2020-02-13,BR0028,3422.7,Active
ACC000518,CUST02654,Current,2024-02-20,BR0013,48750.08,Active
ACC000519,CUST00028,Savings,2020-01-02,BR0018,91703.53,Active
ACC000520,CUST00383,Salary,2021-04-01,BR0045,202649.78,Active
ACC000521,CUST01250,Current,2020-05-29,BR0035,60580.38,Active
ACC000522,CUST03011,Current,2022-04-06,BR0042,88912.35,Active
ACC000523,CUST00374,Savings,2024-08-24,BR0002,10981.64,Active
ACC000524,CUST03964,Salary,2026-01-04,BR0012,5498.89,Active
ACC000525,CUST00539,Current,2024-07-04,BR0012,61089.49,Active
ACC000526,CUST01597,Savings,2024-04-07,BR0028,36359.72,Active
ACC000527,CUST02467,Savings,2021-02-14,BR0037,25057.62,Active
ACC000528,CUST01012,Savings,2025-02-06,BR0049,35061.04,Active
ACC000529,CUST00712,Current,2022-04-26,BR0011,32461.91,Active
ACC000530,CUST01626,Savings,2025-12-08,BR0013,102804.07,Active
ACC000531,CUST02834,Current,2020-01-21,BR0046,104191.17,Active
ACC000532,CUST03202,Savings,2024-03-11,BR0047,42322.09,Active
ACC000533,CUST01528,Salary,2019-11-20,BR0047,60776.8,Active
ACC000534,CUST03971,Savings,2020-01-19,BR0023,40817.86,Active
ACC000535,CUST03060,Salary,2022-03-24,BR0023,12664.98,Active
ACC000536,CUST01747,Savings,2022-12-03,BR0010,54604.83,Active
ACC000537,CUST03627,Savings,2021-04-01,BR0045,4132.37,Active
ACC000538,CUST04278,Salary,2022-08-22,BR0039,78016.05,Active
ACC000539,CUST02354,Current,2024-03-22,BR0031,5253.09,Active
ACC000540,CUST01820,Current,2020-02-04,BR0015,31037.89,Active
ACC000541,CUST03468,Current,2025-06-20,BR0006,7988.96,Active
ACC000542,CUST00285,Current,2023-05-04,BR0026,42790.3,Active
ACC000543,CUST00402,Salary,2025-12-06,BR0030,21147.77,Active
ACC000544,CUST01536,Current,2023-12-22,BR0039,3249.62,Active
ACC000545,CUST00990,Salary,2024-02-08,BR0011,36491.68,Active
ACC000546,CUST01638,Current,2021-03-01,BR0003,11009.29,Active
ACC000547,CUST04026,Savings,2023-12-23,BR0010,63409.95,Active
ACC000548,CUST02902,Salary,2022-10-21,BR0036,22061.53,Active
ACC000549,CUST04574,Salary,2025-06-11,BR0036,35401.35,Active
ACC000550,CUST01499,Salary,2025-08-06,BR0006,6980.79,Inactive
ACC000551,CUST04039,Salary,2020-01-11,BR0041,10859.56,Active
ACC000552,CUST02148,Salary,2021-06-22,BR0017,12703.51,Active
ACC000553,CUST03920,Savings,2020-06-27,BR0021,61576.96,Active
ACC000554,CUST02152,Savings,2023-07-16,BR0010,164860.1,Active
ACC000555,CUST01776,Salary,2021-03-24,BR0010,8381.6,Active
ACC000556,CUST01323,Salary,2021-07-14,BR0033,80195.11,Active
ACC000557,CUST00870,Salary,2025-09-16,BR0019,1630.08,Active
ACC000558,CUST01262,Current,2022-05-17,BR0036,5255.2,Blocked
ACC000559,CUST04638,Savings,2020-04-08,BR0046,6970.66,Active
ACC000560,CUST01509,Savings,2025-09-21,BR0047,4345.91,Inactive
ACC000561,CUST03318,Savings,2021-05-19,BR0025,3293.46,Active
ACC000562,CUST02766,Savings,2023-11-11,BR0024,36156.02,Active
ACC000563,CUST03192,Savings,2021-05-29,BR0041,17036.59,Active
ACC000564,CUST03923,Savings,2024-07-04,BR0005,34727.48,Active
ACC000565,CUST00940,Salary,2025-02-04,BR0004,50441.38,Active
ACC000566,CUST04029,Current,2024-11-11,BR0007,30295.07,Active
ACC000567,CUST00052,Current,2019-10-13,BR0043,48499.84,Active
ACC000568,CUST04579,Current,2020-01-13,BR0050,20263.19,Active
ACC000569,CUST04602,Current,2022-11-23,BR0010,5300.77,Active
ACC000570,CUST00588,Savings,2021-05-27,BR0050,78384.15,Active
ACC000571,CUST03288,Salary,2025-07-06,BR0004,10862.43,Active
ACC000572,CUST02350,Salary,2020-08-21,BR0026,7167.3,Active
ACC000573,CUST03880,Salary,2022-02-13,BR0024,17791.9,Active
ACC000574,CUST02571,Salary,2019-09-09,BR0018,7365.98,Active
ACC000575,CUST00369,Current,2021-09-10,BR0021,13347.49,Active
ACC000576,CUST00596,Savings,2025-04-05,BR0041,33285.09,Active
ACC000577,CUST03018,Savings,2026-07-27,BR0028,33456.79,Inactive
ACC000578,CUST02193,Savings,2022-06-18,BR0005,7499.59,Active
ACC000579,CUST02804,Current,2021-02-26,BR0028,12268.05,Active
ACC000580,CUST04666,Salary,2022-12-19,BR0006,79953.43,Active
ACC000581,CUST03080,Salary,2021-08-04,BR0014,39961.83,Active
ACC000582,CUST03694,Salary,2022-10-24,BR0032,265688.02,Active
ACC000583,CUST01515,Savings,2023-01-25,BR0031,90776.33,Active
ACC000584,CUST01124,Savings,2020-01-12,BR0017,86955.49,Active
ACC000585,CUST01297,Salary,2020-12-22,BR0001,4165.36,Active
ACC000586,CUST04065,Savings,2020-11-08,BR0009,55084.98,Active
ACC000587,CUST00736,Savings,2024-09-28,BR0020,20666.55,Active
ACC000588,CUST01654,Salary,2021-09-28,BR0016,11371.0,Active
ACC000589,CUST03523,Salary,2024-12-08,BR0026,26946.76,Active
ACC000590,CUST04642,Salary,2025-05-03,BR0030,68477.04,Active
ACC000591,CUST04640,Salary,2021-11-05,BR0031,40174.91,Active
ACC000592,CUST01352,Current,2023-03-31,BR0032,7675.83,Active
ACC000593,CUST01896,Savings,2025-06-08,BR0039,53688.32,Blocked
ACC000594,CUST01519,Savings,2024-07-02,BR0029,10248.59,Active
ACC000595,CUST00232,Current,2025-09-09,BR0022,28567.35,Active
ACC000596,CUST04346,Salary,2024-12-22,BR0040,15305.69,Active
ACC000597,CUST04463,Current,2022-04-14,BR0023,16938.77,Active
ACC000598,CUST01704,Salary,2021-05-23,BR0044,55242.7,Active
ACC000599,CUST02530,Savings,2025-03-16,BR0008,6321.85,Active
ACC000600,CUST03132,Current,2025-11-30,BR0020,227347.3,Active
ACC000601,CUST04199,Salary,2021-12-19,BR0047,2476.74,Active
ACC000602,CUST02744,Savings,2023-02-17,BR0015,10751.48,Active
ACC000603,CUST00375,Savings,2025-07-09,BR0008,34346.46,Active
ACC000604,CUST02884,Savings,2019-09-26,BR0050,44408.09,Active
ACC000605,CUST03098,Current,2023-03-10,BR0019,19524.57,Active
ACC000606,CUST03737,Current,2023-03-03,BR0031,20560.58,Active
ACC000607,CUST00410,Savings,2022-11-09,BR0009,36049.93,Active
ACC000608,CUST04598,Current,2022-01-05,BR0026,16692.53,Active
ACC000609,CUST04463,Salary,2021-04-05,BR0049,117221.14,Active
ACC000610,CUST03285,Current,2026-08-06,BR0037,60307.93,Active
ACC000611,CUST03688,Current,2026-04-11,BR0006,62779.84,Active
ACC000612,CUST01650,Current,2023-10-20,BR0023,6909.22,Active
ACC000613,CUST00277,Current,2021-10-21,BR0022,20024.94,Active
ACC000614,CUST03332,Savings,2024-10-02,BR0023,15358.75,Active
ACC000615,CUST01808,Current,2019-09-27,BR0013,6589.8,Active
ACC000616,CUST03164,Current,2024-12-23,BR0037,33934.82,Active
ACC000617,CUST01528,Current,2025-07-16,BR0029,11554.44,Active
ACC000618,CUST04633,Salary,2023-01-05,BR0023,48362.72,Active
ACC000619,CUST03115,Savings,2020-01-02,BR0021,6098.33,Active
ACC000620,CUST03039,Salary,2025-07-27,BR0030,173312.0,Active
ACC000621,CUST01469,Current,2026-03-05,BR0023,7513.08,Active
ACC000622,CUST04334,Savings,2023-06-21,BR0030,28657.28,Active
ACC000623,CUST01691,Current,2020-09-29,BR0020,56967.21,Active
ACC000624,CUST00642,Current,2025-04-15,BR0040,11105.9,Active
ACC000625,CUST04297,Salary,2025-07-07,BR0036,61264.9,Active
ACC000626,CUST02748,Salary,2021-07-18,BR0026,5039.08,Active
ACC000627,CUST02308,Current,2020-04-01,BR0043,125811.65,Active
ACC000628,CUST02446,Current,2025-01-26,BR0049,22403.65,Active
ACC000629,CUST02394,Salary,2020-08-15,BR0015,10767.7,Active
ACC000630,CUST02109,Savings,2020-08-18,BR0020,15382.44,Active
ACC000631,CUST03241,Salary,2020-12-31,BR0039,58145.46,Active
ACC000632,CUST04977,Savings,2026-05-19,BR0046,10923.3,Inactive
ACC000633,CUST02118,Current,2023-10-21,BR0038,8962.2,Active
ACC000634,CUST01855,Salary,2020-03-19,BR0018,16884.58,Active
ACC000635,CUST02162,Savings,2021-03-17,BR0034,5364.97,Active
ACC000636,CUST04599,Savings,2024-03-20,BR0010,195761.56,Active
ACC000637,CUST04861,Current,2022-06-08,BR0033,11162.63,Active
ACC000638,CUST04960,Salary,2021-01-26,BR0031,59750.94,Active
ACC000639,CUST01791,Salary,2025-12-11,BR0043,28321.15,Active
ACC000640,CUST04280,Salary,2021-10-30,BR0018,6758.52,Active
ACC000641,CUST01292,Savings,2025-06-10,BR0001,21869.63,Blocked
ACC000642,CUST04678,Current,2025-09-24,BR0009,56432.66,Active
ACC000643,CUST01420,Savings,2025-07-24,BR0031,17572.43,Active
ACC000644,CUST03924,Current,2023-01-14,BR0020,92201.86,Active
ACC000645,CUST04249,Current,2022-01-26,BR0013,75043.14,Active
ACC000646,CUST03382,Current,2024-03-18,BR0022,66349.92,Active
ACC000647,CUST04798,Savings,2022-01-31,BR0050,12688.0,Active
ACC000648,CUST02003,Savings,2022-01-26,BR0003,6028.11,Active
ACC000649,CUST04643,Current,2024-07-01,BR0020,10548.04,Active
ACC000650,CUST00526,Savings,2021-11-15,BR0047,27875.1,Active
ACC000651,CUST04642,Savings,2020-07-28,BR0002,42401.71,Active
ACC000652,CUST02915,Savings,2026-02-14,BR0009,1626.38,Active
ACC000653,CUST01672,Salary,2020-08-30,BR0030,21813.06,Active
ACC000654,CUST03224,Current,2023-01-03,BR0034,26627.69,Active
ACC000655,CUST03209,Savings,2026-08-25,BR0022,15787.08,Active
ACC000656,CUST03862,Savings,2021-05-14,BR0036,103728.13,Active
ACC000657,CUST00647,Salary,2020-05-20,BR0040,36539.02,Active
ACC000658,CUST00564,Current,2024-05-14,BR0046,106109.86,Active
ACC000659,CUST02445,Savings,2023-11-20,BR0017,16997.94,Active
ACC000660,CUST03249,Current,2021-05-10,BR0015,67844.46,Active
ACC000661,CUST01826,Salary,2020-09-23,BR0036,156698.63,Active
ACC000662,CUST01677,Current,2024-01-22,BR0012,106301.23,Active
ACC000663,CUST03338,Savings,2019-12-14,BR0043,5939.8,Active
ACC000664,CUST00275,Savings,2023-08-21,BR0013,16245.78,Active
ACC000665,CUST02399,Savings,2023-09-21,BR0017,14556.64,Active
ACC000666,CUST00883,Savings,2020-07-30,BR0020,39620.64,Active
ACC000667,CUST03693,Salary,2020-08-06,BR0038,50192.67,Active
ACC000668,CUST03247,Salary,2021-08-05,BR0002,8049.21,Active
ACC000669,CUST02571,Salary,2019-12-22,BR0046,23894.56,Active
ACC000670,CUST04662,Current,2022-12-13,BR0025,1950.98,Active
ACC000671,CUST00411,Savings,2021-03-21,BR0042,124285.18,Active
ACC000672,CUST03992,Current,2020-05-11,BR0019,11910.21,Active
ACC000673,CUST02159,Savings,2026-02-19,BR0003,23553.67,Active
ACC000674,CUST02610,Savings,2025-07-19,BR0010,15190.42,Active
ACC000675,CUST03004,Savings,2026-07-05,BR0011,87136.67,Active
ACC000676,CUST04581,Salary,2020-03-22,BR0018,731.42,Active
ACC000677,CUST02772,Savings,2021-09-15,BR0029,21591.77,Active
ACC000678,CUST01307,Savings,2023-05-11,BR0013,19399.79,Active
ACC000679,CUST01256,Salary,2024-11-18,BR0015,12779.99,Active
ACC000680,CUST00134,Savings,2022-10-21,BR0022,174812.96,Active
ACC000681,CUST00884,Savings,2023-05-18,BR0014,7594.69,Active
ACC000682,CUST01882,Savings,2025-12-05,BR0015,55612.06,Active
ACC000683,CUST03345,Current,2020-11-11,BR0029,33775.92,Active
ACC000684,CUST01007,Salary,2023-05-30,BR0028,100089.8,Active
ACC000685,CUST02992,Savings,2024-09-22,BR0029,9890.93,Active
ACC000686,CUST01164,Current,2026-03-11,BR0040,9140.2,Active
ACC000687,CUST02583,Savings,2019-12-31,BR0048,82066.39,Active
ACC000688,CUST02278,Salary,2025-04-15,BR0024,36694.63,Active
ACC000689,CUST00641,Savings,2023-12-07,BR0015,3449.81,Active
ACC000690,CUST04556,Current,2026-03-04,BR0032,11531.46,Active
ACC000691,CUST00238,Savings,2021-04-04,BR0018,35019.46,Active
ACC000692,CUST01080,Savings,2026-03-09,BR0009,60193.34,Active
ACC000693,CUST03756,Savings,2021-06-09,BR0038,9749.03,Active
ACC000694,CUST00135,Savings,2025-10-25,BR0030,667.07,Active
ACC000695,CUST01339,Salary,2022-05-09,BR0009,41269.04,Active
ACC000696,CUST03059,Savings,2020-01-08,BR0029,5092.96,Active
ACC000697,CUST03389,Current,2024-06-27,BR0043,1957.05,Active
ACC000698,CUST03790,Salary,2019-10-09,BR0050,735.98,Inactive
ACC000699,CUST03902,Salary,2020-12-12,BR0041,58499.71,Active
ACC000700,CUST02631,Current,2022-07-21,BR0027,25702.43,Active
ACC000701,CUST04922,Savings,2021-10-13,BR0017,16801.31,Active
ACC000702,CUST02948,Salary,2021-02-21,BR0035,116637.86,Active
ACC000703,CUST03611,Savings,2022-08-17,BR0044,47324.79,Active
ACC000704,CUST01216,Current,2023-07-31,BR0033,153209.27,Active
ACC000705,CUST00526,Savings,2021-05-10,BR0010,4141.1,Active
ACC000706,CUST00329,Salary,2025-02-16,BR0045,21131.9,Active
ACC000707,CUST03230,Salary,2020-02-17,BR0019,3165.11,Active
ACC000708,CUST04155,Salary,2022-12-23,BR0048,16726.36,Active
ACC000709,CUST02027,Current,2022-11-18,BR0016,16344.73,Active
ACC000710,CUST03698,Salary,2020-12-13,BR0050,46720.41,Inactive
ACC000711,CUST01527,Savings,2022-02-17,BR0009,23264.33,Active
ACC000712,CUST00387,Savings,2023-12-13,BR0034,46540.98,Active
ACC000713,CUST04207,Savings,2020-03-10,BR0016,51232.44,Active
ACC000714,CUST04529,Current,2021-07-25,BR0048,292410.65,Active
ACC000715,CUST00606,Current,2021-03-19,BR0004,15087.83,Active
ACC000716,CUST03971,Current,2024-12-25,BR0045,7120.78,Active
ACC000717,CUST01848,Salary,2021-04-20,BR0010,29593.21,Active
ACC000718,CUST04815,Salary,2022-07-04,BR0040,8410.73,Active
ACC000719,CUST02908,Savings,2025-03-31,BR0039,130398.83,Active
ACC000720,CUST00897,Current,2025-10-13,BR0007,15679.95,Active
ACC000721,CUST01165,Current,2023-05-20,BR0025,11173.59,Active
ACC000722,CUST02047,Savings,2019-11-12,BR0036,12511.72,Active
ACC000723,CUST01340,Savings,2023-05-25,BR0024,52161.55,Active
ACC000724,CUST01226,Savings,2020-03-28,BR0008,18227.81,Active
ACC000725,CUST03088,Salary,2021-09-27,BR0021,10198.54,Active
ACC000726,CUST02136,Salary,2024-10-07,BR0042,162498.22,Active
ACC000727,CUST01576,Savings,2024-02-23,BR0048,7884.04,Active
ACC000728,CUST04421,Savings,2022-02-05,BR0013,22986.89,Inactive
ACC000729,CUST02412,Current,2024-05-21,BR0029,48183.28,Active
ACC000730,CUST00152,Current,2021-01-07,BR0033,3110.06,Active
ACC000731,CUST04089,Salary,2020-11-13,BR0039,39195.32,Active
ACC000732,CUST02709,Savings,2024-04-20,BR0018,6209.72,Active
ACC000733,CUST01362,Savings,2022-05-08,BR0024,59120.87,Active
ACC000734,CUST03093,Salary,2020-02-18,BR0044,6938.35,Active
ACC000735,CUST02566,Savings,2020-08-06,BR0044,50580.57,Active
ACC000736,CUST02109,Salary,2025-06-22,BR0045,83033.52,Active
ACC000737,CUST03255,Current,2020-03-15,BR0041,61927.76,Active
ACC000738,CUST01311,Salary,2023-02-19,BR0048,29779.63,Active
ACC000739,CUST01911,Current,2024-01-21,BR0012,16687.89,Active
ACC000740,CUST04080,Current,2024-03-11,BR0021,11029.14,Active
ACC000741,CUST01311,Current,2019-10-19,BR0037,128700.29,Active
ACC000742,CUST03428,Savings,2024-11-28,BR0026,9514.82,Active
ACC000743,CUST00686,Savings,2025-10-11,BR0039,6345.62,Active
ACC000744,CUST03022,Salary,2021-02-03,BR0047,48944.52,Active
ACC000745,CUST01237,Salary,2025-10-22,BR0019,8472.97,Active
ACC000746,CUST02643,Current,2022-05-21,BR0014,7043.95,Active
ACC000747,CUST04845,Current,2022-10-19,BR0021,3895.88,Active
ACC000748,CUST04765,Current,2019-12-23,BR0015,12338.85,Active
ACC000749,CUST03796,Salary,2020-11-13,BR0047,19945.16,Active
ACC000750,CUST03348,Savings,2020-07-13,BR0040,29487.16,Active
ACC000751,CUST01474,Savings,2025-06-21,BR0028,68979.7,Active
ACC000752,CUST02747,Salary,2021-08-20,BR0017,41451.42,Active
ACC000753,CUST00222,Salary,2019-09-13,BR0043,17517.46,Active
ACC000754,CUST00796,Savings,2022-11-22,BR0014,17364.19,Active
ACC000755,CUST01828,Salary,2019-09-05,BR0035,40627.03,Active
ACC000756,CUST00332,Savings,2024-06-08,BR0018,101425.94,Active
ACC000757,CUST01839,Salary,2020-02-23,BR0011,25631.49,Active
ACC000758,CUST00686,Savings,2026-07-28,BR0010,12544.57,Active
ACC000759,CUST01417,Savings,2022-12-12,BR0024,6691.28,Active
ACC000760,CUST04190,Salary,2026-03-10,BR0008,3888.4,Active
ACC000761,CUST04410,Savings,2024-06-21,BR0028,48997.45,Active
ACC000762,CUST04390,Current,2020-08-31,BR0026,44071.75,Active
ACC000763,CUST00070,Savings,2021-07-23,BR0049,44039.24,Active
ACC000764,CUST04349,Current,2026-02-17,BR0017,18875.28,Active
ACC000765,CUST00480,Current,2024-12-29,BR0020,119171.83,Blocked
ACC000766,CUST01095,Salary,2019-12-13,BR0001,12320.97,Active
ACC000767,CUST03181,Savings,2024-06-11,BR0037,69308.52,Active
ACC000768,CUST04079,Current,2024-04-16,BR0041,21025.86,Active
ACC000769,CUST02004,Current,2020-04-11,BR0034,10614.53,Active
ACC000770,CUST03177,Salary,2019-10-26,BR0026,44848.09,Active
ACC000771,CUST03272,Salary,2025-03-02,BR0020,36010.41,Active
ACC000772,CUST00973,Salary,2023-09-14,BR0028,33805.11,Active
ACC000773,CUST01784,Current,2024-07-05,BR0043,24283.06,Active
ACC000774,CUST01155,Salary,2025-02-18,BR0028,21047.32,Active
ACC000775,CUST01467,Savings,2022-12-07,BR0013,386948.31,Active
ACC000776,CUST02504,Salary,2022-01-19,BR0005,91227.16,Active
ACC000777,CUST01337,Salary,2025-06-25,BR0017,52438.29,Active
ACC000778,CUST00924,Current,2024-11-20,BR0047,25188.91,Active
ACC000779,CUST04187,Salary,2022-12-09,BR0050,73761.24,Active
ACC000780,CUST00917,Savings,2023-06-23,BR0031,41010.92,Active
ACC000781,CUST03658,Savings,2026-01-05,BR0049,22730.11,Active
ACC000782,CUST04993,Salary,2021-09-02,BR0040,15301.76,Active
ACC000783,CUST04316,Savings,2025-06-16,BR0042,19988.24,Active
ACC000784,CUST01632,Savings,2023-10-28,BR0048,490.53,Active
ACC000785,CUST00468,Savings,2024-11-10,BR0028,28359.6,Active
ACC000786,CUST00172,Salary,2021-10-10,BR0045,12256.71,Active
ACC000787,CUST00018,Savings,2022-08-02,BR0001,148925.88,Active
ACC000788,CUST01612,Salary,2025-01-24,BR0011,22543.74,Active
ACC000789,CUST01585,Salary,2023-07-09,BR0026,5288.26,Active
ACC000790,CUST00790,Savings,2023-09-22,BR0021,20746.73,Active
ACC000791,CUST02676,Savings,2020-12-13,BR0018,6277.05,Active
ACC000792,CUST04338,Savings,2023-07-07,BR0036,38874.31,Active
ACC000793,CUST02911,Salary,2024-03-18,BR0045,31230.07,Active
ACC000794,CUST03424,Salary,2022-09-17,BR0011,69522.63,Active
ACC000795,CUST04625,Salary,2021-07-21,BR0004,8526.56,Active
ACC000796,CUST03262,Salary,2020-11-16,BR0045,22943.95,Active
ACC000797,CUST03747,Current,2022-02-02,BR0016,4281.14,Active
ACC000798,CUST01453,Salary,2025-01-25,BR0014,51112.98,Active
ACC000799,CUST04110,Salary,2025-11-13,BR0025,41054.08,Active
ACC000800,CUST01670,Savings,2021-02-17,BR0031,39933.31,Active
ACC000801,CUST00683,Salary,2022-12-14,BR0022,22069.3,Active
ACC000802,CUST04443,Current,2021-11-02,BR0012,36233.07,Active
ACC000803,CUST00859,Savings,2021-01-05,BR0028,151025.95,Active
ACC000804,CUST00891,Savings,2022-10-12,BR0005,15644.69,Active
ACC000805,CUST04144,Savings,2025-12-11,BR0013,26013.59,Active
ACC000806,CUST04988,Savings,2019-10-30,BR0007,5982.83,Active
ACC000807,CUST04163,Salary,2023-04-28,BR0015,7770.48,Active
ACC000808,CUST01531,Current,2026-07-02,BR0048,24769.69,Active
ACC000809,CUST00519,Salary,2022-03-14,BR0031,82844.47,Active
ACC000810,CUST00163,Current,2020-11-15,BR0031,16195.08,Active
ACC000811,CUST00779,Salary,2020-01-05,BR0003,16595.72,Active
ACC000812,CUST03033,Salary,2023-07-24,BR0011,13517.46,Active
ACC000813,CUST04410,Salary,2023-02-20,BR0007,11594.57,Active
ACC000814,CUST02183,Savings,2025-09-11,BR0050,31381.25,Active
ACC000815,CUST01044,Current,2024-04-03,BR0039,3652.95,Active
ACC000816,CUST03357,Savings,2021-07-31,BR0030,102449.73,Active
ACC000817,CUST00907,Current,2023-01-26,BR0038,9911.92,Active
ACC000818,CUST04369,Salary,2020-09-17,BR0016,52380.21,Active
ACC000819,CUST02449,Current,2024-12-23,BR0043,4798.23,Active
ACC000820,CUST00137,Salary,2022-08-26,BR0047,49148.82,Active
ACC000821,CUST03202,Current,2021-06-02,BR0024,49332.26,Active
ACC000822,CUST03271,Salary,2023-02-06,BR0025,34927.94,Active
ACC000823,CUST02900,Salary,2023-03-26,BR0007,6678.75,Active
ACC000824,CUST03672,Savings,2023-03-15,BR0020,29716.5,Active
ACC000825,CUST04860,Salary,2023-07-26,BR0011,5325.88,Active
ACC000826,CUST01832,Salary,2025-11-20,BR0018,16263.59,Active
ACC000827,CUST00074,Current,2023-07-01,BR0048,75757.73,Active
ACC000828,CUST01119,Salary,2023-06-05,BR0039,57299.22,Active
ACC000829,CUST02197,Salary,2022-12-14,BR0031,22431.46,Active
ACC000830,CUST03376,Current,2023-08-05,BR0038,6837.87,Blocked
ACC000831,CUST02495,Savings,2022-09-28,BR0049,47796.38,Active
ACC000832,CUST03247,Current,2022-07-10,BR0002,22544.75,Active
ACC000833,CUST04533,Salary,2022-06-03,BR0030,1360.52,Active
ACC000834,CUST04080,Current,2025-04-23,BR0036,56339.76,Active
ACC000835,CUST04678,Current,2023-01-16,BR0026,21395.17,Active
ACC000836,CUST04171,Savings,2020-10-12,BR0039,93240.88,Active
ACC000837,CUST02477,Savings,2025-10-20,BR0027,5917.54,Active
ACC000838,CUST02368,Current,2024-02-27,BR0034,486.85,Inactive
ACC000839,CUST02813,Savings,2021-05-26,BR0026,30788.63,Active
ACC000840,CUST04395,Salary,2021-09-28,BR0007,31253.18,Blocked
ACC000841,CUST02400,Salary,2021-06-30,BR0035,2896.31,Active
ACC000842,CUST02376,Current,2025-09-16,BR0001,6807.64,Active
ACC000843,CUST01366,Salary,2021-04-10,BR0041,600946.56,Active
ACC000844,CUST03232,Savings,2024-06-25,BR0021,15264.23,Inactive
ACC000845,CUST00969,Savings,2021-04-21,BR0011,52952.51,Active
ACC000846,CUST03758,Savings,2025-11-07,BR0026,10089.07,Active
ACC000847,CUST04530,Salary,2025-04-04,BR0004,1792.98,Active
ACC000848,CUST04460,Savings,2026-04-27,BR0018,17956.19,Active
ACC000849,CUST02070,Current,2024-11-29,BR0034,16014.9,Active
ACC000850,CUST01815,Savings,2022-09-28,BR0036,13631.6,Active
ACC000851,CUST04696,Salary,2023-08-04,BR0013,19195.5,Active
ACC000852,CUST00338,Current,2024-04-24,BR0031,30246.08,Active
ACC000853,CUST04431,Salary,2026-02-23,BR0016,18395.47,Active
ACC000854,CUST03881,Current,2026-05-21,BR0048,4832.85,Blocked
ACC000855,CUST04533,Current,2023-02-14,BR0027,39474.96,Blocked
ACC000856,CUST01938,Savings,2022-11-02,BR0010,2123.36,Active
ACC000857,CUST03663,Current,2025-02-15,BR0001,1881.02,Active
ACC000858,CUST01744,Savings,2022-04-05,BR0044,53477.52,Active
ACC000859,CUST03198,Salary,2021-06-19,BR0026,40474.37,Active
ACC000860,CUST04887,Current,2022-12-28,BR0042,20560.47,Active
ACC000861,CUST02929,Current,2020-11-07,BR0019,4127.64,Active
ACC000862,CUST02139,Salary,2023-08-25,BR0013,9419.21,Active
ACC000863,CUST04435,Salary,2020-07-28,BR0019,16069.91,Active
ACC000864,CUST04666,Savings,2024-04-07,BR0033,3245.18,Active
ACC000865,CUST00160,Salary,2025-03-13,BR0008,9073.97,Active
ACC000866,CUST01328,Current,2023-07-01,BR0042,48184.68,Active
ACC000867,CUST00256,Savings,2022-03-16,BR0041,122120.85,Active
ACC000868,CUST03504,Current,2026-03-28,BR0045,13315.42,Active
ACC000869,CUST01892,Current,2024-12-14,BR0019,54599.83,Active
ACC000870,CUST02065,Savings,2023-02-26,BR0039,2215.27,Active
ACC000871,CUST00355,Current,2020-01-31,BR0031,48598.19,Active
ACC000872,CUST02810,Current,2021-05-06,BR0036,8393.91,Active
ACC000873,CUST03284,Current,2021-06-30,BR0011,31850.7,Active
ACC000874,CUST00317,Current,2022-07-10,BR0010,16361.68,Active
ACC000875,CUST01033,Savings,2024-05-05,BR0021,107419.48,Active
ACC000876,CUST04894,Current,2020-12-24,BR0031,7713.11,Active
ACC000877,CUST03486,Savings,2025-04-05,BR0012,46776.09,Active
ACC000878,CUST01482,Savings,2022-12-01,BR0039,15749.93,Active
ACC000879,CUST01933,Savings,2024-01-19,BR0041,18215.6,Active
ACC000880,CUST02416,Current,2023-04-28,BR0002,17665.61,Active
ACC000881,CUST02518,Current,2021-03-08,BR0025,7983.98,Active
ACC000882,CUST02364,Salary,2023-06-02,BR0021,21656.94,Active
ACC000883,CUST01826,Salary,2019-11-08,BR0028,20431.28,Active
ACC000884,CUST00790,Savings,2025-07-21,BR0035,29421.72,Active
ACC000885,CUST00051,Current,2021-05-28,BR0006,24377.26,Inactive
ACC000886,CUST02355,Current,2022-12-07,BR0047,57388.17,Active
ACC000887,CUST00833,Savings,2024-06-22,BR0045,66716.68,Active
ACC000888,CUST04882,Savings,2025-04-28,BR0001,6243.22,Active
ACC000889,CUST03231,Savings,2021-02-11,BR0043,62475.33,Active
ACC000890,CUST00749,Savings,2021-12-22,BR0046,5304.95,Active
ACC000891,CUST01941,Salary,2025-12-29,BR0010,44597.23,Active
ACC000892,CUST03796,Current,2025-06-09,BR0011,46336.56,Active
ACC000893,CUST02218,Salary,2024-06-10,BR0042,2222.57,Active
ACC000894,CUST02019,Salary,2026-03-11,BR0023,24626.42,Active
ACC000895,CUST02632,Salary,2020-12-22,BR0021,12554.13,Active
ACC000896,CUST04788,Salary,2025-02-07,BR0020,8861.59,Active
ACC000897,CUST02837,Savings,2023-01-25,BR0046,111415.62,Active
ACC000898,CUST00831,Current,2024-07-16,BR0008,10052.58,Inactive
ACC000899,CUST02685,Current,2026-04-20,BR0024,8369.49,Active
ACC000900,CUST03676,Savings,2026-06-18,BR0004,24120.9,Active
ACC000901,CUST00428,Salary,2021-05-01,BR0041,50146.69,Active
ACC000902,CUST02528,Salary,2020-12-06,BR0006,18583.36,Active
ACC000903,CUST03721,Current,2023-02-23,BR0018,89289.99,Active
ACC000904,CUST03000,Salary,2022-05-05,BR0014,41654.75,Active
ACC000905,CUST01157,Current,2023-08-20,BR0029,1613.48,Active
ACC000906,CUST02424,Savings,2021-09-27,BR0030,11668.4,Active
ACC000907,CUST04757,Current,2025-12-06,BR0045,11223.77,Active
ACC000908,CUST04679,Current,2020-10-04,BR0013,39153.03,Active
ACC000909,CUST04941,Savings,2026-02-19,BR0003,944.09,Active
ACC000910,CUST04001,Salary,2023-10-16,BR0035,469212.79,Active
ACC000911,CUST01600,Savings,2022-05-04,BR0034,41657.28,Active
ACC000912,CUST00682,Savings,2024-11-03,BR0045,26334.95,Active
ACC000913,CUST04270,Salary,2026-02-21,BR0012,90933.27,Active
ACC000914,CUST00307,Salary,2024-11-09,BR0031,366731.36,Active
ACC000915,CUST01435,Salary,2024-02-29,BR0005,62623.51,Active
ACC000916,CUST01427,Current,2025-11-26,BR0035,68773.63,Active
ACC000917,CUST00079,Current,2024-12-28,BR0036,25766.44,Active
ACC000918,CUST02589,Salary,2019-12-13,BR0005,18586.1,Active
ACC000919,CUST01002,Current,2025-05-26,BR0045,12444.64,Active
ACC000920,CUST02677,Salary,2020-06-22,BR0014,8173.61,Active
ACC000921,CUST01855,Current,2026-05-06,BR0033,9658.4,Active
ACC000922,CUST04194,Salary,2020-03-16,BR0007,4356.1,Active
ACC000923,CUST03919,Savings,2020-05-18,BR0019,20109.63,Active
ACC000924,CUST03126,Current,2019-10-31,BR0006,2917.26,Active
ACC000925,CUST03627,Salary,2019-09-21,BR0025,27697.57,Active
ACC000926,CUST04854,Current,2020-02-05,BR0038,21086.82,Active
ACC000927,CUST02543,Savings,2022-06-20,BR0014,26273.66,Active
ACC000928,CUST01119,Salary,2020-05-31,BR0039,11771.56,Active
ACC000929,CUST03081,Salary,2022-04-25,BR0028,884017.77,Active
ACC000930,CUST02798,Savings,2022-09-07,BR0040,112661.06,Active
ACC000931,CUST04800,Savings,2021-05-17,BR0045,4947.06,Active
ACC000932,CUST00396,Salary,2025-12-22,BR0039,29127.61,Active
ACC000933,CUST03930,Savings,2020-12-05,BR0037,10618.92,Active
ACC000934,CUST01917,Salary,2021-06-17,BR0046,6519.97,Active
ACC000935,CUST00780,Salary,2022-04-07,BR0006,4411.25,Active
ACC000936,CUST03356,Salary,2020-03-18,BR0034,36999.51,Active
ACC000937,CUST02356,Savings,2022-09-26,BR0042,9723.92,Active
ACC000938,CUST02269,Salary,2024-12-13,BR0033,70360.78,Active
ACC000939,CUST02438,Salary,2022-05-02,BR0049,72586.82,Active
ACC000940,CUST03751,Salary,2024-08-11,BR0024,114542.05,Active
ACC000941,CUST04597,Current,2023-06-13,BR0050,7919.92,Active
ACC000942,CUST02692,Salary,2023-09-10,BR0046,38965.77,Active
ACC000943,CUST04260,Savings,2022-07-13,BR0034,47049.01,Active
ACC000944,CUST04853,Savings,2025-08-20,BR0012,12468.82,Active
ACC000945,CUST03614,Salary,2021-02-20,BR0038,8724.35,Active
ACC000946,CUST04414,Salary,2022-02-11,BR0043,151967.93,Active
ACC000947,CUST00607,Savings,2022-03-25,BR0020,28940.44,Active
ACC000948,CUST01537,Salary,2020-07-06,BR0039,47247.8,Active
ACC000949,CUST03702,Savings,2026-06-22,BR0030,8213.29,Active
ACC000950,CUST02689,Salary,2024-06-05,BR0034,5099.3,Active
ACC000951,CUST02152,Current,2021-01-03,BR0007,11121.78,Active
ACC000952,CUST01689,Current,2020-12-10,BR0032,18980.63,Active
ACC000953,CUST01310,Salary,2021-01-14,BR0026,6142.19,Blocked
ACC000954,CUST00859,Savings,2023-03-07,BR0012,21767.78,Active
ACC000955,CUST00244,Savings,2020-08-27,BR0034,2903.85,Active
ACC000956,CUST03559,Salary,2024-03-05,BR0008,5744.18,Active
ACC000957,CUST04736,Savings,2024-11-27,BR0040,49271.13,Blocked
ACC000958,CUST04028,Salary,2023-02-18,BR0006,45458.21,Active
ACC000959,CUST02758,Salary,2020-12-29,BR0001,13763.12,Active
ACC000960,CUST00186,Salary,2024-06-05,BR0040,6494.32,Active
ACC000961,CUST04693,Salary,2024-05-07,BR0011,6419.63,Active
ACC000962,CUST03648,Current,2024-12-30,BR0037,14073.91,Active
ACC000963,CUST02586,Savings,2023-08-23,BR0036,47735.1,Active
ACC000964,CUST03465,Salary,2025-08-08,BR0014,67097.01,Active
ACC000965,CUST03062,Savings,2022-01-15,BR0041,12138.8,Active
ACC000966,CUST02565,Salary,2025-07-08,BR0033,5518.21,Active
ACC000967,CUST00170,Salary,2021-10-08,BR0030,30376.13,Inactive
ACC000968,CUST00098,Salary,2020-08-12,BR0021,8198.92,Active
ACC000969,CUST03233,Savings,2025-04-18,BR0048,11826.49,Active
ACC000970,CUST00999,Salary,2020-11-23,BR0016,108048.05,Active
ACC000971,CUST00654,Savings,2023-06-08,BR0016,59429.05,Inactive
ACC000972,CUST04364,Savings,2020-06-22,BR0037,26624.02,Blocked
ACC000973,CUST02519,Savings,2026-01-28,BR0042,4787.18,Active
ACC000974,CUST02864,Savings,2019-12-26,BR0016,28386.7,Active
ACC000975,CUST00347,Salary,2020-10-20,BR0004,78841.02,Active
ACC000976,CUST02688,Salary,2022-11-21,BR0007,14034.02,Active
ACC000977,CUST01008,Savings,2023-09-02,BR0019,111450.62,Active
ACC000978,CUST01112,Current,2022-11-16,BR0014,103911.45,Active
ACC000979,CUST01693,Current,2023-09-15,BR0005,162182.8,Active
ACC000980,CUST04350,Current,2021-02-05,BR0014,31770.45,Active
ACC000981,CUST03294,Savings,2026-03-05,BR0029,44572.4,Active
ACC000982,CUST02857,Salary,2019-10-26,BR0047,120213.52,Active
ACC000983,CUST04656,Savings,2024-08-20,BR0014,37679.55,Active
ACC000984,CUST00495,Salary,2025-07-02,BR0001,12070.49,Active
ACC000985,CUST04461,Current,2026-08-10,BR0049,12858.35,Active
ACC000986,CUST03525,Savings,2022-09-24,BR0024,29327.06,Active
ACC000987,CUST02392,Current,2023-05-26,BR0043,4681.28,Active
ACC000988,CUST02739,Current,2024-08-16,BR0025,18547.48,Active
ACC000989,CUST03993,Salary,2024-07-06,BR0012,82113.4,Active
ACC000990,CUST00948,Savings,2021-03-12,BR0025,1588.42,Active
ACC000991,CUST03219,Salary,2023-06-15,BR0040,138881.8,Active
ACC000992,CUST01098,Salary,2019-10-26,BR0016,84698.15,Active
ACC000993,CUST01489,Current,2023-10-31,BR0002,12686.36,Active
ACC000994,CUST04463,Salary,2025-05-13,BR0027,42279.98,Blocked
ACC000995,CUST03099,Current,2024-06-20,BR0001,22109.82,Active
ACC000996,CUST02043,Current,2022-07-29,BR0012,96373.68,Active
ACC000997,CUST03095,Current,2022-07-16,BR0017,71626.46,Active
ACC000998,CUST03377,Savings,2020-05-16,BR0003,4104.81,Active
ACC000999,CUST03784,Current,2022-10-18,BR0041,44565.48,Active
ACC001000,CUST02743,Salary,2020-03-27,BR0041,17210.01,Active
ACC001001,CUST03356,Current,2021-02-26,BR0003,24328.39,Inactive
ACC001002,CUST01020,Savings,2020-10-18,BR0013,9192.96,Active
ACC001003,CUST04480,Savings,2024-12-15,BR0009,179470.2,Active
ACC001004,CUST01754,Savings,2022-03-15,BR0017,76732.01,Active
ACC001005,CUST03439,Savings,2025-05-30,BR0028,9065.89,Active
ACC001006,CUST04171,Savings,2022-12-30,BR0017,4440.26,Active
ACC001007,CUST02217,Current,2020-12-02,BR0008,13865.97,Active
ACC001008,CUST04744,Savings,2020-08-04,BR0038,37101.15,Active
ACC001009,CUST01732,Savings,2026-05-18,BR0037,29385.22,Active
ACC001010,CUST00368,Current,2025-05-04,BR0032,99087.58,Active
ACC001011,CUST04972,Salary,2021-04-29,BR0045,56834.78,Active
ACC001012,CUST04667,Savings,2025-01-16,BR0012,70508.1,Active
ACC001013,CUST02280,Salary,2022-05-18,BR0033,32605.18,Active
ACC001014,CUST02209,Current,2022-02-19,BR0049,4158.22,Inactive
ACC001015,CUST00917,Salary,2025-09-13,BR0016,17416.3,Active
ACC001016,CUST02693,Salary,2026-05-24,BR0048,78598.48,Active
ACC001017,CUST01113,Current,2026-05-04,BR0008,20705.87,Active
ACC001018,CUST01611,Savings,2020-05-10,BR0042,40283.95,Inactive
ACC001019,CUST04529,Salary,2022-09-01,BR0008,15025.47,Active
ACC001020,CUST03144,Current,2024-10-10,BR0050,6401.1,Active
ACC001021,CUST00288,Savings,2026-06-13,BR0020,18996.06,Inactive
ACC001022,CUST04839,Salary,2023-11-10,BR0049,31915.81,Active
ACC001023,CUST00533,Salary,2019-10-14,BR0032,10028.38,Active
ACC001024,CUST03850,Current,2024-12-09,BR0042,16599.81,Active
ACC001025,CUST04195,Savings,2024-09-02,BR0047,7134.12,Active
ACC001026,CUST03316,Current,2023-03-15,BR0049,84380.69,Active
ACC001027,CUST00115,Current,2021-02-01,BR0007,15469.92,Active
ACC001028,CUST00070,Salary,2022-10-03,BR0001,125907.99,Active
ACC001029,CUST00924,Current,2021-10-19,BR0013,137929.43,Active
ACC001030,CUST03434,Savings,2021-04-13,BR0012,19985.15,Active
ACC001031,CUST03244,Savings,2024-01-07,BR0023,6567.32,Active
ACC001032,CUST01367,Savings,2022-01-12,BR0017,1802.49,Active
ACC001033,CUST01396,Savings,2024-01-28,BR0006,3765.2,Active
ACC001034,CUST02918,Current,2019-11-06,BR0030,4236.1,Active
ACC001035,CUST02200,Current,2023-10-25,BR0005,115169.88,Active
ACC001036,CUST04053,Salary,2022-05-11,BR0038,25310.88,Active
ACC001037,CUST02230,Savings,2021-01-25,BR0037,35155.12,Active
ACC001038,CUST02218,Current,2020-02-03,BR0050,1533.79,Active
ACC001039,CUST04513,Salary,2025-03-04,BR0005,5231.43,Active
ACC001040,CUST03955,Salary,2021-09-05,BR0040,63863.02,Active
ACC001041,CUST01184,Savings,2025-08-10,BR0049,31074.07,Active
ACC001042,CUST03815,Savings,2022-04-04,BR0038,18459.86,Active
ACC001043,CUST04572,Current,2021-11-20,BR0010,43382.47,Active
ACC001044,CUST02096,Salary,2023-06-20,BR0027,156836.22,Active
ACC001045,CUST01454,Current,2023-05-02,BR0006,16894.6,Blocked
ACC001046,CUST02446,Savings,2022-07-09,BR0012,23938.51,Active
ACC001047,CUST02172,Salary,2019-12-29,BR0042,27753.47,Active
ACC001048,CUST01413,Current,2021-12-20,BR0007,388687.73,Active
ACC001049,CUST00423,Savings,2026-01-11,BR0013,1773.61,Active
ACC001050,CUST04308,Current,2026-02-10,BR0007,50004.47,Active
ACC001051,CUST01763,Savings,2025-03-27,BR0031,19191.78,Active
ACC001052,CUST04475,Current,2023-07-19,BR0029,43483.03,Active
ACC001053,CUST01392,Savings,2025-04-04,BR0010,10008.13,Active
ACC001054,CUST00261,Salary,2020-05-01,BR0022,20769.52,Active
ACC001055,CUST01937,Current,2022-06-25,BR0027,51724.8,Active
ACC001056,CUST00575,Salary,2024-05-03,BR0024,923099.44,Active
ACC001057,CUST04455,Salary,2019-12-01,BR0002,58083.88,Active
ACC001058,CUST03809,Current,2020-10-04,BR0039,7961.09,Active
ACC001059,CUST00491,Savings,2024-12-16,BR0032,13246.5,Active
ACC001060,CUST02733,Salary,2019-09-28,BR0001,12783.4,Active
ACC001061,CUST03780,Savings,2025-11-24,BR0040,2553.52,Active
ACC001062,CUST01553,Savings,2024-07-12,BR0042,14822.35,Active
ACC001063,CUST01313,Savings,2019-10-24,BR0007,53071.48,Active
ACC001064,CUST03119,Salary,2022-03-23,BR0003,4773.91,Active
ACC001065,CUST03872,Savings,2022-11-20,BR0042,77511.31,Active
ACC001066,CUST01168,Savings,2021-05-07,BR0008,39550.35,Active
ACC001067,CUST02080,Current,2023-08-25,BR0046,9126.34,Active
ACC001068,CUST03339,Savings,2022-11-18,BR0032,18586.01,Active
ACC001069,CUST01370,Salary,2022-12-14,BR0005,149939.35,Active
ACC001070,CUST00052,Current,2019-12-15,BR0017,53117.27,Active
ACC001071,CUST03335,Savings,2025-07-25,BR0010,22259.86,Active
ACC001072,CUST02471,Current,2025-05-13,BR0009,16560.57,Active
ACC001073,CUST01182,Savings,2021-12-12,BR0042,24147.37,Active
ACC001074,CUST01181,Current,2025-07-30,BR0012,11918.94,Active
ACC001075,CUST04815,Current,2022-11-03,BR0049,1762.17,Active
ACC001076,CUST00140,Salary,2022-07-03,BR0018,255406.96,Active
ACC001077,CUST03655,Current,2022-10-08,BR0012,26539.51,Active
ACC001078,CUST00186,Savings,2026-06-25,BR0044,35517.35,Active
ACC001079,CUST02893,Current,2024-01-04,BR0007,20547.83,Active
ACC001080,CUST01070,Current,2026-04-27,BR0027,9116.67,Active
ACC001081,CUST03815,Salary,2023-04-05,BR0020,17621.77,Active
ACC001082,CUST00198,Salary,2023-02-11,BR0009,3231.58,Active
ACC001083,CUST02826,Salary,2025-08-31,BR0023,338575.98,Active
ACC001084,CUST02874,Savings,2022-07-23,BR0025,5006.97,Active
ACC001085,CUST00867,Savings,2020-10-10,BR0037,6384.58,Active
ACC001086,CUST02619,Salary,2022-08-05,BR0038,12986.8,Active
ACC001087,CUST00745,Savings,2025-10-07,BR0028,103330.81,Active
ACC001088,CUST03315,Salary,2021-11-15,BR0019,22413.32,Active
ACC001089,CUST04390,Current,2024-05-07,BR0017,4997.22,Active
ACC001090,CUST03506,Salary,2021-04-16,BR0044,99231.03,Active
ACC001091,CUST01753,Current,2023-10-22,BR0025,52955.16,Blocked
ACC001092,CUST00080,Salary,2022-01-17,BR0034,42029.29,Active
ACC001093,CUST03738,Current,2021-12-01,BR0002,51993.87,Active
ACC001094,CUST01891,Current,2020-05-10,BR0043,389739.67,Active
ACC001095,CUST00726,Salary,2023-06-23,BR0008,303189.67,Active
ACC001096,CUST04020,Current,2025-05-13,BR0040,9661.86,Active
ACC001097,CUST01071,Savings,2020-05-15,BR0028,154610.14,Active
ACC001098,CUST00413,Current,2026-07-02,BR0037,34884.64,Active
ACC001099,CUST04335,Savings,2025-04-25,BR0026,40091.31,Active
ACC001100,CUST01048,Savings,2022-05-11,BR0021,2890.76,Inactive
ACC001101,CUST02283,Salary,2023-12-23,BR0018,17953.44,Active
ACC001102,CUST02216,Current,2020-08-12,BR0003,8304.99,Active
ACC001103,CUST00961,Savings,2019-11-05,BR0037,59496.37,Inactive
ACC001104,CUST03361,Current,2026-07-18,BR0018,79641.98,Active
ACC001105,CUST01213,Salary,2020-09-28,BR0001,1827.34,Active
ACC001106,CUST01364,Savings,2026-07-04,BR0048,21451.68,Active
ACC001107,CUST01216,Savings,2026-02-17,BR0023,84646.06,Active
ACC001108,CUST00013,Savings,2020-07-23,BR0049,17605.83,Active
ACC001109,CUST00500,Savings,2021-09-18,BR0002,52832.21,Active
ACC001110,CUST03088,Savings,2020-04-13,BR0019,33570.35,Active
ACC001111,CUST03304,Current,2021-02-26,BR0016,33189.61,Active
ACC001112,CUST00040,Savings,2022-10-29,BR0034,15905.53,Active
ACC001113,CUST04655,Savings,2020-03-14,BR0008,5115.87,Active
ACC001114,CUST03328,Savings,2020-12-16,BR0002,5733.97,Active
ACC001115,CUST00757,Current,2024-07-06,BR0037,51597.22,Active
ACC001116,CUST01248,Savings,2026-06-20,BR0009,22546.83,Active
ACC001117,CUST01652,Current,2021-08-31,BR0048,18653.43,Active
ACC001118,CUST04358,Salary,2026-04-10,BR0047,13244.42,Active
ACC001119,CUST00367,Current,2020-05-23,BR0001,15271.95,Active
ACC001120,CUST02760,Current,2020-04-16,BR0035,77365.34,Blocked
ACC001121,CUST00674,Salary,2019-09-24,BR0028,14730.97,Active
ACC001122,CUST02114,Current,2025-10-19,BR0016,4406.0,Active
ACC001123,CUST00189,Salary,2019-10-06,BR0038,53765.22,Active
ACC001124,CUST01796,Savings,2025-11-30,BR0028,17225.53,Active
ACC001125,CUST00793,Salary,2026-07-07,BR0016,22872.14,Inactive
ACC001126,CUST00676,Savings,2022-07-20,BR0034,151614.13,Active
ACC001127,CUST02608,Savings,2024-11-25,BR0043,21489.66,Active
ACC001128,CUST03026,Salary,2020-03-31,BR0017,31164.05,Active
ACC001129,CUST01160,Salary,2020-12-23,BR0020,5352.35,Active
ACC001130,CUST00149,Savings,2024-08-09,BR0041,16922.45,Active
ACC001131,CUST00099,Savings,2024-12-22,BR0024,45772.16,Active
ACC001132,CUST01960,Current,2023-07-27,BR0027,3406.88,Active
ACC001133,CUST03658,Current,2025-01-06,BR0025,28029.54,Inactive
ACC001134,CUST04975,Salary,2022-06-19,BR0017,24858.36,Active
ACC001135,CUST02240,Current,2026-05-03,BR0028,23145.25,Active
ACC001136,CUST00440,Savings,2025-04-21,BR0004,76465.17,Active
ACC001137,CUST02188,Salary,2020-07-19,BR0047,32903.23,Active
ACC001138,CUST01141,Salary,2024-11-10,BR0050,129791.72,Active
ACC001139,CUST00751,Salary,2020-09-07,BR0033,6685.48,Active
ACC001140,CUST01129,Salary,2020-02-16,BR0015,25928.8,Active
ACC001141,CUST04887,Current,2025-08-21,BR0001,24376.14,Active
ACC001142,CUST03204,Savings,2020-10-29,BR0003,6105.19,Active
ACC001143,CUST04103,Savings,2021-05-06,BR0032,69393.88,Active
ACC001144,CUST02661,Savings,2025-12-29,BR0030,358472.77,Active
ACC001145,CUST02937,Salary,2020-05-04,BR0013,21581.52,Active
ACC001146,CUST01309,Savings,2021-03-24,BR0023,40377.39,Blocked
ACC001147,CUST00143,Savings,2020-06-05,BR0019,24377.65,Active
ACC001148,CUST00776,Salary,2025-10-04,BR0009,9355.3,Active
ACC001149,CUST02720,Savings,2020-06-05,BR0036,2477.7,Active
ACC001150,CUST03430,Savings,2019-09-06,BR0041,9443.4,Active
ACC001151,CUST02682,Current,2023-05-02,BR0037,4144.97,Active
ACC001152,CUST03257,Savings,2026-05-20,BR0003,170232.85,Active
ACC001153,CUST04929,Savings,2025-06-25,BR0015,19184.7,Active
ACC001154,CUST03494,Current,2021-08-19,BR0002,14543.46,Active
ACC001155,CUST01047,Salary,2021-06-09,BR0016,64022.16,Active
ACC001156,CUST03755,Savings,2020-01-28,BR0002,5732.45,Active
ACC001157,CUST01440,Savings,2025-09-30,BR0009,8775.89,Active
ACC001158,CUST03500,Savings,2020-04-28,BR0023,23901.27,Active
ACC001159,CUST00241,Salary,2022-12-10,BR0017,75699.19,Inactive
ACC001160,CUST03066,Savings,2022-05-17,BR0032,40216.07,Active
ACC001161,CUST03566,Current,2024-12-20,BR0015,29672.92,Inactive
ACC001162,CUST02119,Current,2024-02-25,BR0025,24191.13,Active
ACC001163,CUST02503,Salary,2021-04-15,BR0012,35606.48,Active
ACC001164,CUST03603,Current,2023-09-13,BR0015,28056.72,Active
ACC001165,CUST02457,Current,2026-08-09,BR0002,6399.87,Active
ACC001166,CUST00722,Current,2021-04-29,BR0016,23278.72,Active
ACC001167,CUST04090,Salary,2025-09-03,BR0048,6072.79,Active
ACC001168,CUST01680,Salary,2023-11-11,BR0020,24277.35,Active
ACC001169,CUST01220,Current,2024-10-19,BR0016,12372.39,Active
ACC001170,CUST03456,Savings,2025-08-28,BR0032,463822.84,Blocked
ACC001171,CUST04381,Savings,2021-03-26,BR0011,20996.83,Inactive
ACC001172,CUST00832,Salary,2023-08-22,BR0044,4084.33,Active
ACC001173,CUST03759,Salary,2022-02-05,BR0012,18750.65,Active
ACC001174,CUST00032,Salary,2025-11-14,BR0026,41078.1,Active
ACC001175,CUST03174,Current,2025-05-26,BR0045,164068.08,Active
ACC001176,CUST01251,Savings,2024-09-06,BR0018,10858.0,Blocked
ACC001177,CUST03621,Current,2020-03-03,BR0035,3298.05,Active
ACC001178,CUST02209,Salary,2023-05-31,BR0019,58700.55,Active
ACC001179,CUST00660,Salary,2021-03-22,BR0011,4201.86,Active
ACC001180,CUST01702,Current,2023-12-20,BR0001,13050.91,Active
ACC001181,CUST00892,Salary,2019-09-14,BR0020,16169.07,Active
ACC001182,CUST03960,Current,2020-04-29,BR0010,20260.73,Active
ACC001183,CUST02566,Current,2021-02-22,BR0014,50362.26,Active
ACC001184,CUST02517,Salary,2021-05-01,BR0027,9697.65,Active
ACC001185,CUST03100,Salary,2021-11-20,BR0010,15859.51,Inactive
ACC001186,CUST01236,Savings,2020-11-15,BR0022,21652.49,Active
ACC001187,CUST03546,Current,2024-04-04,BR0039,26357.75,Active
ACC001188,CUST02919,Savings,2024-07-17,BR0023,24770.1,Active
ACC001189,CUST01410,Savings,2021-04-05,BR0026,37168.13,Active
ACC001190,CUST02265,Current,2025-08-08,BR0042,60633.78,Active
ACC001191,CUST01014,Savings,2020-09-14,BR0043,35283.16,Active
ACC001192,CUST04040,Savings,2025-08-17,BR0035,37960.55,Active
ACC001193,CUST04352,Savings,2026-02-16,BR0030,3298.86,Active
ACC001194,CUST03515,Savings,2020-04-17,BR0020,23394.9,Active
ACC001195,CUST04807,Current,2021-04-01,BR0033,39159.92,Active
ACC001196,CUST04119,Savings,2021-03-29,BR0047,52824.45,Active
ACC001197,CUST04234,Current,2022-05-20,BR0038,9596.74,Active
ACC001198,CUST04398,Savings,2026-01-30,BR0026,9988.13,Active
ACC001199,CUST00150,Current,2021-08-02,BR0007,11059.88,Active
ACC001200,CUST00359,Savings,2021-01-11,BR0006,41927.48,Active
ACC001201,CUST03040,Current,2023-01-03,BR0013,76165.0,Active
ACC001202,CUST02286,Savings,2025-01-19,BR0047,13508.14,Active
ACC001203,CUST00241,Savings,2024-09-08,BR0046,65483.58,Active
ACC001204,CUST02548,Salary,2022-03-04,BR0048,25544.46,Inactive
ACC001205,CUST03473,Savings,2024-10-06,BR0016,18974.61,Active
ACC001206,CUST00824,Salary,2023-02-26,BR0047,17091.54,Active
ACC001207,CUST04139,Current,2023-12-17,BR0004,53956.51,Blocked
ACC001208,CUST01660,Savings,2025-02-05,BR0004,32555.23,Blocked
ACC001209,CUST01652,Savings,2022-01-28,BR0039,338064.0,Active
ACC001210,CUST04852,Salary,2021-07-04,BR0039,7921.46,Active
ACC001211,CUST00406,Savings,2023-04-12,BR0006,41016.19,Active
ACC001212,CUST00266,Savings,2021-10-13,BR0014,11672.12,Active
ACC001213,CUST03890,Savings,2022-08-01,BR0016,7760.92,Active
ACC001214,CUST04067,Salary,2025-11-26,BR0007,21741.09,Active
ACC001215,CUST03823,Salary,2021-09-12,BR0036,25973.26,Active
ACC001216,CUST00860,Salary,2024-02-29,BR0049,730736.54,Active
ACC001217,CUST01275,Current,2019-09-16,BR0044,17659.43,Active
ACC001218,CUST00418,Salary,2025-03-21,BR0033,5674.77,Active
ACC001219,CUST04767,Salary,2025-06-18,BR0019,30565.06,Active
ACC001220,CUST03823,Salary,2021-10-15,BR0022,1827.0,Active
ACC001221,CUST00078,Salary,2022-01-16,BR0008,19725.19,Active
ACC001222,CUST03585,Current,2026-01-24,BR0015,22454.14,Active
ACC001223,CUST01357,Salary,2021-01-08,BR0008,57154.9,Active
ACC001224,CUST01364,Salary,2020-03-13,BR0034,70851.87,Active
ACC001225,CUST03635,Salary,2020-03-04,BR0048,12036.71,Active
ACC001226,CUST01128,Current,2020-03-08,BR0039,18384.5,Active
ACC001227,CUST01858,Current,2023-11-07,BR0008,8783.72,Inactive
ACC001228,CUST00867,Current,2022-07-30,BR0002,5689.2,Active
ACC001229,CUST04195,Savings,2025-11-19,BR0050,31948.28,Active
ACC001230,CUST01267,Savings,2020-02-29,BR0013,4777.62,Active
ACC001231,CUST04818,Salary,2024-12-02,BR0025,13392.47,Active
ACC001232,CUST04018,Savings,2026-01-28,BR0035,6672.78,Active
ACC001233,CUST02776,Savings,2026-08-09,BR0003,42600.44,Active
ACC001234,CUST03435,Salary,2023-04-23,BR0007,191322.57,Active
ACC001235,CUST00058,Savings,2020-04-30,BR0019,4619.74,Active
ACC001236,CUST04498,Current,2025-05-20,BR0023,2383.63,Active
ACC001237,CUST04101,Savings,2026-02-25,BR0001,18960.93,Active
ACC001238,CUST02105,Salary,2025-09-27,BR0019,22445.32,Active
ACC001239,CUST01106,Savings,2023-06-11,BR0026,28635.18,Inactive
ACC001240,CUST01330,Savings,2019-10-02,BR0026,12892.69,Active
ACC001241,CUST03150,Salary,2025-12-24,BR0043,17313.34,Active
ACC001242,CUST04518,Current,2025-05-21,BR0030,34235.3,Active
ACC001243,CUST03868,Savings,2020-05-26,BR0025,76766.0,Active
ACC001244,CUST02921,Savings,2022-05-11,BR0028,2108.94,Active
ACC001245,CUST00970,Savings,2024-08-26,BR0037,14147.21,Active
ACC001246,CUST02988,Salary,2026-03-18,BR0048,28468.99,Active
ACC001247,CUST01164,Savings,2022-09-22,BR0021,7320.46,Active
ACC001248,CUST00946,Current,2025-08-02,BR0020,175852.98,Active
ACC001249,CUST03182,Savings,2025-06-11,BR0001,10275.4,Active
ACC001250,CUST00080,Savings,2024-10-19,BR0013,20961.63,Active
ACC001251,CUST04282,Current,2025-06-02,BR0011,42925.72,Active
ACC001252,CUST01736,Salary,2020-03-17,BR0048,10834.15,Active
ACC001253,CUST04409,Savings,2024-06-28,BR0037,2402.13,Active
ACC001254,CUST04439,Current,2021-11-18,BR0033,13168.92,Active
ACC001255,CUST00194,Savings,2025-11-01,BR0020,75760.22,Active
ACC001256,CUST03483,Salary,2022-05-13,BR0005,14701.81,Active
ACC001257,CUST02592,Savings,2023-06-26,BR0003,7976.69,Active
ACC001258,CUST03018,Savings,2022-09-11,BR0025,66890.13,Active
ACC001259,CUST02988,Salary,2025-12-17,BR0036,14810.18,Blocked
ACC001260,CUST02383,Current,2026-07-19,BR0046,11941.88,Active
ACC001261,CUST01894,Salary,2023-09-26,BR0040,26353.26,Active
ACC001262,CUST01907,Current,2022-10-19,BR0036,55542.3,Active
ACC001263,CUST00026,Current,2023-11-25,BR0002,383868.85,Active
ACC001264,CUST02263,Current,2022-03-15,BR0027,59437.66,Active
ACC001265,CUST01274,Current,2026-02-21,BR0033,88592.99,Active
ACC001266,CUST04795,Current,2023-10-23,BR0008,12002.14,Active
ACC001267,CUST02022,Salary,2022-04-25,BR0022,6431.47,Active
ACC001268,CUST00911,Savings,2024-04-17,BR0035,23737.17,Active
ACC001269,CUST03679,Current,2025-12-26,BR0022,25049.37,Active
ACC001270,CUST01098,Savings,2021-04-08,BR0038,6037.74,Active
ACC001271,CUST04611,Current,2021-08-03,BR0033,17848.0,Active
ACC001272,CUST02968,Current,2024-08-23,BR0010,35567.27,Active
ACC001273,CUST00374,Salary,2021-02-05,BR0039,33944.16,Active
ACC001274,CUST01861,Salary,2020-01-05,BR0025,40341.88,Active
ACC001275,CUST02422,Current,2025-07-11,BR0028,31230.73,Active
ACC001276,CUST03030,Current,2022-08-26,BR0028,11987.14,Active
ACC001277,CUST03839,Savings,2023-02-18,BR0003,11888.41,Active
ACC001278,CUST03618,Savings,2023-08-09,BR0002,5225.25,Active
ACC001279,CUST00501,Salary,2023-07-30,BR0030,187536.74,Active
ACC001280,CUST03148,Current,2022-05-29,BR0049,22384.87,Active
ACC001281,CUST04355,Salary,2026-06-03,BR0049,16817.52,Active
ACC001282,CUST00502,Savings,2023-01-29,BR0007,7226.06,Active
ACC001283,CUST02515,Savings,2023-08-05,BR0034,746230.25,Active
ACC001284,CUST01522,Current,2023-08-07,BR0019,6075.42,Active
ACC001285,CUST02472,Salary,2023-06-30,BR0021,13165.86,Active
ACC001286,CUST01484,Current,2020-12-12,BR0004,36279.36,Active
ACC001287,CUST01416,Current,2020-11-09,BR0017,45263.47,Active
ACC001288,CUST03232,Salary,2025-12-04,BR0034,69530.34,Active
ACC001289,CUST01209,Current,2026-01-12,BR0012,192746.32,Active
ACC001290,CUST02460,Savings,2022-12-05,BR0029,40432.5,Active
ACC001291,CUST02054,Savings,2023-03-21,BR0001,6202.84,Active
ACC001292,CUST03091,Salary,2019-11-10,BR0014,16182.18,Active
ACC001293,CUST00554,Salary,2020-11-01,BR0014,31869.31,Inactive
ACC001294,CUST01706,Salary,2026-05-10,BR0036,263516.5,Inactive
ACC001295,CUST03285,Current,2022-05-06,BR0027,4115.98,Active
ACC001296,CUST02934,Salary,2022-11-23,BR0009,93254.89,Active
ACC001297,CUST04334,Current,2025-01-10,BR0047,27334.29,Active
ACC001298,CUST03893,Salary,2020-12-02,BR0004,60198.13,Active
ACC001299,CUST00248,Current,2023-01-17,BR0034,19489.02,Active
ACC001300,CUST04288,Current,2022-10-05,BR0038,8015.09,Active
ACC001301,CUST01445,Savings,2019-10-08,BR0045,54233.13,Active
ACC001302,CUST03036,Savings,2023-05-06,BR0017,48306.3,Active
ACC001303,CUST00209,Salary,2026-05-19,BR0034,70718.92,Inactive
ACC001304,CUST04948,Savings,2026-08-08,BR0031,21677.59,Active
ACC001305,CUST03426,Salary,2025-04-12,BR0006,10723.72,Inactive
ACC001306,CUST02682,Salary,2021-02-12,BR0029,3392.95,Active
ACC001307,CUST02109,Savings,2020-12-07,BR0021,58879.48,Active
ACC001308,CUST02636,Current,2024-09-10,BR0029,36631.63,Active
ACC001309,CUST03881,Salary,2021-03-19,BR0039,6912.32,Active
ACC001310,CUST04095,Salary,2021-06-30,BR0022,11541.58,Active
ACC001311,CUST01301,Current,2020-06-15,BR0005,12580.33,Active
ACC001312,CUST00227,Savings,2019-10-15,BR0034,3716.06,Active
ACC001313,CUST01483,Current,2022-12-23,BR0014,8256.71,Active
ACC001314,CUST01067,Current,2023-09-01,BR0047,5649.96,Active
ACC001315,CUST00489,Salary,2020-12-03,BR0012,13427.03,Active
ACC001316,CUST01207,Current,2021-12-14,BR0007,9077.58,Active
ACC001317,CUST00615,Current,2022-07-09,BR0024,3126.26,Active
ACC001318,CUST04015,Current,2021-05-01,BR0039,249473.57,Active
ACC001319,CUST04029,Savings,2019-11-01,BR0028,99017.2,Active
ACC001320,CUST02413,Savings,2023-11-18,BR0040,8648.81,Active
ACC001321,CUST03048,Savings,2022-12-26,BR0019,30543.45,Active
ACC001322,CUST04526,Current,2020-12-29,BR0037,36350.31,Active
ACC001323,CUST00266,Current,2022-03-26,BR0012,91977.85,Active
ACC001324,CUST03481,Salary,2024-04-27,BR0001,8247.57,Active
ACC001325,CUST01468,Savings,2022-01-04,BR0002,81677.03,Active
ACC001326,CUST03386,Salary,2021-08-02,BR0036,11413.06,Active
ACC001327,CUST02181,Savings,2021-04-07,BR0044,4433.59,Active
ACC001328,CUST04059,Savings,2023-10-15,BR0004,52520.76,Active
ACC001329,CUST00208,Savings,2024-10-23,BR0029,103663.99,Active
ACC001330,CUST00159,Savings,2025-10-21,BR0006,491634.47,Active
ACC001331,CUST01590,Current,2023-11-23,BR0050,5220.4,Active
ACC001332,CUST02806,Salary,2023-05-01,BR0001,50955.28,Inactive
ACC001333,CUST02386,Salary,2023-05-08,BR0013,13470.25,Active
ACC001334,CUST03386,Current,2021-01-03,BR0012,56389.06,Active
ACC001335,CUST02291,Current,2023-10-18,BR0037,3772.2,Active
ACC001336,CUST00927,Current,2025-04-24,BR0011,4840.03,Active
ACC001337,CUST03634,Current,2020-02-27,BR0016,8681.51,Active
ACC001338,CUST00044,Salary,2022-08-27,BR0015,24215.71,Inactive
ACC001339,CUST00267,Salary,2020-07-20,BR0026,10205.71,Active
ACC001340,CUST02664,Current,2020-03-20,BR0004,48575.05,Active
ACC001341,CUST02866,Salary,2022-05-26,BR0047,75529.12,Active
ACC001342,CUST04506,Current,2025-08-27,BR0007,45228.97,Active
ACC001343,CUST01794,Salary,2023-09-15,BR0039,153667.3,Active
ACC001344,CUST03785,Salary,2024-10-26,BR0011,36278.91,Blocked
ACC001345,CUST04041,Savings,2022-02-09,BR0035,5113.93,Active
ACC001346,CUST01312,Salary,2020-11-07,BR0008,113102.73,Active
ACC001347,CUST01821,Current,2021-08-25,BR0042,10655.3,Active
ACC001348,CUST04614,Current,2024-01-23,BR0004,65676.88,Active
ACC001349,CUST03527,Salary,2023-11-08,BR0027,145580.0,Active
ACC001350,CUST02713,Savings,2026-06-26,BR0030,38102.14,Active
ACC001351,CUST04530,Salary,2021-06-28,BR0020,3657.77,Active
ACC001352,CUST01683,Salary,2023-03-11,BR0032,7318.39,Active
ACC001353,CUST04804,Current,2023-10-27,BR0002,107720.3,Active
ACC001354,CUST00005,Salary,2019-10-05,BR0035,17980.67,Active
ACC001355,CUST00023,Current,2022-04-08,BR0048,24233.43,Active
ACC001356,CUST02977,Current,2025-01-08,BR0002,54753.1,Active
ACC001357,CUST04470,Savings,2020-12-30,BR0043,50796.74,Active
ACC001358,CUST00847,Salary,2022-07-12,BR0011,30778.13,Active
ACC001359,CUST01360,Savings,2025-01-04,BR0050,17147.33,Active
ACC001360,CUST03043,Current,2022-04-17,BR0016,15135.49,Active
ACC001361,CUST02290,Current,2025-06-20,BR0035,61665.42,Active
ACC001362,CUST00284,Salary,2024-11-28,BR0015,42799.57,Active
ACC001363,CUST01286,Current,2023-04-19,BR0013,16175.29,Active
ACC001364,CUST01420,Savings,2024-11-07,BR0011,80703.3,Active
ACC001365,CUST00551,Savings,2020-09-07,BR0010,18866.8,Active
ACC001366,CUST02715,Current,2024-09-29,BR0004,7926.81,Active
ACC001367,CUST01854,Current,2020-10-01,BR0019,8859.41,Active
ACC001368,CUST00274,Savings,2024-02-26,BR0026,6805.67,Active
ACC001369,CUST04542,Salary,2022-01-17,BR0019,15884.64,Active
ACC001370,CUST01706,Salary,2022-07-20,BR0013,96806.47,Active
ACC001371,CUST02012,Savings,2025-10-24,BR0011,8382.37,Active
ACC001372,CUST02018,Current,2022-10-28,BR0011,27616.56,Active
ACC001373,CUST01084,Savings,2026-07-07,BR0035,10016.34,Active
ACC001374,CUST04623,Salary,2025-07-04,BR0048,16116.99,Active
ACC001375,CUST01889,Savings,2020-09-27,BR0009,3597.34,Active
ACC001376,CUST02208,Current,2022-10-17,BR0006,16904.82,Active
ACC001377,CUST04750,Savings,2024-06-16,BR0029,17458.0,Active
ACC001378,CUST04903,Current,2023-09-05,BR0021,42122.85,Active
ACC001379,CUST04925,Salary,2020-03-09,BR0009,28794.43,Inactive
ACC001380,CUST00966,Savings,2019-10-20,BR0016,5228.76,Inactive
ACC001381,CUST03289,Savings,2023-06-15,BR0005,80905.57,Active
ACC001382,CUST02532,Salary,2022-10-18,BR0024,28349.47,Active
ACC001383,CUST00538,Savings,2023-03-13,BR0025,27947.2,Active
ACC001384,CUST02198,Salary,2021-09-28,BR0006,21785.09,Active
ACC001385,CUST03672,Current,2021-06-06,BR0040,11833.52,Blocked
ACC001386,CUST00802,Salary,2022-06-04,BR0009,28605.74,Active
ACC001387,CUST03657,Savings,2025-07-03,BR0045,38976.19,Active
ACC001388,CUST03946,Current,2021-08-20,BR0015,2707.35,Active
ACC001389,CUST01050,Current,2022-04-23,BR0018,11538.99,Active
ACC001390,CUST01239,Salary,2025-01-15,BR0033,16221.03,Active
ACC001391,CUST03266,Current,2023-09-13,BR0025,29953.6,Active
ACC001392,CUST01163,Salary,2026-05-05,BR0002,92223.77,Active
ACC001393,CUST03488,Savings,2022-01-13,BR0029,8724.68,Active
ACC001394,CUST01873,Savings,2024-05-15,BR0001,12117.98,Active
ACC001395,CUST01298,Salary,2022-07-19,BR0048,11907.92,Active
ACC001396,CUST02201,Current,2024-07-23,BR0009,8418.33,Active
ACC001397,CUST01566,Savings,2026-05-27,BR0046,14521.36,Active
ACC001398,CUST02899,Salary,2022-06-19,BR0015,55545.77,Active
ACC001399,CUST02906,Savings,2025-08-03,BR0021,6219.21,Active
ACC001400,CUST01720,Salary,2021-04-20,BR0050,36804.57,Active
ACC001401,CUST04767,Salary,2020-09-23,BR0007,2857.54,Active
ACC001402,CUST00405,Salary,2022-05-21,BR0029,11230.57,Active
ACC001403,CUST04844,Current,2026-04-19,BR0041,14833.05,Active
ACC001404,CUST03819,Salary,2025-01-11,BR0009,164362.82,Active
ACC001405,CUST02059,Savings,2024-07-07,BR0010,15839.11,Inactive
ACC001406,CUST04111,Salary,2021-08-06,BR0016,1569.49,Active
ACC001407,CUST02084,Salary,2025-09-03,BR0044,2000.86,Active
ACC001408,CUST04422,Savings,2024-09-09,BR0038,22944.55,Active
ACC001409,CUST00061,Current,2024-10-31,BR0050,46005.9,Active
ACC001410,CUST04036,Savings,2021-08-31,BR0028,34563.28,Active
ACC001411,CUST03132,Salary,2026-07-26,BR0013,26932.37,Inactive
ACC001412,CUST01921,Savings,2026-08-15,BR0038,88850.59,Active
ACC001413,CUST04573,Current,2021-10-07,BR0023,11527.5,Active
ACC001414,CUST00469,Savings,2023-10-21,BR0022,64465.96,Active
ACC001415,CUST04448,Salary,2024-06-10,BR0019,3107.53,Inactive
ACC001416,CUST02253,Savings,2023-08-24,BR0034,7435.81,Active
ACC001417,CUST04125,Current,2019-10-25,BR0048,2518.83,Active
ACC001418,CUST01574,Salary,2022-04-25,BR0035,15838.29,Active
ACC001419,CUST02627,Salary,2023-12-30,BR0028,20837.02,Active
ACC001420,CUST03915,Savings,2020-06-17,BR0026,25258.6,Active
ACC001421,CUST00148,Salary,2022-12-01,BR0033,23724.42,Active
ACC001422,CUST03951,Savings,2026-01-11,BR0043,7236.81,Active
ACC001423,CUST01379,Current,2020-11-28,BR0020,17530.74,Active
ACC001424,CUST02613,Salary,2024-12-14,BR0024,3652.12,Active
ACC001425,CUST04798,Current,2022-05-21,BR0011,113082.71,Active
ACC001426,CUST01415,Savings,2020-05-04,BR0023,15300.62,Active
ACC001427,CUST00871,Salary,2024-02-25,BR0012,12250.68,Active
ACC001428,CUST03324,Savings,2023-10-29,BR0049,148260.83,Active
ACC001429,CUST02457,Current,2023-08-02,BR0012,4960.71,Active
ACC001430,CUST01546,Salary,2024-10-10,BR0049,5706.13,Active
ACC001431,CUST01477,Salary,2025-11-03,BR0001,5910.79,Active
ACC001432,CUST01389,Savings,2021-11-29,BR0016,20303.62,Active
ACC001433,CUST00715,Current,2020-03-20,BR0037,36973.55,Active
ACC001434,CUST04867,Savings,2023-06-22,BR0001,53509.29,Active
ACC001435,CUST03421,Current,2022-12-18,BR0011,482335.1,Active
ACC001436,CUST03633,Savings,2026-04-06,BR0009,1481.31,Active
ACC001437,CUST00003,Current,2021-04-17,BR0022,45728.76,Active
ACC001438,CUST00432,Salary,2026-05-19,BR0024,11287.41,Active
ACC001439,CUST01517,Savings,2026-03-14,BR0031,10897.64,Active
ACC001440,CUST00323,Savings,2021-12-31,BR0046,10470.04,Active
ACC001441,CUST00614,Savings,2025-09-14,BR0048,7401.78,Active
ACC001442,CUST04710,Savings,2020-11-12,BR0016,166280.23,Active
ACC001443,CUST01645,Salary,2022-09-29,BR0040,60521.67,Active
ACC001444,CUST01314,Current,2026-04-07,BR0030,22648.19,Active
ACC001445,CUST04849,Savings,2020-02-25,BR0025,111437.47,Active
ACC001446,CUST00384,Current,2023-09-05,BR0002,3586.62,Active
ACC001447,CUST01177,Current,2021-09-30,BR0032,4461.11,Active
ACC001448,CUST02625,Current,2021-07-19,BR0018,1613.95,Active
ACC001449,CUST03425,Savings,2025-01-12,BR0031,9515.74,Inactive
ACC001450,CUST01064,Current,2019-09-04,BR0019,26743.27,Active
ACC001451,CUST04307,Salary,2022-06-07,BR0023,24920.11,Active
ACC001452,CUST04690,Current,2022-09-05,BR0015,26349.65,Active
ACC001453,CUST01638,Current,2024-12-05,BR0028,4051.05,Active
ACC001454,CUST03487,Salary,2023-10-03,BR0010,57744.63,Active
ACC001455,CUST00912,Savings,2024-06-05,BR0013,29364.83,Active
ACC001456,CUST00940,Savings,2020-11-21,BR0042,53085.82,Active
ACC001457,CUST02122,Current,2026-04-25,BR0046,2272.61,Active
ACC001458,CUST03566,Current,2021-12-20,BR0009,32009.53,Active
ACC001459,CUST00813,Current,2022-05-16,BR0023,5295.87,Active
ACC001460,CUST02357,Savings,2023-10-09,BR0048,13673.46,Active
ACC001461,CUST01464,Current,2022-04-28,BR0031,41824.51,Active
ACC001462,CUST03182,Salary,2024-10-16,BR0024,24570.76,Active
ACC001463,CUST03443,Savings,2024-03-18,BR0028,7927.97,Active
ACC001464,CUST01708,Current,2021-05-08,BR0039,22192.9,Active
ACC001465,CUST00369,Current,2026-07-18,BR0028,3505.74,Active
ACC001466,CUST03878,Current,2025-02-21,BR0022,87581.13,Active
ACC001467,CUST04510,Current,2021-04-01,BR0002,17217.11,Blocked
ACC001468,CUST04051,Salary,2024-09-24,BR0040,84310.35,Active
ACC001469,CUST01413,Current,2024-10-17,BR0045,11709.57,Active
ACC001470,CUST01382,Current,2020-09-02,BR0036,11751.18,Active
ACC001471,CUST02521,Current,2022-03-01,BR0050,8804.13,Active
ACC001472,CUST04065,Savings,2025-11-20,BR0015,63032.69,Active
ACC001473,CUST03510,Current,2020-03-01,BR0013,9402.05,Active
ACC001474,CUST03185,Salary,2025-11-27,BR0017,47739.5,Active
ACC001475,CUST00089,Savings,2021-04-22,BR0023,13919.65,Active
ACC001476,CUST04392,Current,2024-02-07,BR0048,2056.67,Active
ACC001477,CUST01121,Current,2026-06-11,BR0036,11110.25,Active
ACC001478,CUST02301,Salary,2023-12-09,BR0030,5351.17,Active
ACC001479,CUST04225,Current,2022-01-19,BR0047,22941.05,Active
ACC001480,CUST00518,Salary,2021-10-05,BR0001,5279.1,Inactive
ACC001481,CUST00027,Salary,2026-05-17,BR0022,66914.44,Active
ACC001482,CUST02763,Salary,2022-11-06,BR0021,19746.05,Active
ACC001483,CUST02195,Savings,2023-04-01,BR0006,17798.77,Active
ACC001484,CUST02282,Savings,2025-08-10,BR0021,48391.07,Active
ACC001485,CUST04944,Savings,2026-08-12,BR0003,70030.65,Active
ACC001486,CUST01806,Current,2019-09-28,BR0035,21501.58,Active
ACC001487,CUST03501,Savings,2022-03-09,BR0020,8730.34,Active
ACC001488,CUST03364,Salary,2021-11-13,BR0007,2620.8,Active
ACC001489,CUST03733,Salary,2021-05-21,BR0034,9669.58,Active
ACC001490,CUST01739,Current,2020-11-15,BR0004,10502.26,Active
ACC001491,CUST03074,Savings,2022-03-02,BR0035,25045.99,Active
ACC001492,CUST02879,Current,2019-11-12,BR0017,14556.95,Active
ACC001493,CUST03829,Savings,2019-11-23,BR0044,50287.89,Active
ACC001494,CUST01916,Current,2025-03-11,BR0036,10555.69,Active
ACC001495,CUST00551,Current,2025-02-15,BR0043,20569.21,Active
ACC001496,CUST00714,Salary,2026-02-18,BR0024,91197.7,Active
ACC001497,CUST04989,Salary,2023-03-27,BR0003,33196.19,Active
ACC001498,CUST01222,Current,2020-04-26,BR0031,20495.38,Active
ACC001499,CUST01368,Salary,2022-10-14,BR0008,10696.44,Active
ACC001500,CUST04236,Current,2023-08-09,BR0022,10302.3,Active
ACC001501,CUST03723,Salary,2026-04-01,BR0036,7936.79,Active
ACC001502,CUST02377,Savings,2020-11-26,BR0024,11507.93,Active
ACC001503,CUST03510,Savings,2023-06-13,BR0022,54545.96,Active
ACC001504,CUST01867,Salary,2024-12-21,BR0016,16877.46,Active
ACC001505,CUST03481,Salary,2022-11-24,BR0033,4360.2,Active
ACC001506,CUST00222,Current,2024-05-16,BR0031,183836.7,Active
ACC001507,CUST01729,Savings,2020-12-25,BR0026,32336.7,Active
ACC001508,CUST00986,Salary,2024-09-13,BR0009,4071.1,Active
ACC001509,CUST01503,Current,2023-06-05,BR0027,12962.05,Active
ACC001510,CUST03895,Salary,2026-02-06,BR0042,25161.33,Active
ACC001511,CUST00666,Salary,2022-04-27,BR0002,170332.98,Active
ACC001512,CUST03704,Salary,2020-07-25,BR0042,5827.04,Active
ACC001513,CUST02696,Savings,2021-12-22,BR0033,71057.8,Active
ACC001514,CUST04898,Savings,2023-07-12,BR0025,118111.42,Active
ACC001515,CUST01682,Salary,2021-12-30,BR0027,10359.04,Active
ACC001516,CUST01386,Salary,2021-05-01,BR0033,15787.66,Active
ACC001517,CUST04127,Current,2025-08-28,BR0026,6351.39,Active
ACC001518,CUST02580,Salary,2024-10-22,BR0021,17254.82,Active
ACC001519,CUST02480,Salary,2023-07-04,BR0009,21080.25,Active
ACC001520,CUST00967,Salary,2022-01-26,BR0030,48609.78,Active
ACC001521,CUST04596,Current,2021-01-13,BR0049,81488.74,Active
ACC001522,CUST00637,Salary,2024-08-21,BR0026,8975.78,Active
ACC001523,CUST03628,Savings,2020-09-28,BR0027,2078.1,Active
ACC001524,CUST01531,Savings,2022-05-24,BR0049,21472.03,Active
ACC001525,CUST01335,Salary,2019-10-17,BR0044,31327.29,Active
ACC001526,CUST00122,Current,2020-09-13,BR0013,29711.85,Inactive
ACC001527,CUST04754,Salary,2020-02-04,BR0012,14883.26,Active
ACC001528,CUST04170,Salary,2022-06-05,BR0006,25583.49,Active
ACC001529,CUST04642,Salary,2024-05-07,BR0011,135745.05,Active
ACC001530,CUST04603,Savings,2023-09-16,BR0027,34824.66,Active
ACC001531,CUST01672,Savings,2022-10-14,BR0030,14072.22,Active
ACC001532,CUST00050,Salary,2020-11-08,BR0028,12085.51,Active
ACC001533,CUST02523,Salary,2022-05-01,BR0017,17964.94,Active
ACC001534,CUST04812,Current,2025-10-11,BR0011,157013.64,Active
ACC001535,CUST04845,Salary,2022-11-03,BR0044,17677.34,Inactive
ACC001536,CUST01921,Savings,2024-04-30,BR0044,21509.43,Active
ACC001537,CUST02678,Current,2019-11-13,BR0044,12347.68,Blocked
ACC001538,CUST04928,Salary,2024-12-30,BR0002,82353.81,Active
ACC001539,CUST02940,Salary,2023-05-06,BR0040,231377.23,Inactive
ACC001540,CUST03684,Savings,2025-02-23,BR0025,37825.38,Active
ACC001541,CUST00521,Salary,2022-05-28,BR0022,24326.64,Active
ACC001542,CUST03598,Savings,2023-01-05,BR0001,23020.48,Active
ACC001543,CUST04975,Salary,2021-03-01,BR0011,1259.96,Inactive
ACC001544,CUST02225,Savings,2022-06-05,BR0036,53862.03,Active
ACC001545,CUST02277,Salary,2024-11-11,BR0016,25874.15,Active
ACC001546,CUST01202,Salary,2026-02-12,BR0044,36827.88,Active
ACC001547,CUST00618,Current,2019-12-11,BR0047,9379.16,Active
ACC001548,CUST03394,Current,2025-02-14,BR0033,13886.21,Active
ACC001549,CUST00046,Current,2022-01-20,BR0041,13450.48,Active
ACC001550,CUST02221,Salary,2022-05-28,BR0015,75052.83,Active
ACC001551,CUST02816,Salary,2024-06-17,BR0034,13981.47,Active
ACC001552,CUST00425,Savings,2026-01-31,BR0025,268120.66,Active
ACC001553,CUST02070,Salary,2024-06-26,BR0047,36939.43,Active
ACC001554,CUST04187,Savings,2019-12-26,BR0022,4765.61,Active
ACC001555,CUST03677,Savings,2024-01-01,BR0008,18877.85,Active
ACC001556,CUST04908,Savings,2020-02-15,BR0027,10076.79,Active
ACC001557,CUST00349,Current,2025-10-18,BR0004,1582.47,Active
ACC001558,CUST04204,Salary,2025-10-01,BR0035,150146.25,Active
ACC001559,CUST00538,Current,2025-09-20,BR0011,51214.15,Active
ACC001560,CUST04332,Savings,2020-10-08,BR0039,41766.45,Inactive
ACC001561,CUST04508,Savings,2023-11-16,BR0042,26862.44,Active
ACC001562,CUST02425,Current,2020-03-11,BR0034,4194.71,Active
ACC001563,CUST00248,Salary,2020-03-23,BR0002,12328.38,Active
ACC001564,CUST04230,Salary,2020-11-02,BR0043,60484.17,Active
ACC001565,CUST02777,Salary,2020-12-08,BR0012,6238.76,Active
ACC001566,CUST03826,Salary,2020-07-08,BR0018,1055.61,Active
ACC001567,CUST03433,Salary,2024-02-05,BR0001,16772.11,Active
ACC001568,CUST04853,Salary,2021-01-14,BR0008,18580.93,Active
ACC001569,CUST03153,Savings,2025-09-20,BR0011,25917.56,Active
ACC001570,CUST03328,Current,2021-08-25,BR0009,52797.67,Active
ACC001571,CUST00272,Salary,2020-06-06,BR0009,47340.76,Active
ACC001572,CUST01967,Salary,2026-01-25,BR0008,30047.17,Active
ACC001573,CUST01436,Current,2022-09-18,BR0013,92469.83,Active
ACC001574,CUST02168,Current,2022-09-08,BR0018,3559.0,Active
ACC001575,CUST04874,Current,2022-07-11,BR0041,40356.11,Active
ACC001576,CUST02074,Current,2020-05-04,BR0034,46716.19,Active
ACC001577,CUST03970,Savings,2023-02-28,BR0006,4976.71,Active
ACC001578,CUST02419,Salary,2022-07-28,BR0043,3628.43,Active
ACC001579,CUST01330,Salary,2026-01-13,BR0024,8999.01,Active
ACC001580,CUST04888,Savings,2020-03-29,BR0038,9958.19,Active
ACC001581,CUST01280,Savings,2023-11-03,BR0030,54399.13,Active
ACC001582,CUST00074,Savings,2023-01-21,BR0036,10536.0,Active
ACC001583,CUST04669,Current,2024-04-14,BR0026,7882.35,Active
ACC001584,CUST00482,Savings,2020-03-06,BR0040,10572.8,Active
ACC001585,CUST03678,Savings,2024-02-11,BR0009,84318.69,Active
ACC001586,CUST02406,Savings,2023-03-11,BR0025,22373.94,Active
ACC001587,CUST02526,Savings,2025-02-09,BR0023,17763.46,Active
ACC001588,CUST03481,Current,2026-05-14,BR0033,19302.57,Active
ACC001589,CUST04365,Current,2023-01-07,BR0024,103826.07,Active
ACC001590,CUST02281,Salary,2025-07-23,BR0002,8964.2,Inactive
ACC001591,CUST03278,Salary,2020-12-19,BR0018,106788.97,Active
ACC001592,CUST04179,Salary,2024-04-23,BR0010,28356.05,Active
ACC001593,CUST04670,Current,2026-08-25,BR0032,18169.45,Active
ACC001594,CUST03027,Current,2020-05-29,BR0046,442891.72,Active
ACC001595,CUST01248,Savings,2026-07-30,BR0009,6205.76,Active
ACC001596,CUST00315,Current,2021-05-30,BR0026,14408.55,Active
ACC001597,CUST04951,Salary,2023-06-19,BR0034,5019.48,Active
ACC001598,CUST04795,Savings,2021-01-01,BR0009,69075.43,Active
ACC001599,CUST02543,Salary,2020-08-18,BR0032,167213.5,Inactive
ACC001600,CUST01427,Savings,2026-02-19,BR0048,163391.97,Active
ACC001601,CUST02102,Savings,2021-11-13,BR0039,95677.51,Active
ACC001602,CUST01512,Savings,2021-08-01,BR0027,17376.18,Active
ACC001603,CUST01056,Savings,2021-09-07,BR0025,14210.14,Active
ACC001604,CUST00596,Current,2020-02-17,BR0037,2964.89,Active
ACC001605,CUST01450,Savings,2025-02-18,BR0023,253482.04,Active
ACC001606,CUST04834,Salary,2025-06-18,BR0043,38668.23,Active
ACC001607,CUST04817,Salary,2024-05-23,BR0039,12205.62,Active
ACC001608,CUST04491,Savings,2019-11-09,BR0014,108409.2,Active
ACC001609,CUST04529,Salary,2020-02-05,BR0031,6854.65,Active
ACC001610,CUST03276,Salary,2025-02-12,BR0033,35880.4,Active
ACC001611,CUST04059,Current,2025-07-31,BR0040,17905.17,Active
ACC001612,CUST03554,Savings,2021-07-26,BR0020,47401.66,Active
ACC001613,CUST02088,Salary,2023-09-21,BR0012,20408.6,Active
ACC001614,CUST02061,Salary,2020-01-04,BR0016,3861.79,Active
ACC001615,CUST01640,Salary,2020-01-04,BR0034,24117.47,Active
ACC001616,CUST04912,Savings,2021-07-06,BR0010,77546.81,Blocked
ACC001617,CUST03297,Savings,2026-02-06,BR0002,21267.61,Active
ACC001618,CUST00545,Current,2021-08-17,BR0020,55833.99,Active
ACC001619,CUST03821,Current,2020-12-12,BR0010,6281.5,Active
ACC001620,CUST00552,Current,2020-10-26,BR0048,21343.17,Active
ACC001621,CUST01859,Savings,2023-11-28,BR0019,10410.68,Active
ACC001622,CUST04621,Savings,2022-05-14,BR0014,53980.44,Active
ACC001623,CUST00137,Savings,2022-05-25,BR0034,22874.77,Active
ACC001624,CUST04061,Current,2022-12-11,BR0010,50417.24,Active
ACC001625,CUST04453,Current,2026-01-29,BR0009,81247.27,Active
ACC001626,CUST04425,Current,2025-01-16,BR0042,50510.79,Active
ACC001627,CUST03144,Current,2025-05-08,BR0011,30569.01,Active
ACC001628,CUST01110,Current,2023-01-06,BR0001,6648.49,Active
ACC001629,CUST01240,Savings,2019-10-24,BR0034,21952.95,Active
ACC001630,CUST02760,Savings,2023-12-28,BR0002,11617.77,Active
ACC001631,CUST03969,Current,2026-02-28,BR0028,14575.88,Active
ACC001632,CUST00839,Salary,2022-02-10,BR0017,14052.55,Active
ACC001633,CUST03283,Savings,2023-11-02,BR0037,6796.0,Inactive
ACC001634,CUST04467,Savings,2019-11-07,BR0042,2103.15,Blocked
ACC001635,CUST03032,Current,2025-05-06,BR0035,9879.61,Active
ACC001636,CUST00036,Savings,2025-09-23,BR0031,27779.55,Active
ACC001637,CUST02016,Salary,2025-07-30,BR0001,4368.55,Active
ACC001638,CUST03347,Current,2023-03-07,BR0007,22444.9,Active
ACC001639,CUST03528,Salary,2024-04-29,BR0022,215415.09,Inactive
ACC001640,CUST01253,Salary,2020-03-24,BR0047,75182.06,Active
ACC001641,CUST02379,Savings,2019-12-28,BR0020,158300.41,Active
ACC001642,CUST02518,Current,2021-05-08,BR0017,35219.44,Active
ACC001643,CUST01339,Current,2024-08-31,BR0015,89412.14,Inactive
ACC001644,CUST01591,Current,2019-12-15,BR0043,9239.49,Active
ACC001645,CUST03316,Savings,2021-06-04,BR0001,10165.87,Active
ACC001646,CUST04016,Current,2021-08-08,BR0013,823.06,Active
ACC001647,CUST00601,Current,2024-08-09,BR0023,91434.17,Active
ACC001648,CUST03433,Savings,2023-10-30,BR0049,139858.82,Active
ACC001649,CUST01470,Savings,2019-09-17,BR0010,11341.09,Active
ACC001650,CUST04783,Salary,2022-08-15,BR0047,16240.41,Active
ACC001651,CUST01625,Salary,2025-08-14,BR0031,8913.89,Active
ACC001652,CUST03766,Savings,2020-05-02,BR0013,34863.1,Active
ACC001653,CUST01507,Current,2024-08-05,BR0020,84958.57,Active
ACC001654,CUST03675,Current,2022-10-12,BR0036,2720.78,Active
ACC001655,CUST02220,Current,2023-12-24,BR0028,36001.87,Active
ACC001656,CUST04379,Current,2021-01-17,BR0009,15803.61,Active
ACC001657,CUST02583,Savings,2023-01-10,BR0001,25237.17,Active
ACC001658,CUST03854,Current,2021-06-17,BR0021,38207.72,Active
ACC001659,CUST04984,Savings,2020-12-11,BR0031,17573.67,Active
ACC001660,CUST04566,Current,2024-03-18,BR0006,19451.82,Active
ACC001661,CUST01958,Salary,2019-09-17,BR0011,17040.53,Active
ACC001662,CUST04859,Current,2024-12-27,BR0006,70571.34,Active
ACC001663,CUST03142,Savings,2025-12-24,BR0017,36406.84,Active
ACC001664,CUST00602,Salary,2024-12-11,BR0023,28701.37,Active
ACC001665,CUST02821,Current,2022-01-16,BR0035,4792.74,Active
ACC001666,CUST00782,Current,2021-11-28,BR0029,13984.49,Active
ACC001667,CUST03215,Salary,2024-05-19,BR0024,64757.38,Active
ACC001668,CUST00959,Current,2022-10-31,BR0004,23045.73,Active
ACC001669,CUST03874,Savings,2023-12-30,BR0004,48602.87,Active
ACC001670,CUST04816,Savings,2022-12-14,BR0001,183471.42,Active
ACC001671,CUST02613,Current,2021-01-03,BR0008,76598.08,Active
ACC001672,CUST00151,Savings,2021-05-13,BR0039,24631.71,Active
ACC001673,CUST04473,Savings,2026-01-24,BR0012,11930.02,Active
ACC001674,CUST04421,Savings,2024-10-25,BR0044,1028.38,Active
ACC001675,CUST03135,Current,2021-10-30,BR0050,17996.6,Active
ACC001676,CUST00327,Savings,2022-06-30,BR0033,14895.06,Active
ACC001677,CUST04457,Salary,2021-04-25,BR0026,35187.26,Active
ACC001678,CUST02284,Salary,2022-06-07,BR0045,18312.03,Active
ACC001679,CUST03644,Salary,2021-11-11,BR0035,14995.99,Active
ACC001680,CUST03210,Current,2022-12-27,BR0011,2603.78,Active
ACC001681,CUST02769,Savings,2020-08-30,BR0025,7129.8,Active
ACC001682,CUST03583,Salary,2025-03-07,BR0039,39025.92,Active
ACC001683,CUST01669,Salary,2022-01-28,BR0016,172661.65,Active
ACC001684,CUST03421,Savings,2023-06-29,BR0013,19593.82,Active
ACC001685,CUST01556,Salary,2019-11-23,BR0030,32642.59,Active
ACC001686,CUST00170,Salary,2023-06-10,BR0033,69076.77,Active
ACC001687,CUST03539,Current,2024-10-12,BR0003,8324.24,Active
ACC001688,CUST04958,Salary,2025-03-10,BR0031,34206.7,Blocked
ACC001689,CUST00349,Salary,2025-05-13,BR0011,9058.07,Active
ACC001690,CUST00963,Salary,2024-01-02,BR0045,62180.04,Active
ACC001691,CUST04431,Salary,2026-03-14,BR0045,26414.9,Active
ACC001692,CUST02312,Savings,2023-02-06,BR0006,31512.58,Active
ACC001693,CUST01190,Current,2021-05-22,BR0025,8611.74,Active
ACC001694,CUST02747,Salary,2021-03-22,BR0018,51453.76,Active
ACC001695,CUST04595,Savings,2020-08-10,BR0022,268781.89,Active
ACC001696,CUST03272,Savings,2020-01-02,BR0012,6571.56,Active
ACC001697,CUST00913,Salary,2022-12-11,BR0042,14651.37,Active
ACC001698,CUST02419,Current,2026-06-29,BR0044,29083.58,Active
ACC001699,CUST01302,Savings,2020-07-22,BR0002,56595.65,Active
ACC001700,CUST04921,Current,2025-12-19,BR0044,11254.74,Active
ACC001701,CUST03911,Current,2021-05-25,BR0024,735.36,Active
ACC001702,CUST02428,Current,2021-05-08,BR0047,112535.88,Active
ACC001703,CUST00465,Salary,2026-02-10,BR0044,54863.71,Active
ACC001704,CUST01128,Salary,2024-07-01,BR0013,2720.21,Active
ACC001705,CUST00521,Current,2025-11-27,BR0025,10624.49,Active
ACC001706,CUST04689,Current,2026-01-02,BR0047,144613.35,Active
ACC001707,CUST02231,Current,2022-03-10,BR0032,125160.94,Active
ACC001708,CUST03344,Savings,2025-07-07,BR0027,67939.17,Active
ACC001709,CUST02677,Salary,2025-05-20,BR0049,17830.49,Active
ACC001710,CUST00023,Current,2021-06-21,BR0015,24332.91,Inactive
ACC001711,CUST01130,Salary,2024-09-11,BR0025,18824.02,Active
ACC001712,CUST04380,Current,2026-08-10,BR0002,85296.42,Active
ACC001713,CUST03983,Salary,2022-03-25,BR0029,7700.1,Active
ACC001714,CUST03181,Salary,2022-09-20,BR0026,8375.29,Active
ACC001715,CUST00425,Current,2023-08-05,BR0016,74037.69,Active
ACC001716,CUST03243,Savings,2020-02-10,BR0028,20884.58,Active
ACC001717,CUST03039,Savings,2025-02-27,BR0009,115169.57,Active
ACC001718,CUST00719,Salary,2024-12-22,BR0041,9839.75,Active
ACC001719,CUST00066,Salary,2021-08-08,BR0035,20625.14,Active
ACC001720,CUST00090,Savings,2024-06-21,BR0038,7281.59,Active
ACC001721,CUST00969,Savings,2021-10-17,BR0004,22221.94,Active
ACC001722,CUST01944,Salary,2021-06-29,BR0002,3735.9,Active
ACC001723,CUST01109,Savings,2023-12-30,BR0039,12269.11,Active
ACC001724,CUST01295,Salary,2019-11-07,BR0013,3930.4,Active
ACC001725,CUST03769,Current,2022-04-14,BR0037,50650.68,Active
ACC001726,CUST04895,Current,2019-10-03,BR0015,52047.25,Active
ACC001727,CUST04707,Salary,2021-06-28,BR0012,2761.93,Inactive
ACC001728,CUST00342,Savings,2021-03-10,BR0040,109170.14,Active
ACC001729,CUST03526,Savings,2022-06-28,BR0009,441043.22,Active
ACC001730,CUST03797,Current,2021-05-28,BR0032,23276.69,Active
ACC001731,CUST02636,Current,2023-11-25,BR0018,10205.3,Blocked
ACC001732,CUST04838,Savings,2025-10-09,BR0003,652911.39,Active
ACC001733,CUST04562,Salary,2022-12-15,BR0019,4524.39,Active
ACC001734,CUST02699,Savings,2025-10-09,BR0033,22564.38,Active
ACC001735,CUST04567,Savings,2022-06-08,BR0041,27324.71,Active
ACC001736,CUST04490,Salary,2023-07-18,BR0025,110655.51,Active
ACC001737,CUST02871,Salary,2022-12-22,BR0014,33917.51,Active
ACC001738,CUST02319,Current,2024-10-07,BR0026,12108.21,Blocked
ACC001739,CUST01286,Savings,2026-01-23,BR0039,7034.48,Active
ACC001740,CUST03040,Savings,2021-01-20,BR0008,14615.15,Active
ACC001741,CUST04056,Savings,2023-10-31,BR0021,6579.32,Active
ACC001742,CUST03113,Savings,2023-09-25,BR0016,23327.55,Inactive
ACC001743,CUST03346,Savings,2024-06-02,BR0027,11192.11,Active
ACC001744,CUST02537,Salary,2024-09-22,BR0028,3667.09,Active
ACC001745,CUST00086,Current,2022-01-28,BR0029,99327.22,Active
ACC001746,CUST01264,Current,2026-05-30,BR0026,12122.19,Active
ACC001747,CUST01612,Current,2025-04-28,BR0005,4808.96,Active
ACC001748,CUST02992,Savings,2021-10-06,BR0005,17999.32,Active
ACC001749,CUST01631,Salary,2020-04-23,BR0001,23909.85,Active
ACC001750,CUST01888,Salary,2024-11-21,BR0047,2708.74,Active
ACC001751,CUST00739,Current,2020-07-24,BR0032,32793.22,Active
ACC001752,CUST02589,Current,2019-08-26,BR0004,6269.24,Active
ACC001753,CUST03605,Salary,2019-11-30,BR0004,171653.74,Active
ACC001754,CUST01469,Current,2024-12-01,BR0020,41305.57,Active
ACC001755,CUST02010,Salary,2020-01-28,BR0021,13631.25,Active
ACC001756,CUST04647,Current,2019-09-29,BR0004,9007.37,Active
ACC001757,CUST02165,Salary,2021-12-25,BR0048,19419.61,Active
ACC001758,CUST00796,Salary,2019-08-26,BR0021,45951.83,Active
ACC001759,CUST03831,Salary,2022-03-25,BR0004,21362.81,Active
ACC001760,CUST03771,Savings,2023-06-08,BR0037,16973.51,Active
ACC001761,CUST00655,Salary,2022-11-23,BR0034,23624.61,Active
ACC001762,CUST04355,Current,2025-11-06,BR0028,10671.9,Inactive
ACC001763,CUST02461,Salary,2024-06-25,BR0026,14590.89,Active
ACC001764,CUST03520,Current,2021-01-02,BR0025,1802.71,Active
ACC001765,CUST04537,Savings,2020-06-23,BR0013,70860.72,Active
ACC001766,CUST04975,Current,2020-02-08,BR0017,31525.67,Active
ACC001767,CUST04584,Current,2022-10-12,BR0026,8706.74,Active
ACC001768,CUST00057,Current,2021-06-24,BR0044,215019.07,Active
ACC001769,CUST01522,Savings,2025-02-21,BR0048,24450.84,Active
ACC001770,CUST03884,Salary,2021-04-09,BR0006,6352.65,Active
ACC001771,CUST02002,Savings,2023-04-01,BR0042,61579.54,Active
ACC001772,CUST01521,Savings,2025-12-16,BR0002,35513.13,Active
ACC001773,CUST03543,Current,2022-10-27,BR0016,35365.64,Active
ACC001774,CUST01177,Salary,2020-04-18,BR0046,13214.81,Active
ACC001775,CUST03925,Savings,2022-01-11,BR0044,37820.06,Active
ACC001776,CUST04633,Current,2023-03-15,BR0019,16088.98,Active
ACC001777,CUST01525,Salary,2025-03-17,BR0009,42921.57,Active
ACC001778,CUST01343,Current,2019-11-03,BR0030,2239.63,Active
ACC001779,CUST04864,Salary,2022-03-07,BR0012,13086.7,Active
ACC001780,CUST03599,Current,2026-03-15,BR0016,173960.95,Active
ACC001781,CUST01307,Savings,2019-12-12,BR0047,8773.75,Active
ACC001782,CUST02771,Salary,2020-09-02,BR0010,10672.16,Active
ACC001783,CUST01953,Salary,2022-03-21,BR0012,12867.32,Active
ACC001784,CUST00770,Current,2020-11-08,BR0045,5126.78,Blocked
ACC001785,CUST00535,Current,2021-11-19,BR0040,1556.29,Active
ACC001786,CUST01436,Salary,2023-07-15,BR0018,16702.21,Active
ACC001787,CUST01741,Current,2026-06-17,BR0032,25926.77,Active
ACC001788,CUST04954,Salary,2021-05-22,BR0034,20681.48,Active
ACC001789,CUST04982,Savings,2020-09-02,BR0044,18511.47,Active
ACC001790,CUST02631,Savings,2025-01-24,BR0022,23194.0,Active
ACC001791,CUST02803,Savings,2025-12-24,BR0025,75162.65,Active
ACC001792,CUST03626,Current,2025-06-13,BR0028,17526.42,Active
ACC001793,CUST04992,Salary,2026-05-24,BR0005,11060.12,Active
ACC001794,CUST01812,Savings,2019-11-28,BR0002,15719.38,Active
ACC001795,CUST03223,Current,2023-09-14,BR0016,44144.17,Active
ACC001796,CUST01268,Savings,2021-02-18,BR0050,119902.27,Active
ACC001797,CUST01234,Savings,2019-10-09,BR0032,10365.39,Active
ACC001798,CUST03825,Savings,2020-08-09,BR0014,24803.02,Active
ACC001799,CUST03393,Salary,2020-05-19,BR0033,33058.33,Active
ACC001800,CUST00277,Current,2025-10-24,BR0026,6693.6,Active
ACC001801,CUST03917,Savings,2021-08-24,BR0029,22572.79,Active
ACC001802,CUST04576,Current,2023-07-10,BR0004,3794.06,Active
ACC001803,CUST00284,Current,2024-07-31,BR0040,2636.32,Active
ACC001804,CUST04125,Current,2025-07-24,BR0009,34203.93,Active
ACC001805,CUST00695,Salary,2024-05-22,BR0003,13895.92,Active
ACC001806,CUST02438,Salary,2021-12-21,BR0004,28077.86,Active
ACC001807,CUST04064,Current,2021-12-12,BR0002,21558.51,Active
ACC001808,CUST03559,Current,2019-11-04,BR0049,6824.81,Active
ACC001809,CUST01369,Current,2025-08-17,BR0030,20862.21,Active
ACC001810,CUST03042,Salary,2024-06-09,BR0001,5015.45,Active
ACC001811,CUST03521,Savings,2023-09-24,BR0001,116910.84,Active
ACC001812,CUST02008,Salary,2020-03-09,BR0026,4327.89,Active
ACC001813,CUST04165,Salary,2025-11-14,BR0023,17414.49,Active
ACC001814,CUST03306,Current,2025-07-14,BR0027,6306.11,Active
ACC001815,CUST02317,Salary,2020-12-14,BR0029,43673.88,Active
ACC001816,CUST04875,Current,2021-06-25,BR0042,14798.52,Active
ACC001817,CUST00856,Salary,2020-03-15,BR0014,11820.61,Blocked
ACC001818,CUST04676,Salary,2023-01-12,BR0032,61318.81,Active
ACC001819,CUST04438,Salary,2025-06-01,BR0018,22818.27,Active
ACC001820,CUST04901,Savings,2022-11-10,BR0017,40944.52,Active
ACC001821,CUST04146,Current,2019-11-26,BR0003,6784.59,Active
ACC001822,CUST02581,Current,2019-12-19,BR0001,4081.5,Active
ACC001823,CUST04893,Salary,2023-11-18,BR0043,25050.51,Active
ACC001824,CUST03416,Current,2023-04-30,BR0019,15023.7,Active
ACC001825,CUST01080,Salary,2023-08-11,BR0015,46710.38,Inactive
ACC001826,CUST02108,Current,2023-02-27,BR0007,20012.45,Active
ACC001827,CUST01286,Salary,2021-02-19,BR0036,28172.18,Active
ACC001828,CUST04372,Salary,2019-10-06,BR0005,3139.88,Active
ACC001829,CUST00855,Current,2024-07-21,BR0040,212378.29,Active
ACC001830,CUST02781,Savings,2020-01-09,BR0017,18086.29,Active
ACC001831,CUST00600,Savings,2025-03-27,BR0044,50873.85,Active
ACC001832,CUST01339,Savings,2020-03-08,BR0013,8076.31,Active
ACC001833,CUST04351,Salary,2026-03-12,BR0020,31876.1,Active
ACC001834,CUST02460,Savings,2022-01-14,BR0041,4612.78,Active
ACC001835,CUST03258,Salary,2025-09-08,BR0030,37891.47,Active
ACC001836,CUST04028,Savings,2022-01-16,BR0033,14369.04,Active
ACC001837,CUST04312,Savings,2025-10-06,BR0009,22811.69,Active
ACC001838,CUST04308,Salary,2023-09-22,BR0035,50897.49,Active
ACC001839,CUST00474,Current,2021-05-16,BR0043,5018.83,Active
ACC001840,CUST02377,Savings,2026-06-21,BR0025,9687.68,Active
ACC001841,CUST03150,Salary,2021-12-03,BR0005,38131.24,Blocked
ACC001842,CUST01638,Salary,2019-11-09,BR0047,273174.42,Active
ACC001843,CUST03032,Current,2025-05-11,BR0020,18663.06,Active
ACC001844,CUST04711,Salary,2021-12-17,BR0035,44773.12,Inactive
ACC001845,CUST02221,Current,2021-04-01,BR0002,19372.97,Active
ACC001846,CUST02659,Salary,2021-08-24,BR0028,226544.06,Active
ACC001847,CUST02207,Salary,2025-07-07,BR0050,2706.29,Active
ACC001848,CUST01580,Salary,2023-06-17,BR0035,24674.98,Active
ACC001849,CUST00031,Salary,2026-07-17,BR0029,3131.75,Active
ACC001850,CUST03236,Savings,2019-09-01,BR0004,1088.02,Active
ACC001851,CUST00487,Salary,2025-03-07,BR0010,31475.18,Active
ACC001852,CUST03148,Current,2020-01-10,BR0009,26040.22,Active
ACC001853,CUST03430,Current,2024-06-09,BR0023,15649.52,Active
ACC001854,CUST03684,Salary,2023-05-09,BR0033,19391.05,Active
ACC001855,CUST02276,Current,2024-05-27,BR0032,907055.87,Active
ACC001856,CUST04283,Current,2025-08-17,BR0021,16158.31,Active
ACC001857,CUST02937,Current,2023-10-21,BR0023,40625.42,Active
ACC001858,CUST01411,Current,2026-05-21,BR0031,10104.76,Active
ACC001859,CUST00047,Savings,2021-08-14,BR0004,31391.08,Active
ACC001860,CUST03657,Current,2025-09-26,BR0034,16549.64,Active
ACC001861,CUST03400,Salary,2025-12-18,BR0009,13458.66,Active
ACC001862,CUST00471,Current,2020-01-19,BR0005,195375.42,Active
ACC001863,CUST02891,Current,2022-02-01,BR0021,90456.28,Active
ACC001864,CUST01435,Current,2022-09-30,BR0020,25954.39,Active
ACC001865,CUST04197,Salary,2020-05-26,BR0040,1387.07,Active
ACC001866,CUST02426,Savings,2024-09-26,BR0010,14282.48,Active
ACC001867,CUST01653,Savings,2022-10-10,BR0034,564464.67,Active
ACC001868,CUST04378,Current,2023-07-13,BR0002,16700.7,Active
ACC001869,CUST01912,Current,2026-08-18,BR0031,82773.32,Active
ACC001870,CUST00521,Current,2023-09-01,BR0002,124284.79,Inactive
ACC001871,CUST03345,Savings,2024-04-12,BR0003,28645.64,Active
ACC001872,CUST02444,Current,2021-01-16,BR0010,8020.97,Active
ACC001873,CUST04200,Salary,2022-10-28,BR0027,1185.15,Active
ACC001874,CUST00371,Salary,2025-04-02,BR0022,50060.92,Active
ACC001875,CUST04429,Salary,2022-10-22,BR0048,8285.75,Active
ACC001876,CUST00250,Salary,2025-10-29,BR0050,27211.11,Active
ACC001877,CUST00567,Savings,2024-05-02,BR0018,4915.83,Active
ACC001878,CUST00100,Salary,2024-04-01,BR0050,16021.95,Active
ACC001879,CUST00543,Salary,2020-11-20,BR0031,22936.0,Active
ACC001880,CUST04718,Current,2022-05-18,BR0009,30403.48,Active
ACC001881,CUST02758,Savings,2025-11-26,BR0036,5780.31,Active
ACC001882,CUST01719,Current,2025-02-01,BR0025,92623.03,Active
ACC001883,CUST04315,Savings,2022-08-07,BR0020,10761.46,Active
ACC001884,CUST00347,Current,2023-02-10,BR0014,2953.18,Active
ACC001885,CUST03094,Salary,2021-02-16,BR0032,19325.33,Active
ACC001886,CUST04174,Savings,2024-08-01,BR0037,22954.07,Active
ACC001887,CUST01825,Salary,2023-01-25,BR0017,26707.7,Active
ACC001888,CUST02759,Salary,2022-10-25,BR0041,112934.0,Active
ACC001889,CUST00370,Savings,2023-08-17,BR0043,16585.12,Blocked
ACC001890,CUST00009,Savings,2022-08-09,BR0046,19081.15,Active
ACC001891,CUST02215,Savings,2026-03-05,BR0042,5861.61,Active
ACC001892,CUST00363,Savings,2022-02-19,BR0006,58962.93,Active
ACC001893,CUST04346,Salary,2020-11-26,BR0049,27478.82,Active
ACC001894,CUST04265,Current,2026-07-29,BR0040,13305.95,Active
ACC001895,CUST00144,Current,2025-05-15,BR0013,2240.36,Active
ACC001896,CUST01259,Savings,2026-01-16,BR0015,124653.68,Active
ACC001897,CUST03605,Salary,2023-11-09,BR0030,5048.18,Active
ACC001898,CUST04363,Current,2025-05-25,BR0030,10834.24,Active
ACC001899,CUST02993,Savings,2024-04-05,BR0043,33860.8,Active
ACC001900,CUST04207,Current,2023-02-13,BR0048,5240.28,Active
ACC001901,CUST04282,Salary,2022-09-18,BR0011,3669.42,Active
ACC001902,CUST04104,Salary,2023-04-28,BR0049,1722.04,Active
ACC001903,CUST04968,Current,2020-05-20,BR0042,52323.26,Active
ACC001904,CUST03248,Salary,2024-10-08,BR0033,11450.36,Active
ACC001905,CUST02265,Savings,2021-10-20,BR0037,738756.84,Active
ACC001906,CUST02005,Salary,2020-10-26,BR0050,6679.34,Active
ACC001907,CUST03518,Savings,2022-06-24,BR0048,7290.0,Active
ACC001908,CUST04495,Current,2022-09-13,BR0046,11176.05,Active
ACC001909,CUST02294,Savings,2025-02-20,BR0030,29488.68,Active
ACC001910,CUST03937,Current,2023-08-14,BR0034,12528.43,Active
ACC001911,CUST03633,Savings,2023-06-26,BR0045,45926.55,Active
ACC001912,CUST03301,Savings,2026-01-22,BR0038,6806.91,Active
ACC001913,CUST00709,Current,2024-03-27,BR0006,4196.85,Blocked
ACC001914,CUST04339,Savings,2025-06-08,BR0030,2545.65,Active
ACC001915,CUST01226,Current,2021-01-17,BR0050,1527.99,Active
ACC001916,CUST03126,Current,2020-01-05,BR0022,11829.09,Active
ACC001917,CUST03395,Salary,2022-07-28,BR0036,15349.28,Active
ACC001918,CUST00192,Current,2023-12-16,BR0010,10324.51,Active
ACC001919,CUST03770,Salary,2024-12-19,BR0010,97937.71,Active
ACC001920,CUST03882,Savings,2020-11-18,BR0029,96147.26,Active
ACC001921,CUST04746,Savings,2024-09-28,BR0010,14738.77,Active
ACC001922,CUST01868,Current,2022-07-22,BR0044,2558.8,Active
ACC001923,CUST00464,Savings,2024-03-30,BR0046,11158.47,Active
ACC001924,CUST03510,Current,2025-01-11,BR0018,10723.73,Active
ACC001925,CUST04442,Salary,2025-12-25,BR0041,10010.98,Active
ACC001926,CUST04524,Current,2021-01-02,BR0030,9535.12,Blocked
ACC001927,CUST04759,Current,2026-06-11,BR0046,10055.19,Active
ACC001928,CUST03647,Current,2024-07-12,BR0032,13851.52,Active
ACC001929,CUST01660,Salary,2020-11-01,BR0034,10273.78,Active
ACC001930,CUST04462,Salary,2026-08-05,BR0040,28282.17,Active
ACC001931,CUST03707,Salary,2026-05-22,BR0014,33943.15,Active
ACC001932,CUST00544,Current,2021-05-26,BR0038,7385.15,Active
ACC001933,CUST04048,Salary,2025-07-18,BR0004,101242.95,Active
ACC001934,CUST02479,Current,2023-01-08,BR0033,6794.88,Blocked
ACC001935,CUST03200,Savings,2020-05-05,BR0026,3160.99,Active
ACC001936,CUST01722,Salary,2023-03-19,BR0017,34784.73,Active
ACC001937,CUST03632,Current,2020-08-07,BR0014,8259.42,Active
ACC001938,CUST01275,Savings,2023-11-30,BR0044,32388.21,Active
ACC001939,CUST00650,Savings,2024-04-11,BR0016,1231.02,Active
ACC001940,CUST00892,Savings,2020-01-03,BR0008,117119.16,Active
ACC001941,CUST04937,Savings,2024-01-26,BR0041,49352.91,Active
ACC001942,CUST00723,Salary,2020-07-13,BR0035,3638.87,Active
ACC001943,CUST04646,Salary,2024-07-17,BR0035,3734.87,Active
ACC001944,CUST03171,Salary,2019-09-07,BR0049,163852.04,Active
ACC001945,CUST01097,Savings,2021-10-25,BR0042,9091.94,Active
ACC001946,CUST00058,Current,2024-05-01,BR0025,8094.81,Active
ACC001947,CUST04883,Savings,2025-04-20,BR0008,1452.06,Active
ACC001948,CUST04802,Savings,2021-01-18,BR0015,14458.91,Active
ACC001949,CUST01203,Salary,2025-12-10,BR0036,16759.77,Active
ACC001950,CUST04533,Salary,2021-07-30,BR0015,51978.83,Active
ACC001951,CUST04190,Salary,2025-06-20,BR0028,4109.7,Active
ACC001952,CUST04977,Current,2025-09-08,BR0003,3553.38,Active
ACC001953,CUST02591,Savings,2026-05-08,BR0027,37841.25,Active
ACC001954,CUST03771,Salary,2022-07-01,BR0040,73723.44,Active
ACC001955,CUST04249,Salary,2023-10-23,BR0015,3342.98,Blocked
ACC001956,CUST01565,Current,2020-08-23,BR0023,80645.39,Active
ACC001957,CUST00109,Current,2022-06-02,BR0029,23041.45,Active
ACC001958,CUST00832,Savings,2025-11-15,BR0043,81647.49,Active
ACC001959,CUST01787,Savings,2026-06-05,BR0021,20246.47,Active
ACC001960,CUST00350,Salary,2022-10-28,BR0050,1067.7,Active
ACC001961,CUST00269,Current,2024-04-24,BR0009,18354.67,Active
ACC001962,CUST04300,Current,2023-01-04,BR0040,78603.58,Active
ACC001963,CUST01824,Salary,2024-02-06,BR0018,7536.44,Active
ACC001964,CUST02296,Current,2025-03-27,BR0003,13827.88,Active
ACC001965,CUST04171,Salary,2026-08-14,BR0014,17830.04,Active
ACC001966,CUST00626,Current,2022-12-28,BR0005,678.97,Active
ACC001967,CUST03960,Savings,2021-07-06,BR0042,163671.57,Active
ACC001968,CUST00839,Savings,2024-07-22,BR0015,7467.75,Inactive
ACC001969,CUST02644,Savings,2022-08-20,BR0013,40412.02,Active
ACC001970,CUST03637,Savings,2026-01-10,BR0021,19849.99,Active
ACC001971,CUST03224,Salary,2023-02-13,BR0039,99622.45,Active
ACC001972,CUST00307,Salary,2025-07-01,BR0041,35856.04,Active
ACC001973,CUST03690,Salary,2026-01-16,BR0029,16615.49,Active
ACC001974,CUST01165,Savings,2020-07-21,BR0041,7538.53,Inactive
ACC001975,CUST02188,Current,2021-07-27,BR0028,57378.26,Active
ACC001976,CUST02158,Current,2025-02-04,BR0031,2325.92,Active
ACC001977,CUST02404,Savings,2025-02-15,BR0049,47813.75,Blocked
ACC001978,CUST03468,Salary,2023-07-05,BR0028,5890.8,Inactive
ACC001979,CUST00178,Savings,2020-12-21,BR0028,98986.66,Active
ACC001980,CUST01104,Salary,2025-07-21,BR0021,26730.47,Active
ACC001981,CUST04085,Salary,2026-01-21,BR0043,47712.49,Active
ACC001982,CUST00976,Current,2021-04-02,BR0038,24303.77,Inactive
ACC001983,CUST02999,Current,2025-09-28,BR0046,2689.6,Active
ACC001984,CUST04927,Salary,2019-08-27,BR0043,7841.03,Active
ACC001985,CUST03598,Savings,2026-05-26,BR0007,49358.6,Active
ACC001986,CUST04584,Salary,2023-12-10,BR0014,26902.84,Active
ACC001987,CUST01120,Salary,2026-06-15,BR0006,90870.24,Active
ACC001988,CUST03018,Salary,2020-07-25,BR0043,35736.56,Active
ACC001989,CUST01341,Savings,2023-11-11,BR0015,6904.7,Active
ACC001990,CUST00742,Current,2020-11-16,BR0048,8473.7,Active
ACC001991,CUST04506,Current,2020-04-06,BR0041,24921.87,Active
ACC001992,CUST04404,Savings,2025-07-24,BR0038,1370.8,Active
ACC001993,CUST03188,Savings,2022-04-04,BR0030,164083.42,Active
ACC001994,CUST02457,Current,2021-09-15,BR0025,37425.07,Active
ACC001995,CUST02086,Current,2026-01-29,BR0012,96032.46,Active
ACC001996,CUST02830,Salary,2023-02-07,BR0041,3305.28,Active
ACC001997,CUST04463,Current,2022-03-23,BR0042,98074.06,Active
ACC001998,CUST03990,Current,2021-06-06,BR0048,320551.65,Active
ACC001999,CUST04996,Savings,2024-04-04,BR0028,4514.03,Active
ACC002000,CUST00025,Current,2025-01-28,BR0001,55585.75,Inactive
ACC002001,CUST01357,Savings,2020-06-21,BR0033,22055.82,Active
ACC002002,CUST03314,Salary,2026-07-30,BR0036,3451.9,Active
ACC002003,CUST02349,Savings,2021-04-10,BR0015,39793.58,Active
ACC002004,CUST02457,Current,2019-11-07,BR0043,59893.53,Active
ACC002005,CUST00480,Salary,2019-10-15,BR0038,10706.95,Active
ACC002006,CUST04608,Savings,2019-11-30,BR0045,89241.35,Active
ACC002007,CUST03685,Current,2022-03-01,BR0002,2980.61,Active
ACC002008,CUST01053,Salary,2020-09-05,BR0047,3663.93,Active
ACC002009,CUST04392,Current,2021-05-30,BR0019,25949.74,Active
ACC002010,CUST01978,Savings,2021-03-24,BR0050,22707.77,Active
ACC002011,CUST01242,Current,2026-04-02,BR0041,9321.81,Active
ACC002012,CUST00243,Salary,2025-06-09,BR0047,58192.59,Active
ACC002013,CUST03150,Salary,2020-04-03,BR0012,41650.69,Active
ACC002014,CUST01546,Current,2020-03-21,BR0025,61683.2,Active
ACC002015,CUST01009,Salary,2021-10-21,BR0048,19000.8,Active
ACC002016,CUST03404,Current,2023-07-02,BR0028,45392.23,Inactive
ACC002017,CUST00013,Savings,2020-08-29,BR0021,12903.06,Active
ACC002018,CUST01971,Current,2023-03-28,BR0012,258999.76,Active
ACC002019,CUST00263,Savings,2022-09-09,BR0009,8307.76,Active
ACC002020,CUST01804,Current,2025-04-11,BR0040,275503.86,Active
ACC002021,CUST00325,Savings,2023-01-29,BR0014,22968.19,Active
ACC002022,CUST03469,Salary,2019-09-27,BR0015,4227.59,Active
ACC002023,CUST04000,Current,2025-08-02,BR0040,113742.82,Active
ACC002024,CUST00769,Current,2024-09-24,BR0029,25618.8,Active
ACC002025,CUST02683,Savings,2022-03-15,BR0041,61166.13,Active
ACC002026,CUST03307,Savings,2022-07-27,BR0018,95666.85,Active
ACC002027,CUST01346,Savings,2022-12-12,BR0016,33042.39,Active
ACC002028,CUST02871,Savings,2022-11-02,BR0030,10821.73,Active
ACC002029,CUST03240,Current,2021-06-03,BR0028,71029.89,Active
ACC002030,CUST01148,Current,2022-03-26,BR0004,22046.44,Active
ACC002031,CUST03144,Savings,2023-04-18,BR0032,50162.82,Active
ACC002032,CUST03110,Savings,2024-11-30,BR0005,1661.58,Active
ACC002033,CUST02923,Salary,2024-08-31,BR0042,37660.91,Active
ACC002034,CUST02744,Current,2023-09-20,BR0038,10236.32,Active
ACC002035,CUST01497,Current,2025-01-19,BR0044,160166.88,Active
ACC002036,CUST02153,Savings,2024-11-17,BR0020,46523.13,Active
ACC002037,CUST00216,Savings,2024-09-11,BR0036,29372.95,Active
ACC002038,CUST01466,Salary,2020-01-03,BR0022,39480.89,Active
ACC002039,CUST01707,Current,2025-06-04,BR0050,6646.67,Active
ACC002040,CUST02096,Salary,2023-10-30,BR0026,154493.61,Active
ACC002041,CUST01480,Salary,2019-12-01,BR0035,240300.26,Active
ACC002042,CUST00007,Current,2023-11-26,BR0031,35294.99,Active
ACC002043,CUST01913,Savings,2022-05-15,BR0017,148521.39,Active
ACC002044,CUST02261,Current,2022-08-22,BR0047,11125.8,Active
ACC002045,CUST00686,Current,2019-11-30,BR0044,8463.04,Active
ACC002046,CUST04754,Savings,2021-10-28,BR0010,23135.18,Active
ACC002047,CUST00938,Current,2025-08-10,BR0045,37120.67,Active
ACC002048,CUST03752,Salary,2023-09-05,BR0034,13728.32,Active
ACC002049,CUST02596,Savings,2026-06-08,BR0005,41995.67,Active
ACC002050,CUST00067,Current,2022-11-30,BR0001,31814.18,Active
ACC002051,CUST02339,Savings,2026-01-20,BR0029,6647.74,Active
ACC002052,CUST03568,Current,2024-03-26,BR0007,41050.23,Active
ACC002053,CUST00425,Salary,2026-03-13,BR0034,62083.4,Active
ACC002054,CUST04113,Savings,2020-06-25,BR0004,27058.68,Active
ACC002055,CUST04391,Current,2023-03-31,BR0016,87831.7,Active
ACC002056,CUST01689,Salary,2025-07-04,BR0006,5110.82,Active
ACC002057,CUST00532,Current,2024-08-23,BR0015,38620.58,Active
ACC002058,CUST04382,Current,2024-12-03,BR0011,5408.15,Active
ACC002059,CUST00122,Current,2022-08-20,BR0036,5785.46,Active
ACC002060,CUST03737,Savings,2025-06-22,BR0003,10330.78,Active
ACC002061,CUST03321,Salary,2023-10-27,BR0034,7111.92,Active
ACC002062,CUST02468,Savings,2019-11-18,BR0022,11411.82,Active
ACC002063,CUST00434,Current,2022-11-18,BR0042,17034.9,Active
ACC002064,CUST00019,Savings,2019-12-24,BR0028,60149.32,Active
ACC002065,CUST01622,Savings,2023-10-18,BR0047,14982.07,Active
ACC002066,CUST02157,Savings,2026-02-08,BR0046,3285.42,Active
ACC002067,CUST00101,Current,2020-05-21,BR0003,86515.72,Active
ACC002068,CUST01600,Savings,2023-09-09,BR0012,8066.64,Inactive
ACC002069,CUST03537,Current,2021-10-17,BR0042,20527.8,Active
ACC002070,CUST02746,Salary,2024-04-10,BR0002,37640.8,Active
ACC002071,CUST01132,Savings,2020-06-06,BR0019,27988.04,Active
ACC002072,CUST00786,Current,2020-05-09,BR0010,81880.44,Active
ACC002073,CUST03350,Current,2021-09-26,BR0003,39136.22,Active
ACC002074,CUST00618,Current,2025-10-23,BR0021,7835.57,Active
ACC002075,CUST04640,Savings,2025-09-26,BR0002,300822.18,Active
ACC002076,CUST03292,Current,2025-01-07,BR0016,27811.37,Active
ACC002077,CUST04255,Savings,2020-06-13,BR0009,18456.87,Active
ACC002078,CUST01120,Current,2023-07-08,BR0003,70032.21,Active
ACC002079,CUST02618,Savings,2022-11-18,BR0038,29713.04,Active
ACC002080,CUST01443,Savings,2026-01-08,BR0024,35563.45,Active
ACC002081,CUST00226,Savings,2022-07-09,BR0043,438283.31,Active
ACC002082,CUST00380,Savings,2021-09-13,BR0008,15833.04,Active
ACC002083,CUST02098,Salary,2024-10-13,BR0020,15043.28,Active
ACC002084,CUST04718,Savings,2023-08-23,BR0013,25333.79,Active
ACC002085,CUST01428,Current,2019-12-10,BR0012,79683.6,Active
ACC002086,CUST00957,Savings,2022-05-25,BR0011,3612.51,Active
ACC002087,CUST04897,Current,2022-04-14,BR0022,2082.52,Active
ACC002088,CUST03373,Salary,2024-05-07,BR0019,10888.49,Active
ACC002089,CUST01775,Current,2026-04-05,BR0012,3100.42,Active
ACC002090,CUST02445,Current,2025-08-21,BR0040,13229.47,Active
ACC002091,CUST00041,Savings,2023-06-27,BR0017,40255.41,Active
ACC002092,CUST03523,Current,2021-06-28,BR0013,7563.59,Active
ACC002093,CUST00447,Salary,2024-11-13,BR0038,3975.11,Inactive
ACC002094,CUST02028,Current,2023-02-21,BR0049,23937.57,Active
ACC002095,CUST03880,Salary,2020-06-16,BR0016,62010.08,Active
ACC002096,CUST04693,Salary,2019-09-26,BR0041,2881.4,Active
ACC002097,CUST01453,Salary,2025-06-19,BR0031,58940.21,Active
ACC002098,CUST02919,Current,2020-09-27,BR0050,58733.61,Active
ACC002099,CUST01455,Current,2024-09-11,BR0026,69210.1,Active
ACC002100,CUST02724,Salary,2025-05-23,BR0005,95051.7,Active
ACC002101,CUST03196,Savings,2026-04-16,BR0024,309408.2,Active
ACC002102,CUST04186,Savings,2019-11-21,BR0040,14367.01,Active
ACC002103,CUST03412,Current,2023-12-16,BR0007,25121.66,Active
ACC002104,CUST03027,Savings,2023-06-06,BR0016,13363.39,Active
ACC002105,CUST04765,Salary,2020-03-27,BR0024,22078.78,Active
ACC002106,CUST03618,Current,2023-12-02,BR0049,138613.95,Active
ACC002107,CUST02604,Salary,2021-03-11,BR0015,4385.17,Active
ACC002108,CUST04598,Salary,2023-08-04,BR0045,7838.01,Active
ACC002109,CUST03341,Savings,2021-12-26,BR0049,114991.92,Active
ACC002110,CUST04724,Salary,2025-07-30,BR0022,74910.09,Active
ACC002111,CUST01263,Current,2024-06-15,BR0013,14246.15,Active
ACC002112,CUST03181,Current,2022-12-14,BR0038,61407.2,Active
ACC002113,CUST00846,Current,2026-06-19,BR0031,33171.92,Active
ACC002114,CUST03750,Salary,2024-03-16,BR0045,133296.27,Active
ACC002115,CUST01610,Salary,2025-03-17,BR0041,24086.61,Active
ACC002116,CUST01840,Current,2025-10-23,BR0018,75414.78,Active
ACC002117,CUST02348,Current,2020-01-24,BR0036,524612.04,Active
ACC002118,CUST03516,Savings,2021-10-20,BR0043,45148.8,Active
ACC002119,CUST03383,Savings,2024-08-18,BR0026,23369.66,Active
ACC002120,CUST01206,Current,2020-08-25,BR0037,52414.39,Active
ACC002121,CUST01937,Salary,2025-08-03,BR0039,14209.46,Active
ACC002122,CUST04476,Salary,2024-01-17,BR0005,386760.63,Active
ACC002123,CUST02904,Savings,2023-10-29,BR0044,27339.43,Inactive
ACC002124,CUST00683,Savings,2021-02-16,BR0026,15874.67,Active
ACC002125,CUST04222,Salary,2023-06-29,BR0013,8080.21,Active
ACC002126,CUST00725,Savings,2022-02-22,BR0016,82179.75,Active
ACC002127,CUST01706,Current,2021-01-12,BR0009,62356.61,Active
ACC002128,CUST03863,Salary,2019-12-27,BR0011,12126.82,Active
ACC002129,CUST00034,Savings,2022-02-12,BR0018,43991.06,Active
ACC002130,CUST03471,Current,2024-10-05,BR0036,3603.76,Active
ACC002131,CUST00157,Salary,2022-06-20,BR0009,27500.64,Active
ACC002132,CUST02254,Salary,2023-04-12,BR0014,37922.79,Active
ACC002133,CUST01004,Current,2020-07-31,BR0026,170893.49,Active
ACC002134,CUST04851,Current,2025-06-28,BR0050,8734.34,Active
ACC002135,CUST01507,Current,2020-12-18,BR0042,4750.37,Active
ACC002136,CUST01181,Salary,2020-04-20,BR0038,7521.24,Blocked
ACC002137,CUST01348,Current,2021-05-05,BR0045,4429.84,Active
ACC002138,CUST03322,Savings,2023-10-01,BR0013,109533.84,Active
ACC002139,CUST03769,Savings,2023-10-14,BR0048,141261.37,Active
ACC002140,CUST04823,Salary,2021-10-07,BR0020,32346.46,Active
ACC002141,CUST03240,Salary,2019-09-12,BR0017,95373.3,Active
ACC002142,CUST00655,Salary,2022-12-11,BR0008,25867.69,Active
ACC002143,CUST03389,Salary,2026-04-01,BR0025,19650.66,Active
ACC002144,CUST04647,Current,2025-12-25,BR0006,14770.02,Active
ACC002145,CUST03699,Salary,2026-07-06,BR0002,15176.92,Active
ACC002146,CUST04512,Savings,2025-03-18,BR0014,3437.98,Active
ACC002147,CUST04916,Savings,2021-02-24,BR0003,30245.59,Active
ACC002148,CUST03192,Savings,2026-03-21,BR0011,20985.76,Active
ACC002149,CUST04680,Savings,2022-11-08,BR0008,53875.59,Active
ACC002150,CUST02023,Salary,2020-01-09,BR0039,24642.51,Active
ACC002151,CUST04794,Savings,2022-03-22,BR0049,18119.71,Active
ACC002152,CUST01595,Savings,2021-03-15,BR0015,7743.18,Active
ACC002153,CUST02228,Savings,2021-07-20,BR0031,24018.6,Active
ACC002154,CUST03435,Current,2022-07-17,BR0043,53417.02,Active
ACC002155,CUST02242,Salary,2025-06-17,BR0007,5585.86,Active
ACC002156,CUST04615,Salary,2024-08-12,BR0045,24464.26,Active
ACC002157,CUST00509,Savings,2023-11-05,BR0028,29133.72,Active
ACC002158,CUST01774,Savings,2021-08-05,BR0005,9305.14,Blocked
ACC002159,CUST04460,Savings,2025-09-20,BR0007,10878.81,Active
ACC002160,CUST02318,Salary,2023-06-07,BR0042,29048.82,Active
ACC002161,CUST00681,Savings,2026-07-11,BR0004,5652.74,Active
ACC002162,CUST01324,Savings,2025-08-11,BR0010,33520.37,Active
ACC002163,CUST03418,Current,2020-08-20,BR0008,7521.91,Active
ACC002164,CUST04459,Savings,2020-07-06,BR0048,78859.61,Inactive
ACC002165,CUST04934,Savings,2021-01-17,BR0016,364176.27,Active
ACC002166,CUST01000,Savings,2020-10-31,BR0017,7840.77,Active
ACC002167,CUST02697,Current,2020-10-09,BR0036,41816.63,Active
ACC002168,CUST01278,Savings,2025-12-12,BR0014,9208.75,Active
ACC002169,CUST00612,Current,2024-10-18,BR0004,76814.22,Active
ACC002170,CUST04633,Salary,2024-06-08,BR0007,4825.6,Active
ACC002171,CUST04848,Savings,2019-11-07,BR0014,39210.67,Active
ACC002172,CUST03131,Savings,2023-05-18,BR0006,7726.52,Active
ACC002173,CUST03937,Savings,2023-11-14,BR0045,17182.02,Active
ACC002174,CUST04060,Savings,2022-10-08,BR0014,6391.79,Active
ACC002175,CUST00801,Salary,2026-05-28,BR0044,59090.21,Active
ACC002176,CUST00133,Savings,2025-08-05,BR0020,8067.7,Active
ACC002177,CUST00036,Savings,2023-04-22,BR0034,42717.21,Active
ACC002178,CUST00724,Current,2019-10-28,BR0006,14575.28,Active
ACC002179,CUST04372,Current,2025-09-03,BR0041,19199.38,Active
ACC002180,CUST01120,Current,2024-02-12,BR0045,26299.55,Active
ACC002181,CUST04978,Savings,2025-07-20,BR0028,8829.12,Active
ACC002182,CUST04179,Current,2022-10-13,BR0032,28351.65,Active
ACC002183,CUST03512,Savings,2025-01-18,BR0039,138192.3,Active
ACC002184,CUST04540,Savings,2024-04-09,BR0003,8658.41,Active
ACC002185,CUST04091,Current,2020-07-21,BR0040,89874.74,Inactive
ACC002186,CUST03105,Savings,2023-03-18,BR0037,132948.51,Blocked
ACC002187,CUST01388,Savings,2023-09-05,BR0042,8271.85,Active
ACC002188,CUST02854,Current,2019-12-08,BR0004,3842.72,Active
ACC002189,CUST01946,Savings,2022-01-08,BR0022,31645.56,Active
ACC002190,CUST00422,Current,2023-05-12,BR0039,11419.88,Active
ACC002191,CUST01520,Current,2024-05-22,BR0005,207383.26,Active
ACC002192,CUST02075,Current,2025-08-15,BR0022,22965.97,Active
ACC002193,CUST02648,Savings,2023-03-29,BR0049,8411.55,Active
ACC002194,CUST02555,Savings,2020-03-20,BR0001,5560.31,Active
ACC002195,CUST02977,Current,2020-03-15,BR0032,81461.51,Active
ACC002196,CUST00533,Salary,2020-05-23,BR0030,11098.66,Active
ACC002197,CUST04893,Salary,2021-11-19,BR0040,23215.94,Active
ACC002198,CUST04307,Current,2025-04-21,BR0028,69352.9,Active
ACC002199,CUST02313,Salary,2022-09-10,BR0037,12318.9,Blocked
ACC002200,CUST04898,Savings,2023-09-08,BR0004,20845.33,Active
ACC002201,CUST00869,Salary,2023-01-23,BR0041,21592.86,Active
ACC002202,CUST02792,Current,2023-12-18,BR0029,50010.56,Active
ACC002203,CUST03293,Savings,2021-09-19,BR0024,44752.08,Active
ACC002204,CUST04136,Current,2020-10-26,BR0010,16913.43,Active
ACC002205,CUST01510,Current,2020-09-04,BR0041,23774.74,Active
ACC002206,CUST03733,Savings,2019-11-08,BR0025,14099.09,Active
ACC002207,CUST02963,Current,2021-01-10,BR0024,3740.09,Active
ACC002208,CUST03136,Savings,2020-05-20,BR0031,30005.05,Active
ACC002209,CUST00351,Savings,2024-07-02,BR0019,213337.38,Active
ACC002210,CUST02249,Savings,2021-03-28,BR0015,7627.66,Active
ACC002211,CUST03098,Salary,2025-04-20,BR0042,8711.2,Inactive
ACC002212,CUST03449,Savings,2021-04-27,BR0017,7747.51,Active
ACC002213,CUST04194,Current,2023-06-11,BR0050,52549.46,Active
ACC002214,CUST00043,Savings,2025-04-06,BR0041,37728.93,Blocked
ACC002215,CUST03374,Current,2024-04-17,BR0035,18210.52,Active
ACC002216,CUST02228,Savings,2022-10-28,BR0032,7320.08,Active
ACC002217,CUST01153,Savings,2024-05-22,BR0031,24608.62,Active
ACC002218,CUST01575,Salary,2021-11-20,BR0047,3369.28,Active
ACC002219,CUST02877,Salary,2023-09-18,BR0011,26163.27,Active
ACC002220,CUST01171,Salary,2020-03-20,BR0010,62681.98,Active
ACC002221,CUST04556,Savings,2026-05-15,BR0019,4907.7,Active
ACC002222,CUST02276,Current,2025-03-25,BR0021,3501.61,Active
ACC002223,CUST04310,Savings,2021-03-24,BR0023,146579.83,Blocked
ACC002224,CUST04842,Salary,2024-08-07,BR0020,10571.2,Active
ACC002225,CUST02236,Savings,2023-03-01,BR0003,86089.04,Active
ACC002226,CUST04541,Current,2020-08-19,BR0029,18310.0,Active
ACC002227,CUST00949,Savings,2024-05-29,BR0024,18136.0,Active
ACC002228,CUST00834,Salary,2019-12-27,BR0008,37275.64,Active
ACC002229,CUST02843,Salary,2021-08-16,BR0002,7625.11,Active
ACC002230,CUST02576,Savings,2021-05-15,BR0021,25822.37,Inactive
ACC002231,CUST03630,Savings,2020-11-25,BR0011,13935.75,Active
ACC002232,CUST04347,Salary,2022-03-16,BR0009,4516.12,Active
ACC002233,CUST00063,Current,2020-10-12,BR0019,33023.62,Active
ACC002234,CUST02945,Current,2025-12-31,BR0036,16059.09,Blocked
ACC002235,CUST04906,Current,2025-08-13,BR0034,18243.61,Active
ACC002236,CUST01046,Salary,2022-12-21,BR0002,5155.44,Active
ACC002237,CUST00195,Current,2019-09-29,BR0007,148699.15,Active
ACC002238,CUST02699,Savings,2022-10-24,BR0020,63073.57,Active
ACC002239,CUST02728,Savings,2020-02-28,BR0049,70051.58,Active
ACC002240,CUST00784,Salary,2023-12-28,BR0017,15267.27,Active
ACC002241,CUST04553,Current,2026-05-09,BR0030,2765.51,Active
ACC002242,CUST01056,Salary,2019-10-02,BR0003,229463.87,Active
ACC002243,CUST04178,Salary,2020-08-10,BR0036,20469.33,Active
ACC002244,CUST01830,Savings,2024-02-10,BR0025,8968.2,Active
ACC002245,CUST02821,Current,2025-04-24,BR0036,36321.38,Active
ACC002246,CUST00205,Salary,2021-11-29,BR0015,89370.41,Active
ACC002247,CUST04794,Savings,2024-08-18,BR0043,21425.55,Active
ACC002248,CUST01818,Salary,2024-02-29,BR0040,102159.46,Active
ACC002249,CUST03643,Current,2019-09-22,BR0016,80789.31,Active
ACC002250,CUST03298,Salary,2022-03-25,BR0037,6053.2,Active
ACC002251,CUST02720,Salary,2026-07-21,BR0021,9812.89,Inactive
ACC002252,CUST04039,Current,2020-10-24,BR0038,69497.4,Active
ACC002253,CUST00171,Salary,2022-05-14,BR0049,849.68,Active
ACC002254,CUST04718,Salary,2021-09-21,BR0001,18410.07,Active
ACC002255,CUST04938,Current,2023-09-26,BR0037,3956.05,Active
ACC002256,CUST02442,Current,2026-06-19,BR0010,12433.32,Active
ACC002257,CUST04451,Current,2021-06-19,BR0001,15389.12,Active
ACC002258,CUST00398,Current,2021-04-03,BR0022,14329.95,Active
ACC002259,CUST01971,Savings,2025-04-19,BR0029,11353.56,Active
ACC002260,CUST03042,Current,2023-09-09,BR0003,5904.25,Active
ACC002261,CUST02608,Savings,2023-09-19,BR0029,344653.04,Active
ACC002262,CUST01825,Current,2023-09-21,BR0043,207099.45,Active
ACC002263,CUST02449,Salary,2021-06-21,BR0036,5461.73,Active
ACC002264,CUST02931,Savings,2020-06-28,BR0041,147051.79,Active
ACC002265,CUST02297,Savings,2021-02-11,BR0031,13638.36,Active
ACC002266,CUST01317,Salary,2022-12-13,BR0040,25720.02,Active
ACC002267,CUST02423,Current,2024-05-09,BR0020,20415.94,Active
ACC002268,CUST04087,Savings,2025-01-13,BR0021,9979.63,Active
ACC002269,CUST00075,Salary,2024-12-25,BR0019,71727.02,Active
ACC002270,CUST01970,Salary,2024-04-03,BR0010,25618.34,Active
ACC002271,CUST01427,Savings,2026-06-27,BR0020,12433.36,Active
ACC002272,CUST00262,Current,2020-04-02,BR0006,4603.13,Active
ACC002273,CUST01033,Current,2020-11-21,BR0008,7537.8,Active
ACC002274,CUST02802,Savings,2025-04-28,BR0026,3072.8,Active
ACC002275,CUST02684,Salary,2020-09-23,BR0022,22351.94,Active
ACC002276,CUST02309,Salary,2023-12-27,BR0002,5239.6,Active
ACC002277,CUST04088,Salary,2020-11-19,BR0025,16015.74,Active
ACC002278,CUST02274,Savings,2026-02-12,BR0024,114019.21,Active
ACC002279,CUST01960,Savings,2020-03-24,BR0015,92888.9,Active
ACC002280,CUST02769,Salary,2023-09-18,BR0039,21189.64,Active
ACC002281,CUST01486,Savings,2024-01-07,BR0006,19840.85,Active
ACC002282,CUST04406,Savings,2020-04-07,BR0034,210207.3,Active
ACC002283,CUST00378,Current,2024-06-18,BR0002,41147.04,Active
ACC002284,CUST01146,Salary,2021-01-18,BR0028,14863.03,Active
ACC002285,CUST04916,Savings,2021-10-01,BR0029,3978.97,Active
ACC002286,CUST03977,Current,2024-12-24,BR0011,35335.66,Active
ACC002287,CUST01074,Savings,2026-01-21,BR0020,59586.75,Active
ACC002288,CUST03802,Salary,2023-03-02,BR0050,10321.85,Active
ACC002289,CUST00977,Current,2024-12-20,BR0044,31239.65,Active
ACC002290,CUST01443,Current,2022-09-22,BR0025,14238.6,Active
ACC002291,CUST03890,Savings,2021-07-26,BR0026,17661.83,Active
ACC002292,CUST01034,Current,2021-11-18,BR0049,1112.78,Active
ACC002293,CUST01765,Savings,2023-02-08,BR0015,16879.62,Active
ACC002294,CUST04097,Savings,2020-02-27,BR0020,70491.2,Active
ACC002295,CUST02936,Savings,2026-01-18,BR0012,10324.93,Active
ACC002296,CUST03425,Savings,2023-04-28,BR0043,23459.52,Active
ACC002297,CUST00871,Salary,2020-01-06,BR0016,8891.57,Active
ACC002298,CUST01734,Current,2022-05-17,BR0040,33946.13,Active
ACC002299,CUST04950,Current,2026-04-16,BR0006,16986.47,Active
ACC002300,CUST00017,Savings,2023-01-03,BR0042,7136.02,Active
ACC002301,CUST04766,Salary,2019-11-19,BR0022,108995.49,Active
ACC002302,CUST03087,Savings,2021-04-15,BR0012,67152.3,Active
ACC002303,CUST03085,Salary,2025-05-12,BR0046,10658.49,Active
ACC002304,CUST04033,Savings,2025-10-30,BR0033,40028.46,Active
ACC002305,CUST02900,Salary,2022-10-29,BR0020,41977.73,Active
ACC002306,CUST03683,Salary,2022-12-22,BR0040,47608.26,Active
ACC002307,CUST01169,Savings,2023-06-23,BR0001,2883.88,Active
ACC002308,CUST02820,Salary,2024-10-22,BR0014,73712.51,Active
ACC002309,CUST01920,Savings,2021-07-24,BR0025,11118.45,Active
ACC002310,CUST03840,Current,2026-01-06,BR0035,14337.11,Active
ACC002311,CUST02334,Current,2020-09-24,BR0025,522018.39,Active
ACC002312,CUST02359,Savings,2023-09-23,BR0029,31642.23,Active
ACC002313,CUST00969,Salary,2024-11-17,BR0019,13855.16,Inactive
ACC002314,CUST02890,Savings,2026-05-16,BR0044,1561.88,Active
ACC002315,CUST00856,Savings,2023-12-26,BR0043,116741.45,Active
ACC002316,CUST04088,Current,2023-02-09,BR0027,4384.14,Active
ACC002317,CUST02786,Savings,2025-02-22,BR0023,6606.92,Active
ACC002318,CUST03858,Salary,2026-01-28,BR0049,14799.92,Active
ACC002319,CUST01025,Savings,2025-01-19,BR0037,120534.84,Active
ACC002320,CUST00709,Salary,2020-12-26,BR0042,55708.5,Active
ACC002321,CUST04485,Savings,2021-09-13,BR0027,18225.83,Active
ACC002322,CUST00491,Savings,2024-09-28,BR0009,31886.9,Active
ACC002323,CUST00933,Current,2024-01-31,BR0031,10716.47,Active
ACC002324,CUST03620,Savings,2022-02-04,BR0025,26045.09,Active
ACC002325,CUST03915,Salary,2023-11-17,BR0028,24052.74,Active
ACC002326,CUST02016,Savings,2026-03-23,BR0010,70440.52,Active
ACC002327,CUST03984,Savings,2020-04-15,BR0035,70306.09,Active
ACC002328,CUST01273,Savings,2023-05-01,BR0009,39845.82,Active
ACC002329,CUST04234,Salary,2024-10-01,BR0019,14259.56,Active
ACC002330,CUST03012,Current,2019-11-30,BR0015,53647.32,Active
ACC002331,CUST00687,Savings,2023-03-14,BR0019,19724.92,Active
ACC002332,CUST04967,Current,2020-03-19,BR0013,6013.14,Active
ACC002333,CUST00237,Salary,2024-06-05,BR0016,13575.94,Active
ACC002334,CUST02758,Savings,2020-05-15,BR0037,24377.9,Active
ACC002335,CUST04626,Salary,2025-08-22,BR0010,65660.9,Active
ACC002336,CUST00600,Savings,2026-04-05,BR0010,17672.52,Active
ACC002337,CUST02823,Salary,2020-11-20,BR0043,5161.39,Active
ACC002338,CUST03114,Current,2026-03-23,BR0040,23578.49,Active
ACC002339,CUST03922,Salary,2025-02-07,BR0046,25239.04,Active
ACC002340,CUST04022,Salary,2019-12-28,BR0036,27529.27,Active
ACC002341,CUST04071,Current,2022-10-17,BR0022,66426.13,Active
ACC002342,CUST02793,Savings,2022-01-03,BR0034,74810.08,Active
ACC002343,CUST00773,Savings,2022-12-29,BR0050,10796.17,Active
ACC002344,CUST00249,Current,2022-01-14,BR0023,10515.73,Active
ACC002345,CUST03506,Current,2023-08-08,BR0019,6321.81,Active
ACC002346,CUST03647,Savings,2025-03-06,BR0024,50948.92,Active
ACC002347,CUST01184,Current,2026-07-06,BR0012,125314.78,Blocked
ACC002348,CUST02589,Current,2022-07-21,BR0015,15091.72,Inactive
ACC002349,CUST02040,Current,2022-03-25,BR0024,16486.27,Active
ACC002350,CUST02573,Current,2024-03-15,BR0040,128045.26,Active
ACC002351,CUST03365,Current,2024-10-18,BR0034,40403.41,Active
ACC002352,CUST02405,Salary,2022-06-07,BR0028,37178.39,Active
ACC002353,CUST02283,Salary,2022-04-09,BR0019,5275.88,Active
ACC002354,CUST00986,Savings,2023-08-24,BR0020,49735.47,Active
ACC002355,CUST01132,Current,2023-12-31,BR0001,7223.08,Inactive
ACC002356,CUST04740,Savings,2023-10-19,BR0037,5648.67,Active
ACC002357,CUST03139,Salary,2022-12-07,BR0022,14528.6,Active
ACC002358,CUST01172,Salary,2026-02-03,BR0004,10905.79,Active
ACC002359,CUST01036,Current,2025-07-03,BR0027,16883.3,Active
ACC002360,CUST01470,Salary,2024-08-30,BR0015,3908.16,Active
ACC002361,CUST00179,Salary,2025-07-25,BR0029,69604.16,Active
ACC002362,CUST01766,Current,2024-05-31,BR0044,85239.78,Active
ACC002363,CUST01135,Savings,2025-06-14,BR0009,2128.53,Active
ACC002364,CUST02468,Current,2024-10-18,BR0043,71264.2,Active
ACC002365,CUST00036,Savings,2024-09-30,BR0010,8327.89,Active
ACC002366,CUST02398,Current,2025-04-09,BR0030,61597.14,Active
ACC002367,CUST00052,Current,2026-05-02,BR0023,20289.61,Inactive
ACC002368,CUST04647,Current,2024-07-13,BR0009,22800.34,Active
ACC002369,CUST04258,Current,2020-10-25,BR0045,17639.27,Active
ACC002370,CUST03760,Savings,2023-08-23,BR0014,94330.05,Active
ACC002371,CUST04340,Savings,2022-07-08,BR0006,4976.56,Active
ACC002372,CUST04551,Salary,2020-06-03,BR0010,45679.66,Active
ACC002373,CUST01582,Current,2025-07-13,BR0042,82586.06,Active
ACC002374,CUST01279,Salary,2023-10-25,BR0004,52031.68,Active
ACC002375,CUST02210,Current,2022-07-24,BR0005,358483.78,Active
ACC002376,CUST03234,Current,2024-03-07,BR0026,11675.69,Active
ACC002377,CUST03648,Savings,2024-01-18,BR0026,69478.02,Active
ACC002378,CUST01800,Salary,2024-11-21,BR0009,19393.46,Active
ACC002379,CUST04262,Current,2025-01-07,BR0013,96769.51,Active
ACC002380,CUST00552,Savings,2020-03-08,BR0010,21824.17,Active
ACC002381,CUST00402,Salary,2021-10-15,BR0044,13829.36,Active
ACC002382,CUST04124,Current,2024-12-31,BR0009,105586.59,Active
ACC002383,CUST02074,Salary,2021-12-06,BR0014,12211.41,Active
ACC002384,CUST01741,Current,2021-12-15,BR0029,4042.95,Active
ACC002385,CUST03122,Savings,2022-02-08,BR0033,11846.45,Active
ACC002386,CUST04426,Salary,2024-09-14,BR0026,46297.33,Active
ACC002387,CUST00703,Salary,2024-01-07,BR0014,117060.54,Active
ACC002388,CUST02749,Salary,2021-08-02,BR0044,25168.67,Active
ACC002389,CUST02344,Current,2022-04-24,BR0039,107134.09,Active
ACC002390,CUST04607,Current,2022-05-29,BR0027,4316.46,Active
ACC002391,CUST00426,Savings,2021-09-07,BR0013,12940.07,Active
ACC002392,CUST03028,Savings,2024-06-18,BR0037,15579.48,Active
ACC002393,CUST03066,Savings,2021-04-11,BR0042,19197.37,Inactive
ACC002394,CUST00008,Savings,2022-08-12,BR0007,24365.25,Active
ACC002395,CUST02391,Current,2022-04-03,BR0008,50467.92,Active
ACC002396,CUST04347,Salary,2021-04-13,BR0045,12916.12,Active
ACC002397,CUST00492,Salary,2022-07-01,BR0004,26025.56,Active
ACC002398,CUST04292,Salary,2024-01-20,BR0033,20865.5,Active
ACC002399,CUST00293,Current,2025-05-26,BR0017,7251.27,Active
ACC002400,CUST00502,Current,2023-02-24,BR0004,19217.95,Active
ACC002401,CUST00524,Current,2022-01-07,BR0026,18538.57,Active
ACC002402,CUST04170,Current,2021-11-22,BR0005,18068.1,Active
ACC002403,CUST02705,Savings,2024-09-25,BR0034,22882.13,Active
ACC002404,CUST00845,Current,2023-04-03,BR0033,24120.28,Active
ACC002405,CUST03911,Current,2025-05-06,BR0030,13111.51,Active
ACC002406,CUST04143,Savings,2025-04-03,BR0013,101443.54,Active
ACC002407,CUST00099,Savings,2021-04-02,BR0026,5413.35,Active
ACC002408,CUST02604,Current,2026-03-09,BR0019,9272.76,Active
ACC002409,CUST03990,Current,2024-11-11,BR0036,619059.3,Active
ACC002410,CUST00748,Salary,2026-05-05,BR0003,6338.58,Active
ACC002411,CUST03790,Salary,2020-10-31,BR0007,4339.41,Active
ACC002412,CUST04967,Salary,2026-06-22,BR0045,53176.51,Active
ACC002413,CUST01673,Current,2026-03-14,BR0045,1821.57,Active
ACC002414,CUST00766,Savings,2025-07-03,BR0024,16608.52,Active
ACC002415,CUST03189,Current,2022-02-27,BR0034,289233.59,Inactive
ACC002416,CUST00925,Savings,2021-04-07,BR0037,3449.82,Active
ACC002417,CUST03158,Current,2025-06-29,BR0023,2041.91,Active
ACC002418,CUST04271,Savings,2025-06-26,BR0043,3644.53,Active
ACC002419,CUST03391,Savings,2022-09-22,BR0031,64733.33,Active
ACC002420,CUST02629,Savings,2025-09-17,BR0022,84942.69,Inactive
ACC002421,CUST04394,Savings,2024-04-07,BR0024,11907.14,Active
ACC002422,CUST02921,Salary,2024-05-08,BR0035,50003.83,Active
ACC002423,CUST02849,Current,2022-05-19,BR0021,116810.28,Active
ACC002424,CUST01229,Salary,2021-05-22,BR0024,188116.31,Active
ACC002425,CUST01962,Savings,2026-06-09,BR0038,16389.52,Active
ACC002426,CUST04172,Savings,2023-08-02,BR0019,1391.63,Active
ACC002427,CUST03279,Salary,2024-08-06,BR0010,8225.1,Active
ACC002428,CUST03949,Current,2024-01-27,BR0036,13198.19,Active
ACC002429,CUST02706,Salary,2021-02-14,BR0018,16143.51,Active
ACC002430,CUST03505,Salary,2020-08-24,BR0032,17580.91,Active
ACC002431,CUST01705,Savings,2025-10-24,BR0050,84345.23,Active
ACC002432,CUST01243,Salary,2025-10-18,BR0022,101652.37,Active
ACC002433,CUST03785,Savings,2022-02-16,BR0031,17925.72,Active
ACC002434,CUST03523,Salary,2025-01-30,BR0036,82304.56,Active
ACC002435,CUST01819,Current,2021-10-01,BR0021,33833.06,Active
ACC002436,CUST03040,Salary,2021-05-26,BR0046,23799.2,Active
ACC002437,CUST02621,Savings,2024-09-26,BR0034,65372.24,Active
ACC002438,CUST02457,Current,2026-05-15,BR0007,24021.45,Inactive
ACC002439,CUST00037,Salary,2025-01-14,BR0030,260243.6,Active
ACC002440,CUST00063,Salary,2022-07-09,BR0037,3920.23,Active
ACC002441,CUST01025,Salary,2021-03-16,BR0001,11870.3,Active
ACC002442,CUST01834,Salary,2025-02-26,BR0046,18923.83,Active
ACC002443,CUST03964,Current,2026-07-15,BR0031,37322.19,Active
ACC002444,CUST00950,Savings,2023-11-16,BR0049,100866.44,Active
ACC002445,CUST01149,Current,2022-11-03,BR0009,21390.92,Active
ACC002446,CUST03939,Salary,2021-09-27,BR0033,3997.1,Active
ACC002447,CUST01626,Savings,2022-12-24,BR0050,60537.4,Active
ACC002448,CUST00071,Current,2023-10-08,BR0006,54499.7,Active
ACC002449,CUST00394,Savings,2025-09-30,BR0046,2142.59,Active
ACC002450,CUST01154,Savings,2021-12-14,BR0019,21926.15,Active
ACC002451,CUST04005,Savings,2024-06-25,BR0044,3267.66,Inactive
ACC002452,CUST02858,Salary,2023-07-22,BR0043,9921.1,Active
ACC002453,CUST03663,Current,2024-03-21,BR0007,7454.92,Active
ACC002454,CUST03500,Savings,2022-07-21,BR0044,58169.57,Active
ACC002455,CUST03890,Savings,2020-11-22,BR0025,25341.44,Active
ACC002456,CUST04997,Current,2021-10-25,BR0023,4709.28,Active
ACC002457,CUST03299,Current,2024-10-20,BR0027,63327.77,Active
ACC002458,CUST04975,Salary,2020-04-05,BR0047,3941.96,Active
ACC002459,CUST04293,Savings,2021-10-18,BR0013,32732.92,Active
ACC002460,CUST02180,Savings,2020-09-15,BR0002,8293.17,Active
ACC002461,CUST03004,Savings,2022-11-07,BR0011,14202.7,Active
ACC002462,CUST02307,Savings,2026-07-26,BR0044,40341.05,Active
ACC002463,CUST02987,Savings,2024-05-01,BR0050,41181.29,Active
ACC002464,CUST01641,Salary,2022-12-29,BR0012,109574.82,Active
ACC002465,CUST00723,Salary,2019-09-05,BR0005,19956.21,Active
ACC002466,CUST01998,Salary,2020-03-19,BR0046,31816.52,Active
ACC002467,CUST00175,Current,2021-04-03,BR0045,13026.16,Active
ACC002468,CUST01993,Current,2026-07-22,BR0004,27402.45,Active
ACC002469,CUST02741,Current,2021-10-25,BR0041,37323.68,Active
ACC002470,CUST00677,Current,2023-11-11,BR0003,19575.38,Active
ACC002471,CUST00788,Savings,2023-07-08,BR0005,2528.8,Active
ACC002472,CUST01241,Current,2024-05-01,BR0001,32786.27,Active
ACC002473,CUST00268,Savings,2024-08-12,BR0026,34114.36,Active
ACC002474,CUST04685,Salary,2026-08-20,BR0014,9738.01,Active
ACC002475,CUST03840,Current,2022-01-02,BR0039,4716.09,Active
ACC002476,CUST04558,Savings,2023-12-30,BR0015,129450.65,Active
ACC002477,CUST04159,Salary,2024-06-23,BR0046,39724.95,Active
ACC002478,CUST04031,Savings,2023-03-24,BR0039,16732.41,Active
ACC002479,CUST02324,Salary,2021-05-05,BR0026,5628.29,Active
ACC002480,CUST00748,Current,2021-11-28,BR0025,8215.86,Active
ACC002481,CUST04140,Current,2020-01-31,BR0041,105146.35,Active
ACC002482,CUST02324,Salary,2023-04-15,BR0016,25982.91,Active
ACC002483,CUST00188,Savings,2024-12-28,BR0006,11376.39,Inactive
ACC002484,CUST04054,Salary,2023-10-25,BR0009,40604.21,Active
ACC002485,CUST03340,Current,2024-09-17,BR0024,8289.31,Active
ACC002486,CUST04248,Savings,2020-07-26,BR0020,133387.22,Active
ACC002487,CUST02729,Current,2023-09-14,BR0038,111676.4,Active
ACC002488,CUST04081,Salary,2023-05-15,BR0009,12583.11,Active
ACC002489,CUST00323,Savings,2022-12-10,BR0045,10358.84,Active
ACC002490,CUST01158,Savings,2022-04-24,BR0035,951.69,Active
ACC002491,CUST00407,Savings,2020-08-31,BR0020,3722.32,Active
ACC002492,CUST03089,Savings,2020-11-02,BR0021,4414.44,Active
ACC002493,CUST00198,Salary,2021-03-10,BR0050,25905.96,Active
ACC002494,CUST01708,Savings,2020-09-10,BR0032,14891.11,Active
ACC002495,CUST03283,Salary,2022-09-21,BR0013,4383.48,Active
ACC002496,CUST01624,Savings,2026-02-11,BR0021,15718.65,Active
ACC002497,CUST01779,Current,2026-06-19,BR0039,40392.71,Active
ACC002498,CUST01645,Savings,2020-02-11,BR0006,41498.28,Active
ACC002499,CUST00466,Salary,2019-12-31,BR0003,2253.85,Active
ACC002500,CUST04312,Salary,2020-03-31,BR0038,18884.26,Active
ACC002501,CUST04531,Current,2022-01-03,BR0034,4188.05,Active
ACC002502,CUST00030,Current,2020-07-24,BR0035,64995.57,Inactive
ACC002503,CUST01422,Salary,2024-04-25,BR0042,56442.39,Blocked
ACC002504,CUST01890,Current,2024-03-14,BR0045,7497.82,Inactive
ACC002505,CUST00529,Current,2021-12-06,BR0035,8784.51,Active
ACC002506,CUST04917,Savings,2020-09-24,BR0040,12663.51,Active
ACC002507,CUST01886,Savings,2026-04-26,BR0017,1475.35,Active
ACC002508,CUST03634,Current,2020-06-18,BR0028,32963.69,Active
ACC002509,CUST03421,Current,2025-12-20,BR0011,15876.36,Active
ACC002510,CUST00203,Salary,2025-06-28,BR0006,70559.39,Active
ACC002511,CUST01124,Salary,2023-04-02,BR0041,5895.29,Active
ACC002512,CUST00548,Current,2021-05-23,BR0049,10478.2,Active
ACC002513,CUST03760,Salary,2019-12-28,BR0017,3612.55,Active
ACC002514,CUST00031,Current,2025-04-07,BR0046,6600.17,Active
ACC002515,CUST00724,Savings,2024-06-20,BR0023,5332.75,Active
ACC002516,CUST01738,Salary,2020-02-28,BR0050,72777.96,Active
ACC002517,CUST00069,Salary,2019-09-25,BR0028,9528.91,Active
ACC002518,CUST01662,Salary,2020-08-06,BR0029,25565.8,Active
ACC002519,CUST02378,Savings,2022-07-09,BR0007,13947.9,Active
ACC002520,CUST01023,Salary,2024-12-16,BR0020,4801.3,Active
ACC002521,CUST03459,Salary,2025-10-08,BR0015,17998.42,Active
ACC002522,CUST03344,Salary,2022-01-03,BR0023,45203.24,Active
ACC002523,CUST00851,Current,2022-01-24,BR0032,5170.31,Active
ACC002524,CUST00806,Salary,2023-04-22,BR0032,58158.97,Active
ACC002525,CUST01027,Salary,2021-09-11,BR0034,7945.29,Active
ACC002526,CUST01776,Current,2021-08-11,BR0016,12337.75,Active
ACC002527,CUST04309,Salary,2021-07-10,BR0043,41640.13,Active
ACC002528,CUST00720,Salary,2024-11-28,BR0042,9935.57,Active
ACC002529,CUST01323,Current,2024-10-13,BR0026,23042.37,Active
ACC002530,CUST01302,Savings,2024-07-02,BR0028,15098.81,Active
ACC002531,CUST03637,Salary,2026-01-16,BR0045,25725.59,Active
ACC002532,CUST04669,Salary,2021-12-01,BR0045,1265.36,Active
ACC002533,CUST03253,Savings,2024-05-07,BR0026,2451.32,Blocked
ACC002534,CUST02662,Savings,2022-08-28,BR0012,46127.31,Active
ACC002535,CUST04934,Salary,2021-08-29,BR0046,76467.24,Active
ACC002536,CUST04991,Savings,2020-12-09,BR0030,7386.55,Active
ACC002537,CUST04782,Savings,2019-11-05,BR0021,16434.96,Active
ACC002538,CUST00870,Savings,2024-05-11,BR0021,31371.75,Active
ACC002539,CUST03905,Current,2024-08-13,BR0030,50607.81,Active
ACC002540,CUST02644,Salary,2022-05-06,BR0032,1932.92,Active
ACC002541,CUST00205,Salary,2026-02-18,BR0013,7606.45,Active
ACC002542,CUST03026,Salary,2021-07-09,BR0035,14778.15,Active
ACC002543,CUST00241,Savings,2021-02-09,BR0046,51214.0,Inactive
ACC002544,CUST02384,Savings,2026-07-03,BR0050,441580.93,Active
ACC002545,CUST03175,Current,2022-11-28,BR0031,16754.01,Active
ACC002546,CUST01544,Salary,2021-05-18,BR0005,4070.93,Inactive
ACC002547,CUST01140,Salary,2024-04-04,BR0023,35693.42,Active
ACC002548,CUST02875,Savings,2024-11-21,BR0035,107494.5,Active
ACC002549,CUST00658,Salary,2019-10-19,BR0008,25074.76,Active
ACC002550,CUST02527,Salary,2021-01-05,BR0028,7420.65,Active
ACC002551,CUST02958,Savings,2020-06-04,BR0001,69535.5,Active
ACC002552,CUST01505,Current,2024-07-04,BR0018,48837.55,Active
ACC002553,CUST01483,Salary,2025-12-12,BR0029,6429.83,Active
ACC002554,CUST04025,Current,2024-11-15,BR0041,34811.77,Active
ACC002555,CUST00408,Salary,2021-12-11,BR0015,72890.87,Active
ACC002556,CUST01158,Salary,2026-07-15,BR0013,90968.45,Active
ACC002557,CUST00833,Salary,2023-10-14,BR0010,20338.3,Active
ACC002558,CUST00109,Savings,2020-09-16,BR0042,14332.78,Active
ACC002559,CUST00296,Current,2020-06-18,BR0018,96060.03,Active
ACC002560,CUST00189,Current,2021-09-28,BR0043,5155.44,Active
ACC002561,CUST02824,Savings,2023-02-08,BR0012,37283.09,Active
ACC002562,CUST01549,Current,2021-07-12,BR0039,4255.5,Active
ACC002563,CUST00976,Salary,2021-09-15,BR0036,79098.68,Active
ACC002564,CUST01378,Savings,2023-07-23,BR0001,16160.82,Active
ACC002565,CUST04084,Salary,2024-10-31,BR0013,100941.85,Active
ACC002566,CUST01115,Current,2021-01-21,BR0012,39723.38,Active
ACC002567,CUST03470,Savings,2021-02-15,BR0017,5075.27,Active
ACC002568,CUST04704,Current,2021-07-10,BR0024,121729.09,Active
ACC002569,CUST02362,Savings,2022-01-10,BR0045,141703.81,Active
ACC002570,CUST04054,Salary,2020-07-24,BR0006,63496.74,Active
ACC002571,CUST02270,Current,2019-09-04,BR0026,8831.63,Inactive
ACC002572,CUST04896,Current,2021-09-05,BR0027,15256.84,Active
ACC002573,CUST04064,Current,2025-05-11,BR0004,26226.16,Active
ACC002574,CUST04447,Current,2022-04-10,BR0014,9466.81,Active
ACC002575,CUST02490,Current,2023-05-09,BR0024,167848.3,Active
ACC002576,CUST02706,Salary,2024-07-30,BR0005,26191.54,Active
ACC002577,CUST03516,Salary,2024-10-01,BR0035,859.18,Active
ACC002578,CUST03432,Current,2022-12-09,BR0033,33097.96,Active
ACC002579,CUST02193,Salary,2023-06-12,BR0013,14504.46,Active
ACC002580,CUST04601,Salary,2021-06-18,BR0015,20132.45,Active
ACC002581,CUST02894,Salary,2021-08-16,BR0036,14152.64,Inactive
ACC002582,CUST01311,Current,2020-07-02,BR0032,58014.93,Active
ACC002583,CUST03209,Current,2020-05-06,BR0034,84425.55,Active
ACC002584,CUST01264,Savings,2023-02-15,BR0043,30935.63,Active
ACC002585,CUST03873,Current,2025-09-16,BR0034,14659.25,Active
ACC002586,CUST04161,Salary,2023-06-05,BR0019,20960.51,Active
ACC002587,CUST03347,Salary,2023-05-31,BR0036,22550.66,Active
ACC002588,CUST02063,Current,2020-12-05,BR0016,8409.22,Active
ACC002589,CUST03528,Salary,2025-12-08,BR0045,44122.03,Active
ACC002590,CUST04388,Savings,2022-12-02,BR0023,38255.81,Active
ACC002591,CUST02504,Current,2024-11-17,BR0004,139878.5,Active
ACC002592,CUST00262,Salary,2026-01-13,BR0012,99351.54,Active
ACC002593,CUST03285,Current,2022-11-19,BR0011,9673.93,Active
ACC002594,CUST00068,Savings,2019-11-05,BR0030,58944.88,Active
ACC002595,CUST01411,Salary,2024-04-02,BR0049,7036.43,Active
ACC002596,CUST00375,Salary,2026-02-26,BR0030,50772.93,Active
ACC002597,CUST04015,Savings,2021-12-17,BR0038,11849.76,Active
ACC002598,CUST02830,Salary,2021-05-24,BR0041,6451.68,Inactive
ACC002599,CUST00040,Savings,2025-05-17,BR0036,30824.17,Active
ACC002600,CUST00520,Current,2023-10-31,BR0009,889.38,Active
ACC002601,CUST02877,Savings,2023-05-13,BR0023,2694.13,Active
ACC002602,CUST01087,Salary,2026-05-14,BR0045,17801.0,Active
ACC002603,CUST02457,Current,2024-02-08,BR0002,24316.98,Active
ACC002604,CUST04607,Savings,2022-07-24,BR0020,14140.77,Active
ACC002605,CUST01860,Savings,2022-05-22,BR0009,3309.91,Active
ACC002606,CUST04888,Current,2019-10-29,BR0050,8254.63,Active
ACC002607,CUST01905,Savings,2023-11-23,BR0049,35222.88,Active
ACC002608,CUST02709,Savings,2023-12-19,BR0006,44273.35,Active
ACC002609,CUST00824,Savings,2024-11-19,BR0010,21601.81,Active
ACC002610,CUST02889,Salary,2022-12-13,BR0002,88273.97,Active
ACC002611,CUST01367,Current,2023-05-30,BR0023,35485.39,Active
ACC002612,CUST03775,Current,2024-10-22,BR0010,8982.68,Active
ACC002613,CUST03116,Savings,2021-05-25,BR0043,15731.14,Active
ACC002614,CUST00419,Salary,2022-10-27,BR0024,4091.07,Active
ACC002615,CUST04330,Savings,2020-11-16,BR0036,19345.85,Active
ACC002616,CUST02868,Current,2025-08-19,BR0019,83660.38,Active
ACC002617,CUST00658,Current,2020-04-22,BR0041,50128.66,Active
ACC002618,CUST00336,Salary,2024-10-05,BR0041,118469.54,Active
ACC002619,CUST01902,Current,2025-08-05,BR0007,15314.23,Active
ACC002620,CUST02494,Current,2025-06-17,BR0023,110782.02,Active
ACC002621,CUST01802,Salary,2022-11-11,BR0030,17466.41,Active
ACC002622,CUST03424,Savings,2021-01-30,BR0031,128785.32,Active
ACC002623,CUST00882,Current,2026-05-09,BR0030,21456.26,Active
ACC002624,CUST03624,Current,2023-02-01,BR0025,51466.05,Active
ACC002625,CUST01151,Savings,2021-05-30,BR0043,129331.59,Active
ACC002626,CUST03897,Current,2021-07-03,BR0028,17463.82,Active
ACC002627,CUST01367,Current,2022-04-28,BR0017,28625.89,Active
ACC002628,CUST01424,Current,2022-08-27,BR0002,103428.53,Active
ACC002629,CUST04307,Savings,2023-02-04,BR0033,18777.15,Inactive
ACC002630,CUST03622,Current,2021-12-24,BR0011,4513.96,Active
ACC002631,CUST00486,Current,2021-10-06,BR0037,288257.21,Active
ACC002632,CUST04944,Current,2025-09-24,BR0016,12535.03,Active
ACC002633,CUST01925,Salary,2022-02-14,BR0039,26649.01,Active
ACC002634,CUST00605,Current,2021-08-12,BR0048,88186.4,Active
ACC002635,CUST00486,Current,2022-11-16,BR0022,10612.71,Active
ACC002636,CUST02703,Salary,2024-10-03,BR0040,6571.9,Active
ACC002637,CUST04423,Savings,2023-08-24,BR0009,29866.26,Active
ACC002638,CUST03431,Current,2019-11-09,BR0015,2561.4,Active
ACC002639,CUST00819,Savings,2025-06-27,BR0049,15591.99,Active
ACC002640,CUST01878,Salary,2024-06-10,BR0036,29556.13,Active
ACC002641,CUST00316,Current,2021-09-22,BR0033,15931.57,Active
ACC002642,CUST00741,Salary,2025-02-20,BR0019,3455.97,Active
ACC002643,CUST00469,Savings,2025-08-01,BR0024,149195.61,Active
ACC002644,CUST01985,Current,2020-03-14,BR0020,24940.44,Active
ACC002645,CUST01186,Salary,2023-07-01,BR0012,122685.88,Active
ACC002646,CUST01946,Savings,2025-09-18,BR0016,16122.26,Active
ACC002647,CUST03862,Current,2026-06-15,BR0050,7661.67,Active
ACC002648,CUST03102,Current,2019-11-01,BR0012,30424.91,Active
ACC002649,CUST00524,Savings,2022-12-16,BR0046,17001.48,Active
ACC002650,CUST04838,Savings,2024-07-06,BR0048,5359.82,Active
ACC002651,CUST02120,Savings,2022-08-02,BR0006,128507.32,Active
ACC002652,CUST01664,Salary,2022-09-15,BR0020,10438.7,Active
ACC002653,CUST03052,Savings,2022-11-21,BR0006,2420.38,Active
ACC002654,CUST01285,Salary,2019-10-28,BR0038,108423.41,Active
ACC002655,CUST00973,Salary,2023-10-29,BR0042,12026.19,Active
ACC002656,CUST00130,Current,2023-05-12,BR0010,10621.24,Active
ACC002657,CUST00940,Salary,2025-10-22,BR0030,2647.93,Active
ACC002658,CUST03194,Current,2023-06-09,BR0005,177927.2,Active
ACC002659,CUST01751,Savings,2023-04-04,BR0033,4687.35,Active
ACC002660,CUST03501,Savings,2020-05-29,BR0044,23626.86,Active
ACC002661,CUST00439,Salary,2023-05-15,BR0033,65850.64,Active
ACC002662,CUST01275,Savings,2021-10-26,BR0007,36536.25,Active
ACC002663,CUST02017,Current,2022-08-11,BR0037,20504.81,Active
ACC002664,CUST02640,Current,2021-08-05,BR0014,2858.35,Active
ACC002665,CUST03565,Current,2021-12-09,BR0008,8335.93,Active
ACC002666,CUST02941,Savings,2022-10-07,BR0037,27594.19,Active
ACC002667,CUST03697,Current,2021-11-10,BR0001,8564.59,Active
ACC002668,CUST02393,Current,2023-09-20,BR0039,28114.24,Active
ACC002669,CUST00664,Current,2020-12-29,BR0013,49915.76,Active
ACC002670,CUST02246,Current,2021-01-30,BR0004,69912.76,Active
ACC002671,CUST01455,Savings,2021-07-06,BR0009,5057.28,Active
ACC002672,CUST03091,Salary,2024-08-18,BR0034,307421.57,Active
ACC002673,CUST04050,Salary,2025-02-18,BR0040,55324.73,Active
ACC002674,CUST01746,Salary,2024-01-18,BR0020,21981.2,Active
ACC002675,CUST00453,Savings,2024-09-29,BR0039,81425.51,Active
ACC002676,CUST03275,Current,2024-03-01,BR0049,376430.73,Active
ACC002677,CUST01948,Salary,2026-07-17,BR0050,3918.78,Active
ACC002678,CUST00070,Salary,2021-04-25,BR0050,16809.25,Active
ACC002679,CUST01686,Current,2019-12-16,BR0027,1268.87,Active
ACC002680,CUST03763,Salary,2022-11-23,BR0023,27755.29,Active
ACC002681,CUST00564,Salary,2022-10-01,BR0046,34148.47,Active
ACC002682,CUST01967,Current,2020-01-22,BR0035,21015.29,Active
ACC002683,CUST00366,Savings,2026-02-13,BR0016,10042.28,Active
ACC002684,CUST01083,Current,2021-08-05,BR0012,1882.93,Active
ACC002685,CUST02569,Savings,2020-05-31,BR0016,34483.64,Active
ACC002686,CUST03075,Savings,2025-08-30,BR0007,126313.4,Active
ACC002687,CUST01309,Savings,2020-12-31,BR0001,10837.61,Active
ACC002688,CUST04387,Salary,2020-06-08,BR0036,37349.39,Active
ACC002689,CUST01934,Savings,2024-11-19,BR0003,3355.07,Active
ACC002690,CUST01614,Salary,2025-07-25,BR0047,38126.15,Active
ACC002691,CUST03169,Salary,2024-05-08,BR0008,13738.28,Active
ACC002692,CUST03368,Savings,2020-01-28,BR0027,8822.83,Active
ACC002693,CUST01947,Salary,2021-10-11,BR0037,8844.61,Active
ACC002694,CUST00705,Salary,2020-04-28,BR0045,13734.5,Active
ACC002695,CUST02012,Salary,2024-02-12,BR0025,34853.89,Active
ACC002696,CUST03817,Salary,2021-10-26,BR0033,4561.49,Active
ACC002697,CUST02509,Salary,2023-07-03,BR0032,13676.87,Active
ACC002698,CUST01509,Savings,2020-12-01,BR0003,20957.12,Active
ACC002699,CUST01061,Savings,2022-02-21,BR0017,5890.83,Active
ACC002700,CUST00817,Savings,2020-11-08,BR0031,190231.73,Active
ACC002701,CUST03742,Savings,2023-05-11,BR0028,7909.39,Active
ACC002702,CUST04593,Current,2022-01-07,BR0002,9864.28,Active
ACC002703,CUST04368,Salary,2021-03-25,BR0021,6809.2,Active
ACC002704,CUST01776,Current,2021-08-06,BR0001,190646.48,Active
ACC002705,CUST00663,Savings,2023-02-18,BR0050,42765.47,Active
ACC002706,CUST00660,Salary,2022-04-20,BR0017,7158.74,Active
ACC002707,CUST02490,Current,2021-01-24,BR0017,83073.24,Active
ACC002708,CUST03444,Salary,2024-01-29,BR0031,28024.61,Active
ACC002709,CUST03240,Current,2020-03-20,BR0022,29992.54,Active
ACC002710,CUST00942,Salary,2021-08-15,BR0012,14568.65,Active
ACC002711,CUST04084,Savings,2020-06-07,BR0016,8961.57,Active
ACC002712,CUST00953,Salary,2024-12-06,BR0049,33034.88,Active
ACC002713,CUST04100,Current,2020-02-04,BR0049,11451.72,Active
ACC002714,CUST03487,Savings,2024-07-09,BR0038,194873.66,Active
ACC002715,CUST00873,Savings,2025-03-20,BR0048,4802.3,Active
ACC002716,CUST03127,Current,2026-04-24,BR0035,139161.18,Active
ACC002717,CUST00207,Current,2026-04-27,BR0024,19272.17,Active
ACC002718,CUST03759,Savings,2025-12-14,BR0013,31536.56,Active
ACC002719,CUST04299,Current,2021-02-22,BR0048,59861.53,Active
ACC002720,CUST00382,Savings,2022-02-06,BR0047,10339.23,Active
ACC002721,CUST02365,Salary,2024-04-23,BR0025,62137.07,Inactive
ACC002722,CUST02474,Current,2023-08-26,BR0026,854.87,Active
ACC002723,CUST01442,Current,2023-04-02,BR0028,9283.67,Active
ACC002724,CUST01790,Savings,2021-01-28,BR0019,7267.19,Inactive
ACC002725,CUST00905,Savings,2021-08-28,BR0030,4894.13,Active
ACC002726,CUST00793,Salary,2019-10-18,BR0020,17018.46,Active
ACC002727,CUST00838,Current,2026-07-09,BR0012,34992.88,Active
ACC002728,CUST01858,Savings,2021-04-24,BR0039,51184.5,Active
ACC002729,CUST04358,Salary,2024-10-10,BR0027,29408.88,Active
ACC002730,CUST03406,Current,2025-09-16,BR0031,9908.69,Active
ACC002731,CUST02051,Current,2020-04-21,BR0021,34297.22,Active
ACC002732,CUST04632,Current,2020-03-22,BR0038,25569.18,Active
ACC002733,CUST03958,Savings,2026-03-23,BR0014,67728.84,Active
ACC002734,CUST04578,Savings,2020-07-06,BR0001,55956.17,Active
ACC002735,CUST04435,Savings,2021-12-08,BR0032,22846.92,Active
ACC002736,CUST01867,Current,2026-08-08,BR0047,7504.79,Active
ACC002737,CUST00646,Current,2026-04-24,BR0037,10061.38,Inactive
ACC002738,CUST01188,Salary,2021-03-03,BR0039,11387.29,Active
ACC002739,CUST01374,Current,2024-03-10,BR0004,15088.38,Active
ACC002740,CUST04902,Savings,2020-09-14,BR0018,30383.67,Active
ACC002741,CUST02165,Savings,2026-04-11,BR0025,51958.95,Active
ACC002742,CUST01190,Salary,2023-08-02,BR0007,20715.92,Active
ACC002743,CUST03701,Savings,2024-05-10,BR0009,22456.82,Active
ACC002744,CUST02301,Current,2026-02-13,BR0008,26159.5,Active
ACC002745,CUST00168,Savings,2022-10-15,BR0035,11859.85,Active
ACC002746,CUST04780,Current,2025-10-19,BR0042,7255.6,Active
ACC002747,CUST03936,Current,2021-03-03,BR0044,2679.74,Active
ACC002748,CUST04266,Salary,2020-12-12,BR0017,9564.57,Active
ACC002749,CUST03909,Current,2024-03-10,BR0038,38862.09,Active
ACC002750,CUST04918,Savings,2021-03-28,BR0021,9475.89,Active
ACC002751,CUST01105,Savings,2021-09-27,BR0032,16558.11,Active
ACC002752,CUST02287,Salary,2026-05-05,BR0027,38550.24,Active
ACC002753,CUST03421,Current,2019-09-22,BR0034,41143.75,Active
ACC002754,CUST04530,Salary,2022-06-02,BR0035,6030.35,Active
ACC002755,CUST00078,Current,2021-02-09,BR0005,72872.84,Active
ACC002756,CUST02568,Current,2026-03-02,BR0016,85205.4,Active
ACC002757,CUST03342,Savings,2021-12-19,BR0007,5677.01,Active
ACC002758,CUST03777,Current,2024-01-06,BR0023,8195.95,Active
ACC002759,CUST01459,Salary,2026-07-26,BR0049,91978.38,Active
ACC002760,CUST03429,Salary,2019-10-29,BR0020,18467.65,Active
ACC002761,CUST01786,Current,2023-11-29,BR0036,1534.97,Active
ACC002762,CUST00727,Salary,2023-12-10,BR0014,4106.73,Active
ACC002763,CUST04834,Salary,2020-02-18,BR0038,16329.96,Active
ACC002764,CUST00439,Current,2022-12-31,BR0034,5455.33,Inactive
ACC002765,CUST01366,Salary,2020-10-18,BR0004,13411.82,Active
ACC002766,CUST01698,Salary,2021-01-25,BR0001,22899.62,Active
ACC002767,CUST03490,Current,2020-01-23,BR0023,127351.41,Active
ACC002768,CUST01407,Savings,2023-08-22,BR0025,15544.39,Active
ACC002769,CUST01594,Current,2020-12-22,BR0008,79781.76,Active
ACC002770,CUST01984,Savings,2020-10-10,BR0031,122334.23,Active
ACC002771,CUST04317,Current,2021-09-15,BR0018,123151.63,Active
ACC002772,CUST00372,Current,2024-10-30,BR0045,30998.85,Active
ACC002773,CUST00462,Savings,2022-10-09,BR0031,2088.19,Active
ACC002774,CUST04927,Current,2024-07-12,BR0048,38291.75,Active
ACC002775,CUST04227,Current,2026-04-24,BR0033,77503.62,Active
ACC002776,CUST03450,Savings,2022-01-09,BR0044,19984.64,Active
ACC002777,CUST04801,Salary,2023-08-01,BR0049,178706.6,Active
ACC002778,CUST01255,Current,2021-09-27,BR0018,61808.75,Blocked
ACC002779,CUST01785,Salary,2023-07-09,BR0041,43561.46,Active
ACC002780,CUST02640,Current,2021-02-20,BR0007,81117.73,Active
ACC002781,CUST02231,Savings,2025-09-09,BR0039,32861.07,Active
ACC002782,CUST01510,Current,2020-08-01,BR0036,1106.14,Active
ACC002783,CUST00547,Salary,2025-09-19,BR0048,12100.88,Active
ACC002784,CUST02082,Current,2021-10-05,BR0027,92651.61,Active
ACC002785,CUST00871,Salary,2021-01-10,BR0012,8357.3,Active
ACC002786,CUST03325,Savings,2025-02-03,BR0008,16845.4,Active
ACC002787,CUST03238,Savings,2024-10-20,BR0037,6286.73,Active
ACC002788,CUST02933,Current,2026-01-25,BR0007,187345.0,Active
ACC002789,CUST04546,Current,2020-01-04,BR0021,165676.26,Active
ACC002790,CUST02572,Current,2020-03-21,BR0014,7626.29,Active
ACC002791,CUST04941,Savings,2022-11-10,BR0001,26285.1,Active
ACC002792,CUST03853,Salary,2020-10-21,BR0026,9734.26,Active
ACC002793,CUST02767,Salary,2019-08-27,BR0003,46070.75,Active
ACC002794,CUST03512,Salary,2022-02-03,BR0043,40603.91,Active
ACC002795,CUST04746,Salary,2023-07-27,BR0030,58340.2,Active
ACC002796,CUST02274,Salary,2024-02-24,BR0003,32803.88,Active
ACC002797,CUST04960,Savings,2026-06-11,BR0045,746004.9,Active
ACC002798,CUST03961,Salary,2023-10-26,BR0050,6415.62,Active
ACC002799,CUST02693,Salary,2025-05-30,BR0049,2827.86,Active
ACC002800,CUST03429,Current,2026-01-24,BR0033,13743.09,Active
ACC002801,CUST01690,Savings,2023-01-04,BR0040,3355.69,Active
ACC002802,CUST03513,Current,2024-04-30,BR0002,3674.03,Active
ACC002803,CUST01115,Savings,2024-04-03,BR0031,6623.79,Active
ACC002804,CUST02407,Savings,2025-10-29,BR0046,7283.55,Active
ACC002805,CUST02504,Savings,2023-01-31,BR0042,7005.55,Active
ACC002806,CUST01399,Salary,2024-02-12,BR0018,41021.96,Active
ACC002807,CUST04303,Salary,2023-08-14,BR0015,11998.93,Active
ACC002808,CUST00503,Current,2025-02-26,BR0044,17757.84,Active
ACC002809,CUST01515,Salary,2024-01-26,BR0016,64413.55,Active
ACC002810,CUST02528,Savings,2022-08-29,BR0007,8781.59,Active
ACC002811,CUST00819,Salary,2026-05-04,BR0020,16035.25,Active
ACC002812,CUST01378,Current,2024-10-19,BR0049,34163.46,Inactive
ACC002813,CUST02218,Savings,2024-07-24,BR0043,2143.34,Blocked
ACC002814,CUST00253,Savings,2025-10-04,BR0045,1259.05,Active
ACC002815,CUST03014,Savings,2026-01-09,BR0045,33367.6,Active
ACC002816,CUST03599,Current,2023-02-04,BR0023,39752.07,Active
ACC002817,CUST00745,Savings,2026-01-16,BR0043,262252.79,Active
ACC002818,CUST03489,Salary,2021-10-15,BR0005,26627.87,Inactive
ACC002819,CUST03413,Current,2024-02-07,BR0001,58905.38,Active
ACC002820,CUST04719,Current,2023-02-12,BR0007,17421.02,Active
ACC002821,CUST02880,Savings,2021-01-25,BR0040,31466.31,Active
ACC002822,CUST00533,Savings,2023-12-06,BR0030,162870.1,Active
ACC002823,CUST02549,Salary,2023-11-25,BR0009,1721.94,Active
ACC002824,CUST02661,Savings,2020-09-21,BR0044,36182.81,Active
ACC002825,CUST00458,Salary,2026-06-30,BR0012,285701.85,Active
ACC002826,CUST00624,Salary,2019-12-17,BR0050,30897.82,Active
ACC002827,CUST01636,Current,2021-05-29,BR0025,159641.76,Active
ACC002828,CUST02189,Savings,2020-04-10,BR0048,10352.11,Active
ACC002829,CUST01438,Savings,2024-10-01,BR0041,21195.48,Inactive
ACC002830,CUST01982,Current,2022-10-10,BR0025,22930.65,Active
ACC002831,CUST03546,Salary,2022-03-10,BR0043,1539.0,Active
ACC002832,CUST03469,Salary,2020-08-18,BR0012,5421.82,Active
ACC002833,CUST04669,Current,2024-10-15,BR0015,5906.15,Active
ACC002834,CUST03144,Savings,2023-02-27,BR0037,59070.05,Active
ACC002835,CUST00536,Salary,2022-11-26,BR0035,62729.29,Active
ACC002836,CUST01572,Salary,2022-11-06,BR0044,32495.07,Active
ACC002837,CUST01889,Current,2022-03-13,BR0009,59214.6,Active
ACC002838,CUST01219,Current,2022-10-29,BR0001,18088.3,Active
ACC002839,CUST01456,Salary,2019-11-08,BR0048,93182.76,Active
ACC002840,CUST03360,Savings,2022-04-29,BR0013,22259.99,Active
ACC002841,CUST04239,Salary,2023-10-17,BR0039,23610.27,Active
ACC002842,CUST01951,Current,2021-05-04,BR0014,16015.12,Active
ACC002843,CUST00840,Salary,2026-01-12,BR0034,50078.18,Active
ACC002844,CUST02085,Salary,2019-10-14,BR0003,13287.27,Active
ACC002845,CUST02966,Current,2021-06-25,BR0012,71091.12,Active
ACC002846,CUST04605,Savings,2023-05-10,BR0025,5661.37,Inactive
ACC002847,CUST01095,Salary,2026-03-30,BR0022,5891.7,Active
ACC002848,CUST03685,Current,2025-01-29,BR0014,50257.35,Active
ACC002849,CUST00178,Salary,2026-01-12,BR0023,19806.13,Active
ACC002850,CUST04583,Salary,2020-11-25,BR0034,12776.08,Active
ACC002851,CUST03058,Salary,2023-06-23,BR0018,64091.64,Active
ACC002852,CUST03929,Salary,2024-09-02,BR0001,10628.41,Active
ACC002853,CUST03498,Salary,2026-05-17,BR0028,17322.45,Active
ACC002854,CUST01717,Current,2026-02-07,BR0039,118074.79,Active
ACC002855,CUST03853,Current,2026-01-08,BR0022,139660.65,Active
ACC002856,CUST03752,Savings,2020-11-02,BR0036,145346.79,Active
ACC002857,CUST00038,Savings,2025-03-03,BR0049,15700.52,Active
ACC002858,CUST04823,Current,2026-05-27,BR0018,96456.12,Active
ACC002859,CUST04167,Current,2022-03-21,BR0014,7053.34,Active
ACC002860,CUST02334,Salary,2023-01-08,BR0047,7418.38,Active
ACC002861,CUST03293,Salary,2021-09-23,BR0025,1312.19,Active
ACC002862,CUST03553,Current,2020-11-10,BR0029,163970.5,Active
ACC002863,CUST04747,Current,2019-10-15,BR0030,7810.5,Active
ACC002864,CUST00873,Current,2021-07-31,BR0045,18923.52,Active
ACC002865,CUST00183,Current,2023-05-21,BR0038,7387.99,Active
ACC002866,CUST02137,Salary,2021-10-19,BR0029,50726.22,Active
ACC002867,CUST00662,Savings,2023-10-16,BR0049,14034.02,Active
ACC002868,CUST04290,Current,2023-01-17,BR0046,4601.88,Active
ACC002869,CUST03671,Savings,2023-08-13,BR0022,37421.29,Active
ACC002870,CUST02937,Current,2025-09-17,BR0028,3942.32,Active
ACC002871,CUST00001,Salary,2023-08-10,BR0022,8063.58,Active
ACC002872,CUST04139,Current,2022-10-23,BR0002,1757.65,Active
ACC002873,CUST03149,Current,2021-05-22,BR0043,3988.82,Active
ACC002874,CUST04612,Salary,2023-08-04,BR0044,27288.89,Active
ACC002875,CUST02328,Salary,2020-10-04,BR0014,2085.07,Inactive
ACC002876,CUST03015,Salary,2023-03-09,BR0041,3724.27,Blocked
ACC002877,CUST04715,Salary,2020-02-01,BR0021,21963.94,Active
ACC002878,CUST02280,Current,2021-09-26,BR0049,11472.08,Active
ACC002879,CUST02746,Current,2020-11-20,BR0027,240492.45,Active
ACC002880,CUST04724,Savings,2025-02-03,BR0032,198923.55,Active
ACC002881,CUST00374,Savings,2020-07-05,BR0046,7773.63,Active
ACC002882,CUST02166,Savings,2022-02-28,BR0036,42983.22,Active
ACC002883,CUST03864,Salary,2022-10-31,BR0035,54129.74,Active
ACC002884,CUST02713,Current,2020-02-07,BR0008,10753.92,Active
ACC002885,CUST00273,Savings,2022-08-19,BR0022,3660.48,Active
ACC002886,CUST01972,Salary,2023-08-09,BR0021,21703.78,Active
ACC002887,CUST04019,Current,2022-12-08,BR0048,17900.52,Active
ACC002888,CUST03084,Current,2025-03-17,BR0033,13057.04,Blocked
ACC002889,CUST00585,Salary,2023-05-03,BR0027,37450.68,Active
ACC002890,CUST02043,Salary,2020-04-24,BR0042,8947.46,Active
ACC002891,CUST02003,Salary,2024-09-26,BR0027,5528.12,Active
ACC002892,CUST00425,Salary,2022-02-24,BR0025,25106.94,Active
ACC002893,CUST04196,Current,2022-09-01,BR0015,35002.13,Active
ACC002894,CUST00693,Savings,2026-08-20,BR0050,5367.01,Active
ACC002895,CUST01158,Current,2024-01-04,BR0036,67084.53,Active
ACC002896,CUST04925,Current,2024-05-04,BR0006,2631.8,Inactive
ACC002897,CUST01708,Savings,2023-09-16,BR0049,11006.75,Active
ACC002898,CUST04127,Current,2019-12-29,BR0010,16161.54,Active
ACC002899,CUST04012,Current,2023-09-23,BR0023,10265.37,Active
ACC002900,CUST03890,Savings,2020-03-23,BR0014,11180.51,Active
ACC002901,CUST03400,Savings,2022-08-25,BR0004,207999.17,Inactive
ACC002902,CUST03461,Savings,2022-06-20,BR0017,7934.21,Active
ACC002903,CUST02305,Savings,2021-04-18,BR0041,412283.32,Active
ACC002904,CUST03302,Salary,2022-04-16,BR0050,37218.16,Active
ACC002905,CUST02004,Savings,2023-12-17,BR0007,24599.13,Active
ACC002906,CUST01234,Savings,2021-01-22,BR0015,39006.69,Active
ACC002907,CUST03455,Savings,2019-09-29,BR0031,458590.67,Active
ACC002908,CUST00392,Current,2020-07-05,BR0015,6685.45,Active
ACC002909,CUST03658,Current,2020-11-21,BR0018,5741.63,Active
ACC002910,CUST03777,Current,2025-12-24,BR0028,8903.15,Active
ACC002911,CUST03388,Savings,2025-09-12,BR0025,22892.66,Active
ACC002912,CUST03215,Current,2024-06-04,BR0035,2776.86,Active
ACC002913,CUST00338,Salary,2021-12-10,BR0040,22624.92,Active
ACC002914,CUST04541,Salary,2020-02-28,BR0032,168090.29,Active
ACC002915,CUST02171,Current,2019-11-10,BR0050,26415.04,Active
ACC002916,CUST02234,Salary,2023-12-25,BR0019,15502.82,Active
ACC002917,CUST02337,Salary,2021-07-05,BR0046,10490.31,Active
ACC002918,CUST04813,Current,2025-01-05,BR0013,64745.15,Active
ACC002919,CUST03766,Current,2024-01-30,BR0002,8176.35,Inactive
ACC002920,CUST01967,Current,2022-10-22,BR0025,201929.74,Active
ACC002921,CUST04568,Current,2019-11-08,BR0019,224141.25,Active
ACC002922,CUST01232,Savings,2023-06-19,BR0031,29974.46,Active
ACC002923,CUST02906,Savings,2023-01-30,BR0020,21724.19,Active
ACC002924,CUST02874,Savings,2022-06-28,BR0020,75871.15,Active
ACC002925,CUST02598,Current,2026-06-10,BR0050,81941.28,Active
ACC002926,CUST01704,Savings,2024-11-11,BR0040,8373.36,Active
ACC002927,CUST00265,Salary,2023-07-26,BR0046,11709.24,Active
ACC002928,CUST02276,Salary,2022-08-07,BR0003,4506.08,Active
ACC002929,CUST03053,Current,2024-12-08,BR0023,35985.74,Active
ACC002930,CUST01229,Savings,2022-06-05,BR0048,49018.52,Active
ACC002931,CUST02158,Current,2022-01-27,BR0016,4359.4,Active
ACC002932,CUST02733,Salary,2022-10-12,BR0043,12756.05,Active
ACC002933,CUST02016,Current,2020-01-31,BR0012,4373.4,Active
ACC002934,CUST01067,Current,2026-06-19,BR0028,7490.87,Blocked
ACC002935,CUST00111,Savings,2024-01-18,BR0017,42668.68,Active
ACC002936,CUST04675,Salary,2024-08-18,BR0006,9134.57,Active
ACC002937,CUST02012,Current,2020-09-12,BR0038,15352.12,Blocked
ACC002938,CUST02963,Current,2023-05-19,BR0005,3125.11,Active
ACC002939,CUST04898,Salary,2026-02-06,BR0037,27567.37,Active
ACC002940,CUST03270,Current,2023-10-18,BR0006,20886.79,Active
ACC002941,CUST00834,Salary,2023-05-03,BR0021,9184.28,Active
ACC002942,CUST03669,Current,2026-02-22,BR0026,17556.56,Active
ACC002943,CUST02556,Salary,2024-01-08,BR0020,27346.77,Active
ACC002944,CUST03483,Savings,2019-12-16,BR0033,8284.64,Active
ACC002945,CUST03346,Salary,2025-04-26,BR0032,3746.15,Active
ACC002946,CUST02300,Salary,2026-04-12,BR0030,192276.42,Active
ACC002947,CUST03372,Current,2024-04-23,BR0043,10301.79,Active
ACC002948,CUST03141,Salary,2025-11-05,BR0010,19611.82,Active
ACC002949,CUST00130,Salary,2026-01-07,BR0024,74087.91,Active
ACC002950,CUST03022,Current,2024-06-19,BR0022,1520981.22,Inactive
ACC002951,CUST04802,Current,2023-12-14,BR0002,4947.39,Active
ACC002952,CUST00556,Current,2020-03-22,BR0046,37789.73,Active
ACC002953,CUST01907,Salary,2020-12-14,BR0015,9423.27,Active
ACC002954,CUST01479,Salary,2022-11-12,BR0046,11538.58,Active
ACC002955,CUST03464,Current,2022-06-16,BR0002,9281.19,Active
ACC002956,CUST03942,Salary,2025-04-08,BR0016,5705.66,Active
ACC002957,CUST03460,Savings,2025-09-22,BR0010,20961.66,Active
ACC002958,CUST00449,Current,2023-05-23,BR0005,3754.07,Active
ACC002959,CUST00723,Salary,2025-11-14,BR0025,68608.32,Active
ACC002960,CUST02526,Current,2025-10-17,BR0020,23529.34,Active
ACC002961,CUST01996,Savings,2025-01-19,BR0036,36567.75,Active
ACC002962,CUST00740,Current,2021-12-02,BR0030,12588.94,Active
ACC002963,CUST04099,Current,2020-11-15,BR0011,14176.7,Active
ACC002964,CUST02452,Current,2020-11-09,BR0009,31103.53,Active
ACC002965,CUST02682,Salary,2026-02-17,BR0017,5448.74,Active
ACC002966,CUST00137,Salary,2021-04-26,BR0044,14334.31,Active
ACC002967,CUST01851,Salary,2020-06-10,BR0031,7851.53,Active
ACC002968,CUST02928,Savings,2024-11-23,BR0035,7565.23,Active
ACC002969,CUST03329,Current,2022-11-30,BR0020,1751.44,Active
ACC002970,CUST04071,Current,2021-12-29,BR0020,109885.25,Active
ACC002971,CUST00739,Savings,2023-01-02,BR0024,9663.91,Active
ACC002972,CUST01540,Savings,2021-07-10,BR0010,88969.71,Active
ACC002973,CUST03063,Savings,2020-01-03,BR0018,79423.6,Active
ACC002974,CUST03428,Current,2020-01-09,BR0035,4706.97,Active
ACC002975,CUST02862,Savings,2022-03-24,BR0040,5966.44,Active
ACC002976,CUST04408,Current,2019-10-02,BR0041,475728.96,Active
ACC002977,CUST00975,Current,2020-10-12,BR0036,180071.83,Active
ACC002978,CUST02816,Salary,2021-04-21,BR0040,21208.93,Active
ACC002979,CUST04730,Salary,2023-03-17,BR0020,29996.85,Active
ACC002980,CUST00623,Savings,2024-06-28,BR0036,10331.83,Inactive
ACC002981,CUST02706,Current,2021-04-18,BR0034,37005.55,Active
ACC002982,CUST00907,Current,2023-03-15,BR0030,9315.0,Active
ACC002983,CUST01457,Savings,2026-06-13,BR0035,1922.1,Active
ACC002984,CUST00796,Salary,2020-12-09,BR0015,4510.36,Active
ACC002985,CUST04686,Savings,2023-04-13,BR0036,22591.1,Active
ACC002986,CUST00337,Salary,2024-04-20,BR0004,5668.72,Blocked
ACC002987,CUST04366,Savings,2024-06-25,BR0017,20318.09,Active
ACC002988,CUST01549,Current,2021-10-26,BR0009,6065.71,Active
ACC002989,CUST01418,Current,2021-06-10,BR0011,8614.27,Active
ACC002990,CUST04983,Current,2019-08-27,BR0037,61316.14,Active
ACC002991,CUST01984,Savings,2020-03-18,BR0038,29642.86,Active
ACC002992,CUST00833,Savings,2021-01-14,BR0005,21772.49,Active
ACC002993,CUST01268,Current,2019-12-20,BR0013,63244.08,Active
ACC002994,CUST00714,Current,2021-11-27,BR0047,39211.69,Active
ACC002995,CUST01611,Savings,2025-11-01,BR0006,124975.87,Active
ACC002996,CUST02920,Current,2023-10-03,BR0013,12684.92,Active
ACC002997,CUST00515,Current,2026-05-06,BR0015,13153.43,Active
ACC002998,CUST00483,Current,2020-03-18,BR0019,4622.4,Active
ACC002999,CUST03613,Salary,2021-07-06,BR0006,13163.76,Active
ACC003000,CUST00818,Savings,2023-08-19,BR0040,70103.21,Blocked
ACC003001,CUST03337,Current,2021-01-21,BR0040,104818.43,Active
ACC003002,CUST02563,Current,2025-05-15,BR0030,69728.63,Active
ACC003003,CUST03541,Savings,2023-11-06,BR0048,2557.97,Active
ACC003004,CUST02667,Current,2020-08-14,BR0008,80803.39,Active
ACC003005,CUST01506,Salary,2020-04-30,BR0038,2425.46,Active
ACC003006,CUST03331,Salary,2025-05-05,BR0039,64714.51,Active
ACC003007,CUST01251,Savings,2023-07-23,BR0027,14166.83,Active
ACC003008,CUST00673,Salary,2026-07-21,BR0047,51176.72,Active
ACC003009,CUST00188,Current,2022-07-25,BR0007,4451.79,Active
ACC003010,CUST03133,Salary,2024-11-23,BR0025,89805.47,Active
ACC003011,CUST00765,Savings,2025-11-03,BR0004,3797.24,Active
ACC003012,CUST04313,Salary,2022-10-25,BR0009,9875.91,Active
ACC003013,CUST02049,Savings,2023-08-21,BR0048,6649.43,Active
ACC003014,CUST04388,Savings,2021-11-04,BR0027,2683.45,Active
ACC003015,CUST01032,Savings,2024-07-22,BR0044,24672.22,Active
ACC003016,CUST04090,Current,2024-05-26,BR0041,192395.21,Active
ACC003017,CUST03122,Salary,2024-04-23,BR0037,540519.65,Active
ACC003018,CUST01197,Savings,2026-07-30,BR0034,24750.15,Active
ACC003019,CUST02220,Current,2025-12-17,BR0037,84121.51,Active
ACC003020,CUST00708,Salary,2022-06-18,BR0001,29100.59,Active
ACC003021,CUST04659,Savings,2025-01-08,BR0009,40081.09,Active
ACC003022,CUST02882,Current,2025-04-21,BR0009,14609.42,Active
ACC003023,CUST04516,Salary,2022-06-05,BR0030,27836.19,Active
ACC003024,CUST01649,Savings,2024-02-17,BR0010,41981.09,Active
ACC003025,CUST03796,Current,2020-12-21,BR0036,11002.18,Active
ACC003026,CUST04042,Salary,2025-04-30,BR0009,20070.51,Active
ACC003027,CUST01568,Salary,2025-06-13,BR0030,20534.96,Active
ACC003028,CUST01186,Salary,2025-09-29,BR0023,59378.29,Active
ACC003029,CUST02742,Savings,2024-08-31,BR0046,6128.84,Active
ACC003030,CUST02714,Salary,2024-01-27,BR0033,20705.39,Active
ACC003031,CUST00189,Salary,2025-06-15,BR0010,218470.56,Active
ACC003032,CUST04228,Current,2022-01-08,BR0002,89042.78,Active
ACC003033,CUST00360,Current,2026-07-04,BR0036,111192.13,Active
ACC003034,CUST01491,Current,2024-09-13,BR0001,22681.8,Active
ACC003035,CUST02938,Current,2026-04-09,BR0031,32376.79,Active
ACC003036,CUST03270,Salary,2021-09-26,BR0039,73326.94,Inactive
ACC003037,CUST00342,Salary,2021-07-28,BR0038,143244.27,Active
ACC003038,CUST00684,Salary,2026-07-31,BR0033,2117.68,Inactive
ACC003039,CUST04788,Salary,2019-11-03,BR0022,4543.58,Active
ACC003040,CUST02127,Savings,2023-05-04,BR0003,106014.69,Active
ACC003041,CUST03187,Current,2023-10-05,BR0041,15799.49,Active
ACC003042,CUST03535,Savings,2021-12-18,BR0015,9837.29,Active
ACC003043,CUST04032,Salary,2022-06-10,BR0033,4890.29,Active
ACC003044,CUST03628,Salary,2023-12-23,BR0025,11316.08,Active
ACC003045,CUST01947,Savings,2022-03-16,BR0014,4093.51,Active
ACC003046,CUST00430,Current,2023-11-22,BR0042,270848.02,Active
ACC003047,CUST01131,Salary,2025-10-23,BR0002,21441.35,Active
ACC003048,CUST00801,Salary,2023-02-03,BR0013,20546.78,Active
ACC003049,CUST00075,Current,2020-02-01,BR0031,44609.05,Active
ACC003050,CUST02270,Salary,2024-09-06,BR0049,69899.53,Active
ACC003051,CUST00653,Salary,2022-03-16,BR0040,68532.67,Active
ACC003052,CUST04170,Savings,2026-06-20,BR0014,79885.24,Active
ACC003053,CUST02101,Salary,2021-11-03,BR0038,10331.84,Active
ACC003054,CUST02644,Salary,2020-07-21,BR0016,15406.73,Active
ACC003055,CUST04666,Current,2020-11-27,BR0020,55427.88,Active
ACC003056,CUST01000,Current,2024-05-15,BR0030,11697.53,Active
ACC003057,CUST00392,Current,2021-07-20,BR0015,21891.9,Active
ACC003058,CUST01050,Salary,2026-04-25,BR0016,35543.64,Active
ACC003059,CUST00762,Salary,2021-07-06,BR0027,56512.78,Active
ACC003060,CUST00462,Salary,2021-10-06,BR0022,2609.16,Active
ACC003061,CUST01033,Salary,2023-08-07,BR0047,51932.22,Active
ACC003062,CUST00065,Salary,2020-12-14,BR0017,16639.44,Active
ACC003063,CUST04236,Current,2020-06-27,BR0041,51480.03,Active
ACC003064,CUST03391,Current,2025-07-31,BR0025,55955.84,Active
ACC003065,CUST01223,Salary,2024-04-05,BR0011,151675.41,Active
ACC003066,CUST04382,Salary,2023-12-14,BR0012,111763.95,Active
ACC003067,CUST01302,Salary,2022-09-26,BR0011,110844.77,Active
ACC003068,CUST00014,Savings,2023-02-28,BR0034,124542.76,Active
ACC003069,CUST02011,Current,2025-12-18,BR0014,31246.25,Active
ACC003070,CUST04178,Salary,2023-01-19,BR0022,22893.82,Active
ACC003071,CUST02442,Salary,2023-03-20,BR0028,62779.29,Active
ACC003072,CUST03355,Salary,2024-06-20,BR0032,53023.85,Active
ACC003073,CUST03271,Current,2022-06-20,BR0021,15201.06,Active
ACC003074,CUST01793,Current,2022-03-12,BR0018,35803.04,Active
ACC003075,CUST04707,Current,2020-05-04,BR0037,21118.07,Active
ACC003076,CUST01201,Savings,2021-09-17,BR0015,7905.24,Active
ACC003077,CUST01644,Savings,2021-01-11,BR0031,103626.97,Active
ACC003078,CUST02824,Salary,2024-12-12,BR0046,23534.89,Active
ACC003079,CUST01300,Salary,2023-09-28,BR0045,257416.3,Active
ACC003080,CUST02250,Salary,2025-04-15,BR0046,3131.94,Active
ACC003081,CUST02265,Savings,2020-03-19,BR0044,11292.18,Active
ACC003082,CUST02385,Salary,2026-03-29,BR0025,22906.28,Active
ACC003083,CUST01282,Current,2022-04-27,BR0029,86237.23,Active
ACC003084,CUST00986,Salary,2020-02-18,BR0042,35573.75,Active
ACC003085,CUST04039,Current,2023-05-10,BR0017,31970.45,Active
ACC003086,CUST02198,Salary,2023-02-07,BR0027,5694.66,Active
ACC003087,CUST02608,Savings,2026-08-01,BR0050,5495.42,Active
ACC003088,CUST03571,Current,2023-04-29,BR0008,32435.4,Active
ACC003089,CUST03610,Salary,2020-12-16,BR0039,4285.84,Active
ACC003090,CUST00066,Savings,2023-03-04,BR0037,11634.69,Inactive
ACC003091,CUST02876,Salary,2023-09-04,BR0033,40179.04,Active
ACC003092,CUST00500,Savings,2019-11-29,BR0026,6776.47,Active
ACC003093,CUST00309,Savings,2022-06-28,BR0049,151210.34,Active
ACC003094,CUST04716,Current,2022-10-19,BR0042,95676.08,Active
ACC003095,CUST01414,Current,2020-08-27,BR0010,3341.9,Active
ACC003096,CUST02301,Salary,2022-04-08,BR0048,7195.09,Active
ACC003097,CUST04917,Savings,2021-08-27,BR0031,1418.09,Active
ACC003098,CUST04533,Savings,2023-10-15,BR0037,8611.81,Active
ACC003099,CUST02082,Current,2023-11-01,BR0042,55252.35,Active
ACC003100,CUST00679,Salary,2023-01-08,BR0033,13404.24,Inactive
ACC003101,CUST02250,Savings,2024-08-27,BR0014,38290.48,Active
ACC003102,CUST02458,Salary,2021-06-20,BR0001,3544.66,Active
ACC003103,CUST02734,Savings,2023-02-05,BR0029,57386.84,Active
ACC003104,CUST03070,Salary,2023-04-23,BR0026,11314.82,Active
ACC003105,CUST03982,Savings,2021-08-25,BR0023,22350.49,Active
ACC003106,CUST02233,Current,2022-02-01,BR0002,19703.48,Active
ACC003107,CUST04799,Savings,2021-09-19,BR0026,4789.31,Active
ACC003108,CUST03584,Current,2024-11-03,BR0018,5520.91,Active
ACC003109,CUST03301,Salary,2026-06-29,BR0045,70358.11,Active
ACC003110,CUST01115,Savings,2021-01-19,BR0041,35553.38,Active
ACC003111,CUST01690,Current,2022-07-05,BR0045,77657.15,Active
ACC003112,CUST02449,Salary,2021-01-01,BR0037,32519.33,Active
ACC003113,CUST04910,Salary,2024-09-25,BR0010,26149.59,Active
ACC003114,CUST02860,Current,2022-06-07,BR0029,2776.06,Active
ACC003115,CUST01258,Salary,2024-09-11,BR0024,15923.64,Active
ACC003116,CUST01399,Savings,2022-11-08,BR0023,21314.41,Inactive
ACC003117,CUST01782,Salary,2020-05-09,BR0016,229516.14,Active
ACC003118,CUST04073,Current,2020-07-03,BR0022,50229.01,Active
ACC003119,CUST04498,Savings,2020-05-07,BR0006,139145.22,Active
ACC003120,CUST03165,Savings,2020-05-07,BR0027,45118.39,Active
ACC003121,CUST04976,Current,2026-06-03,BR0026,9380.95,Active
ACC003122,CUST04195,Current,2025-12-03,BR0019,25350.38,Active
ACC003123,CUST00021,Current,2019-09-21,BR0036,29245.13,Active
ACC003124,CUST00184,Current,2020-12-04,BR0022,7136.75,Active
ACC003125,CUST04609,Salary,2024-03-30,BR0037,13887.37,Active
ACC003126,CUST04974,Salary,2023-04-18,BR0005,17207.14,Active
ACC003127,CUST03070,Current,2023-11-03,BR0005,151258.23,Active
ACC003128,CUST02272,Current,2020-06-07,BR0007,1813.68,Active
ACC003129,CUST04949,Savings,2026-05-26,BR0022,93618.39,Active
ACC003130,CUST00822,Current,2026-07-10,BR0018,7157.0,Active
ACC003131,CUST01457,Salary,2025-07-31,BR0049,4245.03,Active
ACC003132,CUST02004,Salary,2025-02-28,BR0050,90756.06,Active
ACC003133,CUST04673,Current,2020-12-09,BR0018,53012.22,Active
ACC003134,CUST03559,Current,2020-02-01,BR0025,99252.51,Active
ACC003135,CUST04771,Savings,2019-09-01,BR0031,57574.92,Active
ACC003136,CUST02672,Current,2023-08-28,BR0047,260879.53,Active
ACC003137,CUST01723,Salary,2021-02-27,BR0020,43065.12,Active
ACC003138,CUST03539,Salary,2019-12-05,BR0031,18255.6,Active
ACC003139,CUST00835,Current,2020-10-13,BR0027,33240.08,Active
ACC003140,CUST01432,Savings,2022-02-16,BR0047,97945.15,Active
ACC003141,CUST04770,Current,2022-10-08,BR0050,8645.11,Active
ACC003142,CUST00441,Current,2025-06-03,BR0026,10074.21,Inactive
ACC003143,CUST01975,Current,2025-06-25,BR0008,15203.0,Active
ACC003144,CUST02949,Salary,2025-08-08,BR0030,1762.52,Active
ACC003145,CUST00418,Salary,2022-09-08,BR0004,25995.9,Active
ACC003146,CUST02729,Salary,2025-04-25,BR0017,2290.78,Active
ACC003147,CUST01874,Current,2024-07-07,BR0040,23474.53,Inactive
ACC003148,CUST01970,Salary,2020-05-23,BR0005,62214.77,Active
ACC003149,CUST02150,Salary,2019-12-29,BR0035,12428.51,Active
ACC003150,CUST01417,Current,2021-01-20,BR0024,164808.43,Active
ACC003151,CUST04100,Current,2022-04-14,BR0026,3817.68,Active
ACC003152,CUST01829,Current,2022-06-16,BR0018,91997.14,Active
ACC003153,CUST03997,Current,2020-07-01,BR0007,49521.61,Active
ACC003154,CUST02694,Salary,2019-12-24,BR0024,2809.5,Active
ACC003155,CUST02573,Savings,2024-08-09,BR0016,569750.12,Active
ACC003156,CUST04395,Current,2020-05-07,BR0024,20404.4,Active
ACC003157,CUST00145,Salary,2019-12-26,BR0048,7684.95,Active
ACC003158,CUST02819,Current,2024-11-15,BR0048,4070.4,Active
ACC003159,CUST03997,Current,2019-08-26,BR0033,16915.38,Active
ACC003160,CUST03349,Current,2026-08-21,BR0003,18903.68,Active
ACC003161,CUST04350,Current,2021-04-14,BR0041,24913.74,Active
ACC003162,CUST01585,Current,2026-05-14,BR0011,15408.04,Active
ACC003163,CUST02474,Current,2021-02-03,BR0001,47092.56,Active
ACC003164,CUST03810,Savings,2022-12-22,BR0017,13833.44,Active
ACC003165,CUST04858,Current,2023-10-27,BR0041,2160.39,Active
ACC003166,CUST02085,Salary,2020-07-25,BR0032,18412.15,Active
ACC003167,CUST04008,Salary,2021-12-03,BR0045,1285.66,Active
ACC003168,CUST02383,Savings,2024-09-11,BR0036,33675.46,Active
ACC003169,CUST02617,Salary,2022-02-16,BR0022,6801.1,Blocked
ACC003170,CUST04246,Salary,2024-11-19,BR0014,26796.66,Active
ACC003171,CUST02322,Current,2024-02-15,BR0046,106605.46,Active
ACC003172,CUST00304,Savings,2020-04-04,BR0030,7055.07,Active
ACC003173,CUST04985,Current,2024-11-10,BR0007,78708.58,Active
ACC003174,CUST03770,Current,2022-01-25,BR0040,13094.3,Active
ACC003175,CUST00323,Savings,2020-10-29,BR0029,180562.77,Active
ACC003176,CUST03140,Current,2020-03-14,BR0037,14211.64,Active
ACC003177,CUST02210,Salary,2023-08-01,BR0003,8033.76,Active
ACC003178,CUST03543,Salary,2024-10-21,BR0039,50246.0,Active
ACC003179,CUST04334,Current,2021-11-10,BR0021,13056.64,Active
ACC003180,CUST03260,Salary,2020-12-27,BR0010,8024.55,Active
ACC003181,CUST02992,Salary,2025-02-14,BR0050,12414.15,Active
ACC003182,CUST04503,Salary,2026-04-02,BR0028,20878.44,Active
ACC003183,CUST02048,Current,2025-08-08,BR0013,110262.17,Active
ACC003184,CUST03988,Savings,2024-01-11,BR0024,2162.66,Active
ACC003185,CUST02917,Salary,2020-06-19,BR0034,22645.06,Active
ACC003186,CUST00373,Current,2023-11-15,BR0004,46624.63,Active
ACC003187,CUST01089,Salary,2024-10-22,BR0035,27781.85,Active
ACC003188,CUST00700,Savings,2021-07-21,BR0015,106068.27,Active
ACC003189,CUST00873,Savings,2025-07-05,BR0040,20146.49,Active
ACC003190,CUST02230,Savings,2022-01-23,BR0004,17650.83,Active
ACC003191,CUST02539,Savings,2019-12-03,BR0032,44837.29,Active
ACC003192,CUST01858,Current,2022-12-30,BR0026,24814.33,Active
ACC003193,CUST01844,Current,2022-07-13,BR0031,13787.39,Active
ACC003194,CUST04652,Current,2025-04-22,BR0029,40919.94,Active
ACC003195,CUST00513,Salary,2021-01-12,BR0018,10066.48,Active
ACC003196,CUST00184,Savings,2025-07-24,BR0046,10578.59,Active
ACC003197,CUST00091,Salary,2023-09-02,BR0004,11689.04,Active
ACC003198,CUST01871,Current,2026-07-17,BR0050,111712.4,Active
ACC003199,CUST02989,Salary,2023-07-01,BR0010,461.64,Active
ACC003200,CUST00207,Salary,2022-09-13,BR0012,35408.9,Inactive
ACC003201,CUST02808,Savings,2023-12-24,BR0043,22951.22,Active
ACC003202,CUST03858,Salary,2022-04-03,BR0017,2930.58,Active
ACC003203,CUST00560,Savings,2022-02-23,BR0033,31941.84,Active
ACC003204,CUST04286,Current,2025-03-17,BR0028,38983.84,Active
ACC003205,CUST00850,Savings,2025-08-26,BR0009,44692.77,Active
ACC003206,CUST01607,Savings,2026-07-30,BR0005,913.98,Active
ACC003207,CUST01364,Current,2023-01-23,BR0011,113512.39,Active
ACC003208,CUST00677,Savings,2023-03-16,BR0038,9088.05,Active
ACC003209,CUST04478,Salary,2026-07-07,BR0010,50205.57,Active
ACC003210,CUST02508,Current,2021-08-25,BR0049,53599.15,Active
ACC003211,CUST03699,Current,2026-05-28,BR0041,7692.21,Active
ACC003212,CUST03093,Current,2022-04-13,BR0045,48657.05,Active
ACC003213,CUST03071,Salary,2025-04-25,BR0021,13868.95,Active
ACC003214,CUST00626,Savings,2022-06-05,BR0034,1834.17,Active
ACC003215,CUST04361,Salary,2021-06-10,BR0049,89437.05,Active
ACC003216,CUST02807,Savings,2021-09-11,BR0014,8690.15,Active
ACC003217,CUST03688,Savings,2023-07-29,BR0033,7899.92,Inactive
ACC003218,CUST02770,Savings,2020-11-30,BR0004,13579.56,Active
ACC003219,CUST04423,Savings,2025-08-18,BR0045,30536.69,Active
ACC003220,CUST03642,Salary,2020-12-20,BR0028,20563.55,Active
ACC003221,CUST00817,Salary,2019-12-18,BR0050,42517.89,Active
ACC003222,CUST04069,Savings,2020-04-28,BR0017,4414.34,Active
ACC003223,CUST01103,Savings,2020-02-24,BR0002,9037.49,Inactive
ACC003224,CUST02139,Salary,2024-08-24,BR0034,19164.28,Active
ACC003225,CUST01991,Current,2020-08-25,BR0018,214800.45,Inactive
ACC003226,CUST00799,Savings,2020-11-26,BR0012,19214.59,Active
ACC003227,CUST04438,Savings,2020-07-25,BR0025,81005.05,Active
ACC003228,CUST00014,Salary,2023-06-20,BR0031,23069.49,Active
ACC003229,CUST03235,Current,2020-09-20,BR0030,12327.77,Active
ACC003230,CUST00379,Salary,2020-12-01,BR0037,16381.87,Active
ACC003231,CUST03456,Salary,2025-10-18,BR0043,17995.85,Active
ACC003232,CUST00889,Salary,2020-04-10,BR0016,45450.31,Active
ACC003233,CUST03091,Savings,2022-01-19,BR0048,114637.87,Active
ACC003234,CUST00022,Current,2026-03-15,BR0027,33915.15,Active
ACC003235,CUST00539,Salary,2022-06-24,BR0027,91536.51,Active
ACC003236,CUST00769,Current,2025-07-01,BR0010,6920.56,Active
ACC003237,CUST04470,Salary,2022-05-16,BR0034,13392.41,Active
ACC003238,CUST00405,Salary,2024-07-29,BR0020,9235.75,Active
ACC003239,CUST03195,Salary,2021-09-07,BR0015,32123.19,Active
ACC003240,CUST01326,Current,2025-10-05,BR0020,14317.67,Active
ACC003241,CUST03282,Current,2023-09-30,BR0040,52877.2,Active
ACC003242,CUST02446,Savings,2023-05-09,BR0038,7206.93,Active
ACC003243,CUST03288,Savings,2023-02-19,BR0021,23193.73,Active
ACC003244,CUST01890,Salary,2020-09-09,BR0044,50223.06,Active
ACC003245,CUST02050,Salary,2025-02-16,BR0003,1847.59,Inactive
ACC003246,CUST03986,Salary,2025-05-02,BR0001,280957.18,Active
ACC003247,CUST01071,Current,2025-05-12,BR0043,15681.2,Blocked
ACC003248,CUST04884,Current,2024-05-06,BR0044,1939.05,Active
ACC003249,CUST04525,Savings,2025-11-08,BR0048,26627.84,Active
ACC003250,CUST04577,Salary,2024-08-24,BR0007,22928.41,Active
ACC003251,CUST04464,Savings,2022-03-22,BR0038,19964.81,Active
ACC003252,CUST00089,Current,2025-09-06,BR0018,72361.48,Active
ACC003253,CUST02721,Savings,2021-06-07,BR0005,54010.51,Active
ACC003254,CUST03261,Salary,2023-09-04,BR0009,31490.82,Active
ACC003255,CUST02793,Savings,2025-03-25,BR0026,37804.63,Active
ACC003256,CUST01152,Savings,2019-12-09,BR0008,19433.81,Active
ACC003257,CUST00206,Salary,2022-09-30,BR0046,185458.98,Active
ACC003258,CUST03006,Current,2020-12-24,BR0033,3732.99,Active
ACC003259,CUST04944,Savings,2022-12-22,BR0013,26045.02,Active
ACC003260,CUST03016,Salary,2021-04-11,BR0015,23814.02,Active
ACC003261,CUST02442,Savings,2022-08-02,BR0044,58450.56,Active
ACC003262,CUST00678,Savings,2020-03-18,BR0027,8001.43,Active
ACC003263,CUST01961,Current,2020-01-24,BR0006,2717.84,Active
ACC003264,CUST02770,Current,2019-12-01,BR0025,26587.26,Active
ACC003265,CUST02828,Savings,2026-06-26,BR0002,30868.04,Active
ACC003266,CUST00668,Current,2021-10-17,BR0004,131599.6,Active
ACC003267,CUST00725,Savings,2022-12-18,BR0035,4796.13,Active
ACC003268,CUST00711,Salary,2021-03-27,BR0022,88047.57,Active
ACC003269,CUST04776,Salary,2026-07-24,BR0031,377338.23,Active
ACC003270,CUST00098,Savings,2023-11-19,BR0022,13998.17,Active
ACC003271,CUST04939,Current,2023-08-05,BR0007,4679.14,Active
ACC003272,CUST04039,Savings,2025-04-01,BR0032,13516.02,Active
ACC003273,CUST01575,Savings,2023-01-11,BR0023,22399.77,Active
ACC003274,CUST03702,Savings,2026-04-25,BR0037,43327.61,Active
ACC003275,CUST01062,Current,2025-09-06,BR0045,10832.72,Active
ACC003276,CUST02704,Savings,2022-05-27,BR0026,142377.64,Active
ACC003277,CUST01900,Salary,2023-06-22,BR0041,5782.33,Active
ACC003278,CUST02628,Savings,2020-10-11,BR0016,2732.45,Active
ACC003279,CUST04577,Current,2026-08-03,BR0008,83120.99,Active
ACC003280,CUST03716,Current,2022-06-06,BR0030,1437.2,Active
ACC003281,CUST03569,Savings,2025-12-27,BR0001,17240.98,Active
ACC003282,CUST01839,Current,2025-08-31,BR0021,928399.44,Inactive
ACC003283,CUST04810,Salary,2023-03-30,BR0030,21710.42,Active
ACC003284,CUST01911,Savings,2025-04-01,BR0041,5739.22,Active
ACC003285,CUST01937,Savings,2022-04-30,BR0015,20560.42,Active
ACC003286,CUST02165,Salary,2026-01-15,BR0027,20723.82,Active
ACC003287,CUST03697,Current,2024-06-20,BR0049,26709.64,Blocked
ACC003288,CUST02163,Current,2025-08-08,BR0008,48762.44,Active
ACC003289,CUST02476,Salary,2021-03-19,BR0018,6330.07,Active
ACC003290,CUST00354,Salary,2019-09-18,BR0020,166884.57,Active
ACC003291,CUST03595,Salary,2026-04-24,BR0014,29558.81,Active
ACC003292,CUST04436,Savings,2021-01-17,BR0023,52688.52,Active
ACC003293,CUST02793,Current,2021-10-12,BR0011,10365.32,Active
ACC003294,CUST03728,Salary,2023-03-09,BR0050,103121.02,Active
ACC003295,CUST02949,Salary,2020-06-10,BR0046,16180.1,Active
ACC003296,CUST03911,Current,2023-10-16,BR0008,30732.1,Active
ACC003297,CUST00420,Current,2022-06-30,BR0037,7188.75,Active
ACC003298,CUST02513,Current,2020-11-28,BR0024,6658.72,Active
ACC003299,CUST02877,Current,2020-01-03,BR0022,50304.33,Active
ACC003300,CUST04193,Salary,2020-11-04,BR0030,12934.74,Active
ACC003301,CUST03174,Salary,2021-09-09,BR0037,7906.28,Active
ACC003302,CUST04153,Current,2024-01-05,BR0018,10180.0,Inactive
ACC003303,CUST00203,Savings,2024-10-14,BR0038,50957.32,Active
ACC003304,CUST04158,Current,2023-11-12,BR0044,10354.27,Active
ACC003305,CUST02858,Salary,2022-01-05,BR0027,19126.19,Active
ACC003306,CUST03555,Current,2021-05-15,BR0047,22427.28,Active
ACC003307,CUST04895,Savings,2025-10-12,BR0042,2206.54,Active
ACC003308,CUST03341,Savings,2021-03-08,BR0014,3769.31,Active
ACC003309,CUST03357,Salary,2023-03-16,BR0031,32975.94,Active
ACC003310,CUST03628,Current,2019-12-23,BR0030,9095.77,Active
ACC003311,CUST03069,Current,2026-03-16,BR0003,78281.76,Active
ACC003312,CUST01681,Salary,2019-09-23,BR0037,70274.8,Active
ACC003313,CUST03329,Savings,2025-01-08,BR0025,52208.59,Active
ACC003314,CUST03838,Salary,2022-09-19,BR0012,195580.27,Active
ACC003315,CUST03638,Savings,2025-09-13,BR0043,19936.21,Active
ACC003316,CUST00452,Current,2022-07-26,BR0049,47985.7,Active
ACC003317,CUST02930,Savings,2026-06-16,BR0009,10924.01,Active
ACC003318,CUST03437,Savings,2024-11-17,BR0012,417835.84,Active
ACC003319,CUST00267,Current,2022-10-27,BR0035,238079.61,Inactive
ACC003320,CUST01376,Current,2022-07-08,BR0013,22342.74,Active
ACC003321,CUST01578,Salary,2019-09-03,BR0050,35028.02,Active
ACC003322,CUST01173,Savings,2020-07-15,BR0040,112550.48,Active
ACC003323,CUST01883,Current,2023-10-04,BR0018,18461.31,Active
ACC003324,CUST03287,Salary,2026-03-19,BR0002,10017.12,Active
ACC003325,CUST03096,Salary,2023-11-29,BR0017,62867.69,Active
ACC003326,CUST00019,Current,2021-05-13,BR0040,24200.46,Active
ACC003327,CUST01070,Savings,2021-06-11,BR0022,27435.51,Active
ACC003328,CUST03210,Current,2020-11-27,BR0050,8093.97,Active
ACC003329,CUST02503,Savings,2022-06-24,BR0009,2803.98,Active
ACC003330,CUST01987,Current,2025-06-08,BR0046,29242.28,Active
ACC003331,CUST00271,Current,2025-04-02,BR0017,65248.25,Active
ACC003332,CUST04553,Current,2025-11-30,BR0019,16798.28,Active
ACC003333,CUST02791,Savings,2025-12-23,BR0007,123465.3,Active
ACC003334,CUST04741,Salary,2023-12-11,BR0049,9464.47,Active
ACC003335,CUST04263,Savings,2021-12-22,BR0017,6212.72,Active
ACC003336,CUST02868,Current,2024-03-01,BR0010,20319.24,Active
ACC003337,CUST00053,Current,2022-12-21,BR0016,19948.09,Inactive
ACC003338,CUST03361,Current,2024-02-23,BR0009,55490.24,Active
ACC003339,CUST00245,Current,2024-09-02,BR0036,8691.01,Active
ACC003340,CUST03476,Salary,2024-11-09,BR0034,113744.85,Active
ACC003341,CUST03659,Salary,2024-11-09,BR0026,233351.31,Active
ACC003342,CUST01479,Savings,2021-04-28,BR0015,21015.74,Active
ACC003343,CUST01066,Savings,2023-05-08,BR0008,98681.47,Active
ACC003344,CUST00616,Current,2026-03-13,BR0003,6199.37,Active
ACC003345,CUST00763,Salary,2025-11-13,BR0046,80038.72,Active
ACC003346,CUST04590,Current,2026-06-16,BR0027,77399.2,Active
ACC003347,CUST04849,Salary,2019-12-26,BR0043,62076.62,Active
ACC003348,CUST03867,Salary,2023-07-09,BR0034,21618.92,Active
ACC003349,CUST01307,Salary,2025-10-07,BR0032,635.81,Active
ACC003350,CUST00625,Current,2024-09-04,BR0011,10197.8,Active
ACC003351,CUST04649,Current,2024-04-20,BR0027,10393.14,Active
ACC003352,CUST00927,Current,2022-02-12,BR0043,6809.64,Active
ACC003353,CUST02538,Current,2024-03-25,BR0008,25506.58,Active
ACC003354,CUST01921,Savings,2026-01-29,BR0049,13322.96,Active
ACC003355,CUST04561,Salary,2023-07-14,BR0001,8188.33,Active
ACC003356,CUST00159,Current,2020-01-11,BR0006,6182.26,Active
ACC003357,CUST01465,Salary,2022-01-25,BR0032,9333.68,Active
ACC003358,CUST00650,Savings,2022-06-24,BR0002,84609.26,Active
ACC003359,CUST01305,Salary,2019-10-20,BR0046,9964.36,Active
ACC003360,CUST00030,Savings,2023-02-11,BR0047,11873.61,Active
ACC003361,CUST02957,Current,2024-08-29,BR0024,12733.13,Inactive
ACC003362,CUST00548,Current,2024-12-25,BR0018,33083.58,Active
ACC003363,CUST01127,Salary,2026-05-21,BR0045,38082.09,Active
ACC003364,CUST02205,Current,2020-03-08,BR0027,570.44,Active
ACC003365,CUST03822,Current,2023-09-08,BR0042,75053.93,Active
ACC003366,CUST00801,Current,2023-03-14,BR0011,123456.19,Active
ACC003367,CUST04679,Current,2023-08-05,BR0017,6246.5,Active
ACC003368,CUST00417,Savings,2024-10-29,BR0047,6858.49,Active
ACC003369,CUST03943,Salary,2024-07-06,BR0050,12831.98,Active
ACC003370,CUST04448,Savings,2021-08-12,BR0013,8891.0,Active
ACC003371,CUST03052,Salary,2022-05-01,BR0032,28816.75,Active
ACC003372,CUST01949,Salary,2024-09-03,BR0036,2130.62,Active
ACC003373,CUST04382,Salary,2021-07-18,BR0042,5758.81,Active
ACC003374,CUST00402,Savings,2023-06-21,BR0017,139669.84,Active
ACC003375,CUST04870,Savings,2021-11-25,BR0015,7231.02,Active
ACC003376,CUST03977,Savings,2022-03-15,BR0018,97940.35,Active
ACC003377,CUST04355,Current,2025-03-12,BR0033,33738.87,Active
ACC003378,CUST03771,Savings,2019-12-24,BR0007,2512.11,Active
ACC003379,CUST00876,Salary,2026-08-06,BR0028,47211.61,Active
ACC003380,CUST03960,Salary,2021-08-07,BR0009,19125.91,Active
ACC003381,CUST01058,Current,2025-05-02,BR0005,12751.95,Active
ACC003382,CUST00379,Savings,2024-07-30,BR0036,29553.24,Active
ACC003383,CUST02891,Savings,2021-10-23,BR0016,38931.55,Active
ACC003384,CUST01224,Salary,2023-01-03,BR0029,51488.32,Active
ACC003385,CUST02201,Salary,2021-11-27,BR0042,90572.27,Active
ACC003386,CUST03905,Salary,2019-09-08,BR0022,35945.64,Active
ACC003387,CUST04862,Savings,2024-02-29,BR0022,4226.96,Active
ACC003388,CUST03048,Current,2021-08-07,BR0008,12476.79,Active
ACC003389,CUST01729,Salary,2019-12-29,BR0042,752877.64,Active
ACC003390,CUST02314,Salary,2021-07-15,BR0011,52543.11,Inactive
ACC003391,CUST03823,Current,2026-08-21,BR0030,378187.26,Active
ACC003392,CUST00907,Current,2023-06-21,BR0012,117538.46,Active
ACC003393,CUST03832,Savings,2021-09-06,BR0038,29441.56,Active
ACC003394,CUST03158,Savings,2023-01-10,BR0023,31624.53,Active
ACC003395,CUST04237,Salary,2019-09-01,BR0016,21080.5,Active
ACC003396,CUST01457,Current,2023-04-22,BR0042,2737.05,Active
ACC003397,CUST03849,Salary,2020-01-21,BR0029,22508.69,Active
ACC003398,CUST03558,Salary,2020-04-18,BR0030,94165.53,Active
ACC003399,CUST02113,Current,2026-06-22,BR0013,10726.06,Active
ACC003400,CUST01619,Salary,2026-06-25,BR0022,36110.67,Active
ACC003401,CUST03789,Salary,2021-12-23,BR0032,61200.42,Active
ACC003402,CUST03084,Current,2024-03-14,BR0031,7393.7,Active
ACC003403,CUST03327,Salary,2026-07-30,BR0020,12815.83,Active
ACC003404,CUST04248,Salary,2024-04-19,BR0042,6493.17,Active
ACC003405,CUST01284,Salary,2023-03-12,BR0037,8212.41,Active
ACC003406,CUST01855,Current,2019-10-15,BR0035,4697.91,Active
ACC003407,CUST02432,Savings,2023-12-01,BR0019,7476.06,Active
ACC003408,CUST03431,Savings,2025-11-18,BR0041,120975.92,Active
ACC003409,CUST00409,Salary,2026-05-29,BR0019,7342.45,Active
ACC003410,CUST00540,Current,2026-03-04,BR0045,25635.95,Active
ACC003411,CUST01869,Current,2025-02-03,BR0027,12046.84,Active
ACC003412,CUST01375,Current,2026-05-09,BR0025,90638.93,Active
ACC003413,CUST01134,Savings,2022-04-03,BR0024,106233.5,Active
ACC003414,CUST01260,Savings,2026-03-10,BR0015,62123.77,Active
ACC003415,CUST04912,Savings,2024-10-02,BR0004,31804.45,Active
ACC003416,CUST00693,Salary,2025-04-16,BR0018,16692.73,Active
ACC003417,CUST00481,Savings,2020-02-01,BR0044,5269.81,Active
ACC003418,CUST03824,Savings,2023-11-15,BR0007,226893.19,Inactive
ACC003419,CUST00932,Current,2024-08-01,BR0012,8851.94,Active
ACC003420,CUST03245,Current,2021-06-19,BR0005,48843.45,Active
ACC003421,CUST02690,Current,2024-03-11,BR0037,78549.06,Inactive
ACC003422,CUST00105,Savings,2025-04-10,BR0041,11312.5,Active
ACC003423,CUST02179,Savings,2024-05-07,BR0040,76543.54,Active
ACC003424,CUST01782,Current,2022-02-04,BR0040,55108.31,Active
ACC003425,CUST02236,Current,2026-04-13,BR0020,175177.78,Active
ACC003426,CUST04713,Salary,2020-08-20,BR0041,12541.32,Active
ACC003427,CUST02647,Salary,2021-08-24,BR0027,4707.74,Active
ACC003428,CUST03943,Current,2022-12-16,BR0006,12009.01,Blocked
ACC003429,CUST02042,Salary,2024-06-02,BR0002,28300.2,Active
ACC003430,CUST01362,Current,2025-10-27,BR0050,23620.15,Active
ACC003431,CUST02468,Current,2022-06-11,BR0047,13737.36,Active
ACC003432,CUST03299,Current,2021-02-26,BR0001,2228.23,Active
ACC003433,CUST01662,Savings,2024-04-14,BR0039,38738.13,Active
ACC003434,CUST04708,Savings,2025-03-25,BR0046,234876.09,Inactive
ACC003435,CUST00456,Current,2021-05-09,BR0020,38449.52,Active
ACC003436,CUST03331,Savings,2019-10-09,BR0042,45750.71,Active
ACC003437,CUST01194,Current,2025-06-23,BR0033,43780.09,Active
ACC003438,CUST02662,Current,2023-04-21,BR0017,35470.48,Active
ACC003439,CUST00431,Salary,2020-04-29,BR0019,67372.97,Active
ACC003440,CUST02037,Savings,2022-06-12,BR0026,35399.34,Active
ACC003441,CUST04905,Savings,2025-02-24,BR0047,15135.34,Active
ACC003442,CUST00502,Salary,2021-09-27,BR0028,8474.47,Active
ACC003443,CUST02980,Current,2023-09-24,BR0037,16337.72,Active
ACC003444,CUST01610,Current,2019-10-29,BR0015,32111.05,Active
ACC003445,CUST03279,Salary,2020-06-30,BR0002,15073.6,Active
ACC003446,CUST01737,Salary,2020-10-02,BR0050,32119.11,Active
ACC003447,CUST01501,Salary,2026-01-09,BR0023,37308.64,Active
ACC003448,CUST03841,Salary,2025-11-13,BR0045,59863.09,Active
ACC003449,CUST03742,Savings,2021-11-05,BR0016,102678.08,Active
ACC003450,CUST04186,Savings,2021-02-01,BR0015,24187.93,Active
ACC003451,CUST03944,Savings,2025-03-29,BR0018,4585.56,Active
ACC003452,CUST01706,Savings,2022-02-19,BR0012,14557.7,Blocked
ACC003453,CUST03467,Current,2025-05-13,BR0007,23222.46,Active
ACC003454,CUST01250,Current,2021-11-01,BR0049,2433.48,Active
ACC003455,CUST02077,Savings,2023-03-09,BR0041,116587.51,Active
ACC003456,CUST03067,Savings,2021-01-09,BR0046,26130.37,Active
ACC003457,CUST01289,Savings,2023-04-11,BR0016,34808.73,Active
ACC003458,CUST00368,Current,2021-05-21,BR0005,113394.91,Active
ACC003459,CUST01029,Savings,2025-11-07,BR0009,10340.55,Active
ACC003460,CUST00233,Current,2021-01-16,BR0046,43864.05,Active
ACC003461,CUST02921,Current,2022-09-21,BR0035,19305.84,Active
ACC003462,CUST00444,Salary,2020-06-24,BR0018,17660.68,Active
ACC003463,CUST00429,Current,2026-02-27,BR0010,8719.95,Active
ACC003464,CUST02451,Current,2022-02-08,BR0026,162547.23,Active
ACC003465,CUST00645,Salary,2022-04-13,BR0040,14036.27,Active
ACC003466,CUST03050,Savings,2024-04-05,BR0009,50988.59,Active
ACC003467,CUST04184,Savings,2025-07-13,BR0032,2321.55,Active
ACC003468,CUST00618,Salary,2024-04-25,BR0006,90761.12,Active
ACC003469,CUST02829,Savings,2025-01-31,BR0023,77858.89,Active
ACC003470,CUST01829,Salary,2020-03-26,BR0045,24758.42,Active
ACC003471,CUST02081,Savings,2020-04-18,BR0040,16775.4,Active
ACC003472,CUST03854,Savings,2020-12-21,BR0022,35596.41,Active
ACC003473,CUST02573,Current,2020-09-06,BR0032,343364.83,Inactive
ACC003474,CUST03214,Current,2019-09-05,BR0015,2654.78,Active
ACC003475,CUST04219,Salary,2021-09-08,BR0042,56299.05,Active
ACC003476,CUST02275,Current,2020-03-17,BR0016,7376.53,Active
ACC003477,CUST03528,Savings,2026-04-10,BR0048,21506.23,Active
ACC003478,CUST00610,Salary,2026-03-15,BR0043,16359.17,Active
ACC003479,CUST02988,Salary,2026-05-29,BR0028,13174.23,Active
ACC003480,CUST01077,Savings,2026-02-06,BR0050,21751.58,Active
ACC003481,CUST03571,Savings,2021-12-12,BR0021,5647.65,Active
ACC003482,CUST01261,Savings,2021-03-04,BR0021,75736.58,Active
ACC003483,CUST03158,Salary,2020-08-12,BR0023,2558.12,Active
ACC003484,CUST03441,Salary,2026-02-26,BR0029,42096.4,Active
ACC003485,CUST00634,Current,2023-06-28,BR0013,14885.71,Active
ACC003486,CUST03461,Savings,2022-07-09,BR0033,5403.98,Active
ACC003487,CUST04857,Savings,2020-09-06,BR0007,28081.33,Active
ACC003488,CUST02331,Current,2023-11-27,BR0047,3400.44,Active
ACC003489,CUST00411,Salary,2026-03-01,BR0014,23101.59,Active
ACC003490,CUST03978,Salary,2026-04-12,BR0034,3994.0,Active
ACC003491,CUST00805,Salary,2024-03-12,BR0039,38312.31,Active
ACC003492,CUST02303,Current,2023-08-10,BR0043,7264.62,Active
ACC003493,CUST01992,Salary,2023-12-29,BR0034,12820.58,Active
ACC003494,CUST04164,Current,2020-09-08,BR0046,31342.78,Active
ACC003495,CUST02887,Savings,2023-09-29,BR0034,8716.29,Active
ACC003496,CUST02894,Current,2025-05-01,BR0039,20546.44,Active
ACC003497,CUST02872,Salary,2024-11-15,BR0003,3581.02,Active
ACC003498,CUST03128,Current,2022-01-06,BR0026,46959.97,Active
ACC003499,CUST04394,Savings,2026-05-01,BR0025,183119.93,Active
ACC003500,CUST04293,Savings,2020-05-10,BR0001,628223.1,Active
ACC003501,CUST01279,Salary,2022-09-05,BR0032,24572.96,Active
ACC003502,CUST00015,Salary,2026-05-12,BR0041,56717.89,Blocked
ACC003503,CUST00920,Salary,2020-06-06,BR0043,2599.95,Inactive
ACC003504,CUST02379,Current,2022-08-27,BR0010,133690.3,Active
ACC003505,CUST03753,Savings,2021-02-24,BR0023,55908.64,Active
ACC003506,CUST00146,Current,2022-12-13,BR0034,12323.7,Active
ACC003507,CUST00236,Salary,2026-07-06,BR0015,97208.84,Active
ACC003508,CUST03280,Salary,2021-04-05,BR0029,16230.2,Inactive
ACC003509,CUST04264,Salary,2024-04-15,BR0038,12712.87,Active
ACC003510,CUST04667,Current,2021-10-11,BR0007,38964.33,Active
ACC003511,CUST02840,Current,2025-10-26,BR0039,6148.57,Active
ACC003512,CUST03373,Current,2019-10-21,BR0006,75052.99,Active
ACC003513,CUST03939,Current,2024-12-04,BR0037,6203.15,Active
ACC003514,CUST03562,Current,2026-06-29,BR0034,6247.48,Active
ACC003515,CUST03424,Current,2026-05-25,BR0024,7393.62,Active
ACC003516,CUST04598,Current,2026-03-03,BR0049,54797.51,Active
ACC003517,CUST00828,Savings,2020-05-20,BR0028,10507.76,Active
ACC003518,CUST03532,Savings,2020-03-10,BR0023,4369.51,Active
ACC003519,CUST02994,Current,2021-01-11,BR0014,10648.6,Blocked
ACC003520,CUST02040,Savings,2020-11-21,BR0033,21195.61,Active
ACC003521,CUST03596,Savings,2022-07-23,BR0038,5339.21,Active
ACC003522,CUST00134,Salary,2021-01-05,BR0003,5530.22,Active
ACC003523,CUST04336,Current,2024-02-03,BR0028,277494.28,Active
ACC003524,CUST01753,Savings,2026-08-01,BR0050,7842.57,Active
ACC003525,CUST03907,Current,2025-07-07,BR0016,14948.24,Active
ACC003526,CUST01639,Savings,2024-03-13,BR0025,14176.14,Active
ACC003527,CUST04565,Current,2021-04-20,BR0007,13284.75,Active
ACC003528,CUST01318,Current,2023-09-21,BR0007,46426.05,Active
ACC003529,CUST04486,Current,2026-02-02,BR0044,68718.35,Active
ACC003530,CUST00848,Savings,2025-01-08,BR0017,15257.93,Active
ACC003531,CUST01135,Current,2022-08-21,BR0019,4995.17,Active
ACC003532,CUST00195,Salary,2019-11-26,BR0004,101653.81,Blocked
ACC003533,CUST02424,Salary,2022-07-17,BR0003,19645.25,Active
ACC003534,CUST00299,Salary,2022-12-17,BR0037,175674.16,Active
ACC003535,CUST04511,Savings,2026-05-23,BR0037,1488.16,Active
ACC003536,CUST03289,Salary,2026-02-01,BR0030,27847.09,Active
ACC003537,CUST04178,Current,2023-04-30,BR0009,220207.95,Active
ACC003538,CUST00798,Current,2020-07-12,BR0014,14415.84,Active
ACC003539,CUST02311,Savings,2026-07-08,BR0034,16804.6,Active
ACC003540,CUST00487,Savings,2024-01-04,BR0002,31401.6,Active
ACC003541,CUST02385,Savings,2026-04-01,BR0021,11264.88,Active
ACC003542,CUST02517,Salary,2026-07-22,BR0015,15146.33,Blocked
ACC003543,CUST04029,Salary,2023-01-27,BR0046,14685.59,Active
ACC003544,CUST03586,Salary,2021-06-15,BR0037,10374.39,Inactive
ACC003545,CUST03382,Current,2021-01-27,BR0018,96242.65,Active
ACC003546,CUST03175,Savings,2021-04-07,BR0033,38303.39,Active
ACC003547,CUST01595,Current,2024-12-06,BR0007,29755.04,Active
ACC003548,CUST03094,Savings,2025-01-26,BR0010,58121.17,Active
ACC003549,CUST03706,Current,2023-10-05,BR0041,16038.91,Active
ACC003550,CUST00035,Savings,2026-03-25,BR0009,8698.93,Active
ACC003551,CUST01063,Savings,2024-08-20,BR0019,10687.72,Active
ACC003552,CUST03132,Salary,2026-01-04,BR0030,22073.65,Active
ACC003553,CUST00837,Savings,2025-07-31,BR0024,6179.21,Active
ACC003554,CUST03023,Salary,2020-03-20,BR0037,12084.6,Active
ACC003555,CUST02150,Savings,2025-12-25,BR0034,11856.84,Active
ACC003556,CUST01360,Salary,2021-07-30,BR0001,281945.05,Active
ACC003557,CUST03382,Current,2025-03-28,BR0028,789.52,Active
ACC003558,CUST04443,Savings,2026-04-16,BR0012,17755.6,Active
ACC003559,CUST01042,Current,2023-11-08,BR0034,174701.23,Active
ACC003560,CUST02257,Current,2024-05-22,BR0041,25494.38,Active
ACC003561,CUST04782,Salary,2026-03-16,BR0025,54399.0,Active
ACC003562,CUST03411,Savings,2023-07-18,BR0021,24829.6,Active
ACC003563,CUST03203,Salary,2022-12-11,BR0021,9889.21,Active
ACC003564,CUST02309,Current,2022-05-23,BR0020,1494.73,Active
ACC003565,CUST01186,Savings,2025-02-11,BR0017,28185.05,Active
ACC003566,CUST01223,Current,2022-10-15,BR0035,8684.3,Active
ACC003567,CUST03219,Savings,2021-05-05,BR0047,8430.38,Active
ACC003568,CUST03781,Savings,2020-01-03,BR0030,12103.08,Active
ACC003569,CUST03007,Savings,2019-12-17,BR0015,178766.13,Inactive
ACC003570,CUST00901,Salary,2023-07-03,BR0003,394669.92,Active
ACC003571,CUST03116,Salary,2021-04-01,BR0025,28585.35,Active
ACC003572,CUST00998,Current,2019-09-06,BR0008,12610.43,Active
ACC003573,CUST02037,Salary,2024-07-03,BR0037,5363.27,Active
ACC003574,CUST03140,Savings,2022-09-03,BR0002,38647.92,Active
ACC003575,CUST00758,Salary,2019-10-18,BR0037,187116.5,Active
ACC003576,CUST01017,Savings,2025-04-20,BR0038,16369.77,Active
ACC003577,CUST01026,Salary,2022-10-26,BR0021,1268.01,Active
ACC003578,CUST03100,Salary,2025-03-02,BR0044,49220.21,Active
ACC003579,CUST02489,Salary,2022-07-13,BR0032,71860.33,Active
ACC003580,CUST04524,Salary,2023-03-09,BR0050,3284.55,Active
ACC003581,CUST00520,Savings,2026-01-10,BR0015,27222.01,Active
ACC003582,CUST02302,Savings,2019-09-18,BR0013,37853.22,Active
ACC003583,CUST04225,Savings,2022-05-01,BR0008,20176.45,Inactive
ACC003584,CUST04607,Salary,2023-08-04,BR0007,8527.7,Active
ACC003585,CUST02801,Savings,2020-05-16,BR0045,74542.5,Active
ACC003586,CUST01283,Current,2020-10-15,BR0041,13574.45,Active
ACC003587,CUST04811,Salary,2020-06-19,BR0001,3706.25,Active
ACC003588,CUST03690,Savings,2024-09-15,BR0033,1883.02,Active
ACC003589,CUST00012,Salary,2024-01-29,BR0048,100009.4,Active
ACC003590,CUST00392,Current,2024-06-04,BR0030,46165.9,Active
ACC003591,CUST04124,Current,2026-03-02,BR0034,24478.94,Active
ACC003592,CUST00179,Savings,2020-08-21,BR0007,12986.56,Active
ACC003593,CUST02898,Current,2024-09-10,BR0018,11674.96,Active
ACC003594,CUST01026,Savings,2020-10-20,BR0030,6057.89,Active
ACC003595,CUST03870,Salary,2023-09-04,BR0018,13124.73,Active
ACC003596,CUST03728,Salary,2023-11-08,BR0018,1730.03,Active
ACC003597,CUST01760,Current,2024-05-10,BR0017,9106.32,Active
ACC003598,CUST04757,Salary,2024-05-04,BR0034,15166.96,Active
ACC003599,CUST04951,Savings,2025-10-28,BR0016,45791.61,Active
ACC003600,CUST01874,Current,2026-02-16,BR0048,20996.02,Inactive
ACC003601,CUST02367,Savings,2022-07-19,BR0012,57177.04,Active
ACC003602,CUST03314,Current,2020-09-01,BR0005,111186.26,Active
ACC003603,CUST03157,Savings,2024-12-18,BR0015,78417.63,Active
ACC003604,CUST03694,Current,2026-07-19,BR0015,38739.38,Inactive
ACC003605,CUST04560,Savings,2019-12-04,BR0023,22342.26,Active
ACC003606,CUST03249,Savings,2026-05-03,BR0006,6788.97,Active
ACC003607,CUST00297,Savings,2025-01-28,BR0002,53526.54,Blocked
ACC003608,CUST04937,Current,2022-05-07,BR0042,165329.69,Active
ACC003609,CUST03335,Savings,2021-09-28,BR0011,33207.37,Active
ACC003610,CUST03246,Savings,2022-04-21,BR0025,219852.24,Active
ACC003611,CUST00175,Savings,2024-03-20,BR0018,3530.92,Active
ACC003612,CUST04269,Current,2026-08-23,BR0030,5513.77,Active
ACC003613,CUST04600,Current,2023-04-09,BR0050,61466.14,Active
ACC003614,CUST04784,Salary,2022-02-22,BR0038,30246.88,Active
ACC003615,CUST02068,Salary,2019-12-24,BR0005,106568.01,Active
ACC003616,CUST02019,Current,2020-07-22,BR0007,21621.3,Active
ACC003617,CUST00439,Current,2020-02-12,BR0030,7773.14,Active
ACC003618,CUST00589,Current,2022-03-15,BR0032,17046.29,Inactive
ACC003619,CUST01818,Salary,2025-04-21,BR0031,3500.91,Active
ACC003620,CUST02540,Salary,2020-10-24,BR0013,5685.6,Active
ACC003621,CUST00303,Current,2025-07-27,BR0034,70751.77,Active
ACC003622,CUST00606,Current,2021-11-05,BR0007,62777.05,Active
ACC003623,CUST03467,Savings,2026-08-03,BR0003,34050.68,Active
ACC003624,CUST00194,Savings,2022-11-17,BR0006,2792.54,Active
ACC003625,CUST02407,Savings,2020-12-13,BR0023,14327.21,Active
ACC003626,CUST04849,Current,2022-01-14,BR0029,5064.45,Active
ACC003627,CUST01904,Savings,2022-07-17,BR0043,90385.57,Active
ACC003628,CUST02483,Salary,2023-02-26,BR0037,10932.92,Active
ACC003629,CUST02806,Current,2020-04-13,BR0011,5985.55,Active
ACC003630,CUST00893,Current,2024-03-01,BR0050,22828.28,Active
ACC003631,CUST01730,Salary,2022-09-29,BR0015,10217.07,Active
ACC003632,CUST00011,Savings,2020-04-15,BR0020,130678.15,Active
ACC003633,CUST04798,Salary,2023-11-21,BR0012,9120.02,Active
ACC003634,CUST03312,Current,2022-04-10,BR0014,4108.96,Active
ACC003635,CUST00915,Salary,2025-12-06,BR0040,1663.21,Active
ACC003636,CUST03739,Savings,2022-03-14,BR0007,21227.57,Blocked
ACC003637,CUST01774,Salary,2023-02-10,BR0020,11222.59,Active
ACC003638,CUST01268,Current,2019-11-04,BR0033,3965.21,Active
ACC003639,CUST01248,Savings,2019-11-15,BR0048,91772.85,Active
ACC003640,CUST02859,Salary,2022-01-27,BR0025,49054.84,Active
ACC003641,CUST01996,Salary,2022-06-09,BR0010,21293.1,Active
ACC003642,CUST03179,Salary,2021-03-22,BR0030,113231.71,Active
ACC003643,CUST02137,Salary,2025-09-14,BR0006,48778.42,Blocked
ACC003644,CUST01978,Current,2020-06-10,BR0037,8205.61,Active
ACC003645,CUST01019,Current,2020-10-25,BR0039,6329.24,Active
ACC003646,CUST00274,Current,2024-02-11,BR0001,58781.23,Active
ACC003647,CUST04582,Salary,2024-10-11,BR0007,35441.56,Active
ACC003648,CUST01876,Current,2024-09-30,BR0030,27002.84,Active
ACC003649,CUST00971,Salary,2020-07-02,BR0008,7976.08,Active
ACC003650,CUST02778,Savings,2022-09-25,BR0026,45685.54,Active
ACC003651,CUST04813,Salary,2020-08-12,BR0040,8896.39,Active
ACC003652,CUST03040,Current,2020-06-16,BR0026,19489.21,Active
ACC003653,CUST01710,Salary,2021-11-23,BR0035,125033.0,Active
ACC003654,CUST03669,Savings,2026-03-08,BR0007,9966.64,Active
ACC003655,CUST02685,Current,2022-06-28,BR0032,3335.62,Active
ACC003656,CUST01891,Salary,2022-05-10,BR0046,6228.83,Active
ACC003657,CUST01084,Current,2020-09-13,BR0045,72631.83,Active
ACC003658,CUST00812,Salary,2021-03-15,BR0035,29901.9,Blocked
ACC003659,CUST03257,Salary,2024-07-20,BR0038,18870.35,Inactive
ACC003660,CUST02967,Current,2021-06-15,BR0009,11957.18,Active
ACC003661,CUST00449,Current,2024-08-07,BR0002,39435.9,Active
ACC003662,CUST01423,Current,2026-06-16,BR0004,7951.17,Active
ACC003663,CUST00658,Savings,2020-04-26,BR0043,31786.56,Active
ACC003664,CUST00454,Savings,2021-08-14,BR0021,9159.02,Active
ACC003665,CUST03402,Savings,2020-01-25,BR0038,7501.13,Active
ACC003666,CUST04603,Current,2022-01-01,BR0017,10249.82,Inactive
ACC003667,CUST04213,Savings,2022-04-19,BR0009,14037.83,Inactive
ACC003668,CUST01893,Savings,2026-02-13,BR0004,20772.89,Active
ACC003669,CUST04556,Salary,2024-04-30,BR0009,29218.2,Active
ACC003670,CUST01583,Salary,2026-01-26,BR0020,263.48,Active
ACC003671,CUST03076,Salary,2024-04-02,BR0040,8356.7,Active
ACC003672,CUST04594,Current,2020-04-29,BR0031,13768.19,Active
ACC003673,CUST01787,Savings,2026-07-21,BR0004,134064.25,Active
ACC003674,CUST02150,Salary,2025-09-17,BR0008,6026.95,Active
ACC003675,CUST03820,Salary,2024-04-26,BR0016,26778.54,Active
ACC003676,CUST03381,Current,2024-07-23,BR0021,132460.05,Active
ACC003677,CUST00576,Salary,2025-07-10,BR0009,4557.08,Active
ACC003678,CUST00589,Salary,2024-04-17,BR0036,35339.98,Active
ACC003679,CUST01145,Savings,2022-03-06,BR0027,8410.82,Active
ACC003680,CUST00669,Salary,2024-05-07,BR0047,12021.35,Blocked
ACC003681,CUST02355,Savings,2025-03-31,BR0031,8402.35,Active
ACC003682,CUST01830,Savings,2022-03-07,BR0010,9152.4,Active
ACC003683,CUST02145,Savings,2020-07-03,BR0045,577402.33,Active
ACC003684,CUST04978,Savings,2023-01-31,BR0028,60678.64,Active
ACC003685,CUST02596,Salary,2026-01-18,BR0040,82626.48,Active
ACC003686,CUST03391,Current,2019-12-30,BR0028,39751.08,Active
ACC003687,CUST01998,Savings,2022-04-21,BR0015,3205.08,Active
ACC003688,CUST00555,Salary,2023-03-23,BR0037,35381.68,Active
ACC003689,CUST01472,Current,2020-06-09,BR0009,79818.9,Active
ACC003690,CUST04372,Savings,2025-03-31,BR0041,7910.3,Active
ACC003691,CUST03721,Savings,2022-06-26,BR0012,70150.06,Active
ACC003692,CUST04936,Savings,2021-12-08,BR0030,51287.56,Active
ACC003693,CUST04957,Salary,2025-12-14,BR0037,203302.04,Active
ACC003694,CUST01356,Savings,2020-02-03,BR0021,13341.84,Active
ACC003695,CUST03396,Current,2020-10-24,BR0017,5900.94,Active
ACC003696,CUST04262,Current,2020-03-26,BR0049,14271.88,Inactive
ACC003697,CUST03517,Salary,2020-06-14,BR0047,123338.17,Active
ACC003698,CUST04156,Savings,2024-08-26,BR0008,2455.08,Active
ACC003699,CUST01824,Savings,2019-09-07,BR0003,1840.79,Active
ACC003700,CUST00200,Salary,2020-07-22,BR0046,24520.73,Active
ACC003701,CUST02626,Salary,2023-09-15,BR0032,12950.54,Active
ACC003702,CUST02736,Current,2020-01-05,BR0045,22231.68,Active
ACC003703,CUST00458,Salary,2023-08-22,BR0025,68485.28,Active
ACC003704,CUST01368,Current,2026-07-15,BR0034,11349.36,Active
ACC003705,CUST04996,Savings,2022-09-20,BR0011,2327.13,Active
ACC003706,CUST04728,Savings,2023-02-07,BR0045,256113.98,Active
ACC003707,CUST02183,Current,2024-04-04,BR0016,6656.35,Active
ACC003708,CUST00953,Current,2020-07-23,BR0012,6180.51,Active
ACC003709,CUST03251,Current,2021-11-24,BR0047,82823.24,Active
ACC003710,CUST01195,Savings,2020-12-31,BR0021,13885.68,Active
ACC003711,CUST00594,Salary,2024-09-03,BR0001,20413.1,Active
ACC003712,CUST02618,Current,2024-06-03,BR0043,39314.48,Active
ACC003713,CUST04652,Current,2026-05-28,BR0030,80845.87,Active
ACC003714,CUST03731,Salary,2021-10-03,BR0013,14762.53,Active
ACC003715,CUST02941,Current,2020-05-06,BR0038,136481.23,Active
ACC003716,CUST02837,Savings,2022-06-28,BR0037,1697.72,Inactive
ACC003717,CUST01197,Current,2021-01-30,BR0047,54816.4,Active
ACC003718,CUST00700,Savings,2021-03-23,BR0005,8043.08,Active
ACC003719,CUST01775,Current,2025-03-01,BR0030,114316.43,Active
ACC003720,CUST04323,Current,2024-06-27,BR0010,26119.92,Inactive
ACC003721,CUST03220,Salary,2025-08-10,BR0030,9823.31,Active
ACC003722,CUST00853,Savings,2020-07-13,BR0011,48796.28,Active
ACC003723,CUST04552,Current,2025-01-05,BR0047,64332.87,Active
ACC003724,CUST01682,Savings,2026-07-23,BR0002,47585.0,Active
ACC003725,CUST04449,Savings,2019-10-17,BR0024,6401.99,Active
ACC003726,CUST02042,Savings,2023-08-26,BR0048,12322.47,Inactive
ACC003727,CUST01198,Salary,2021-07-04,BR0011,21919.08,Active
ACC003728,CUST04577,Savings,2025-11-06,BR0033,20962.46,Active
ACC003729,CUST01404,Savings,2025-09-03,BR0003,54159.82,Active
ACC003730,CUST04274,Salary,2020-09-22,BR0013,1962.78,Active
ACC003731,CUST03616,Savings,2021-02-02,BR0046,32898.83,Active
ACC003732,CUST02893,Current,2025-12-04,BR0035,15553.21,Active
ACC003733,CUST01507,Savings,2026-08-23,BR0031,8052.99,Active
ACC003734,CUST00525,Salary,2025-06-15,BR0029,9036.4,Active
ACC003735,CUST04509,Current,2023-12-26,BR0009,17026.99,Active
ACC003736,CUST02076,Salary,2021-09-05,BR0005,292.57,Active
ACC003737,CUST01313,Current,2023-02-13,BR0040,9494.35,Active
ACC003738,CUST01715,Salary,2019-09-11,BR0026,7700.36,Active
ACC003739,CUST01287,Salary,2025-06-12,BR0047,41745.2,Active
ACC003740,CUST02896,Current,2024-02-05,BR0006,8378.03,Active
ACC003741,CUST00160,Savings,2021-12-22,BR0024,17015.22,Active
ACC003742,CUST00266,Salary,2024-07-21,BR0008,140186.92,Active
ACC003743,CUST04406,Current,2026-05-29,BR0046,72636.43,Active
ACC003744,CUST03517,Savings,2025-11-09,BR0014,65037.91,Active
ACC003745,CUST00106,Savings,2026-04-02,BR0027,12090.23,Active
ACC003746,CUST03702,Savings,2021-03-30,BR0009,42261.79,Active
ACC003747,CUST00314,Savings,2023-11-03,BR0048,16635.97,Active
ACC003748,CUST01892,Savings,2024-04-22,BR0046,17408.05,Active
ACC003749,CUST02226,Salary,2021-09-03,BR0010,36012.54,Active
ACC003750,CUST02250,Savings,2020-02-26,BR0030,10760.18,Active
ACC003751,CUST01677,Salary,2023-04-22,BR0008,132138.21,Blocked
ACC003752,CUST04696,Savings,2021-06-11,BR0036,18175.75,Active
ACC003753,CUST04966,Savings,2024-11-12,BR0027,46259.99,Active
ACC003754,CUST01812,Savings,2025-04-27,BR0028,126338.56,Active
ACC003755,CUST03493,Salary,2022-12-14,BR0025,75961.7,Active
ACC003756,CUST03861,Salary,2021-04-14,BR0044,4061.46,Active
ACC003757,CUST02038,Savings,2024-02-20,BR0001,37566.77,Active
ACC003758,CUST02282,Current,2022-02-20,BR0005,61136.43,Inactive
ACC003759,CUST03192,Savings,2022-07-30,BR0028,64230.64,Active
ACC003760,CUST04754,Current,2020-10-22,BR0001,5790.92,Active
ACC003761,CUST04478,Current,2023-02-02,BR0019,10012.18,Active
ACC003762,CUST02714,Salary,2024-09-03,BR0002,72654.45,Active
ACC003763,CUST00779,Current,2023-02-24,BR0027,8829.8,Active
ACC003764,CUST04753,Current,2024-07-26,BR0045,15372.95,Active
ACC003765,CUST00030,Salary,2022-02-04,BR0009,145954.61,Active
ACC003766,CUST00975,Current,2021-12-09,BR0001,20798.6,Active
ACC003767,CUST00149,Salary,2021-10-07,BR0040,9208.4,Inactive
ACC003768,CUST03342,Salary,2024-11-22,BR0037,7683.72,Inactive
ACC003769,CUST03406,Savings,2020-09-16,BR0047,32835.42,Active
ACC003770,CUST01599,Savings,2025-08-30,BR0022,4448.06,Active
ACC003771,CUST02715,Current,2023-03-23,BR0011,16369.86,Active
ACC003772,CUST01333,Savings,2021-10-26,BR0043,32855.57,Active
ACC003773,CUST04528,Savings,2025-03-01,BR0021,104713.13,Active
ACC003774,CUST04492,Savings,2024-10-18,BR0030,49072.68,Active
ACC003775,CUST02492,Savings,2023-11-19,BR0023,9349.91,Active
ACC003776,CUST00470,Salary,2019-08-30,BR0046,90590.37,Active
ACC003777,CUST03315,Savings,2020-08-16,BR0022,15376.29,Active
ACC003778,CUST01626,Salary,2023-02-05,BR0024,4999.82,Active
ACC003779,CUST00873,Savings,2024-09-03,BR0008,17917.81,Active
ACC003780,CUST01304,Current,2021-04-10,BR0021,123723.32,Active
ACC003781,CUST03567,Savings,2026-01-01,BR0030,26857.17,Active
ACC003782,CUST04451,Salary,2021-10-19,BR0035,22359.94,Active
ACC003783,CUST00331,Savings,2025-07-12,BR0006,157102.54,Blocked
ACC003784,CUST02264,Salary,2020-09-27,BR0038,3953.57,Active
ACC003785,CUST01950,Savings,2024-07-21,BR0017,4709.24,Active
ACC003786,CUST02939,Salary,2021-03-20,BR0033,3168.41,Active
ACC003787,CUST04858,Current,2026-07-30,BR0008,34447.02,Active
ACC003788,CUST03538,Savings,2025-02-05,BR0020,26897.58,Active
ACC003789,CUST01076,Savings,2024-08-01,BR0039,140264.28,Blocked
ACC003790,CUST01804,Current,2020-09-01,BR0045,29500.72,Active
ACC003791,CUST02417,Salary,2025-05-10,BR0047,13561.79,Active
ACC003792,CUST01484,Savings,2021-10-06,BR0021,22073.96,Active
ACC003793,CUST02889,Salary,2020-10-10,BR0027,25368.13,Active
ACC003794,CUST03645,Current,2025-09-12,BR0039,2962.79,Active
ACC003795,CUST00724,Savings,2019-12-28,BR0044,569433.89,Active
ACC003796,CUST03680,Salary,2021-08-12,BR0036,41103.36,Active
ACC003797,CUST02503,Current,2021-10-10,BR0030,28339.45,Active
ACC003798,CUST01170,Current,2025-12-26,BR0017,46082.88,Active
ACC003799,CUST00853,Savings,2020-01-17,BR0025,51600.84,Active
ACC003800,CUST04670,Current,2025-11-13,BR0034,18607.79,Active
ACC003801,CUST00320,Savings,2020-04-06,BR0023,10326.93,Active
ACC003802,CUST01376,Savings,2025-06-20,BR0008,45222.08,Active
ACC003803,CUST01651,Current,2023-01-03,BR0046,34991.24,Active
ACC003804,CUST03080,Savings,2020-10-12,BR0001,8334.28,Active
ACC003805,CUST01604,Current,2021-07-03,BR0030,120914.96,Active
ACC003806,CUST00577,Savings,2022-01-01,BR0043,31320.32,Active
ACC003807,CUST04734,Salary,2020-08-09,BR0038,52880.15,Active
ACC003808,CUST01862,Savings,2024-07-15,BR0044,117043.98,Blocked
ACC003809,CUST04062,Current,2019-09-03,BR0025,22612.69,Active
ACC003810,CUST00958,Salary,2025-03-12,BR0016,32219.99,Active
ACC003811,CUST04688,Salary,2021-06-09,BR0049,58222.82,Active
ACC003812,CUST04730,Salary,2025-10-01,BR0009,9229.56,Active
ACC003813,CUST02690,Salary,2020-08-04,BR0026,23502.5,Active
ACC003814,CUST01805,Savings,2025-07-28,BR0034,25607.95,Active
ACC003815,CUST04432,Salary,2019-10-07,BR0044,6993.45,Active
ACC003816,CUST01193,Salary,2023-03-02,BR0024,355458.63,Active
ACC003817,CUST04595,Salary,2020-07-23,BR0033,4069.39,Active
ACC003818,CUST00860,Salary,2022-07-21,BR0050,4639.1,Active
ACC003819,CUST01924,Salary,2021-05-28,BR0030,106624.85,Active
ACC003820,CUST01989,Savings,2023-06-15,BR0046,51840.11,Active
ACC003821,CUST04657,Savings,2020-11-16,BR0042,6430.72,Active
ACC003822,CUST01944,Current,2020-11-24,BR0038,45649.45,Active
ACC003823,CUST04771,Salary,2025-10-23,BR0047,128209.45,Active
ACC003824,CUST02435,Current,2025-02-28,BR0021,21240.91,Active
ACC003825,CUST02070,Current,2026-05-01,BR0018,498115.61,Active
ACC003826,CUST00355,Current,2020-09-11,BR0026,2782.56,Active
ACC003827,CUST01396,Salary,2022-10-14,BR0028,50644.61,Active
ACC003828,CUST02813,Current,2022-06-01,BR0042,89306.9,Active
ACC003829,CUST03703,Current,2023-02-23,BR0037,64190.64,Active
ACC003830,CUST03204,Savings,2022-11-14,BR0047,17236.3,Active
ACC003831,CUST02793,Salary,2025-04-05,BR0042,15544.63,Active
ACC003832,CUST01715,Salary,2024-01-24,BR0034,37532.94,Active
ACC003833,CUST04651,Salary,2025-06-08,BR0004,58624.35,Active
ACC003834,CUST04965,Salary,2021-12-27,BR0037,45386.42,Inactive
ACC003835,CUST02981,Salary,2023-06-03,BR0021,76731.64,Active
ACC003836,CUST01827,Salary,2025-04-16,BR0032,6485.71,Active
ACC003837,CUST04524,Savings,2021-05-13,BR0025,16758.73,Active
ACC003838,CUST02535,Savings,2025-01-19,BR0020,7129.39,Active
ACC003839,CUST04005,Salary,2020-11-21,BR0014,13858.65,Active
ACC003840,CUST03628,Salary,2021-05-29,BR0043,74478.45,Active
ACC003841,CUST03818,Current,2022-12-17,BR0025,25073.85,Active
ACC003842,CUST01584,Current,2022-08-27,BR0043,502942.43,Active
ACC003843,CUST00022,Current,2021-04-01,BR0033,27780.45,Active
ACC003844,CUST03178,Salary,2025-04-24,BR0011,23662.11,Active
ACC003845,CUST01617,Salary,2025-04-13,BR0046,25019.72,Active
ACC003846,CUST02315,Savings,2021-09-18,BR0016,10245.87,Active
ACC003847,CUST03349,Salary,2023-10-26,BR0038,20549.59,Active
ACC003848,CUST01065,Salary,2023-10-23,BR0022,85250.19,Active
ACC003849,CUST00355,Salary,2021-12-23,BR0012,25254.63,Active
ACC003850,CUST01133,Salary,2023-05-16,BR0026,8500.23,Active
ACC003851,CUST01300,Current,2020-01-25,BR0016,7258.28,Active
ACC003852,CUST02712,Savings,2021-10-17,BR0019,12832.78,Active
ACC003853,CUST01277,Current,2019-09-04,BR0039,24067.94,Active
ACC003854,CUST01544,Savings,2023-05-03,BR0009,92254.27,Active
ACC003855,CUST03950,Current,2023-08-05,BR0005,4409.05,Active
ACC003856,CUST02702,Savings,2020-12-30,BR0038,15006.05,Active
ACC003857,CUST02925,Current,2020-03-03,BR0024,26191.02,Active
ACC003858,CUST03699,Savings,2026-04-18,BR0010,2439.51,Active
ACC003859,CUST03368,Savings,2020-02-27,BR0031,8100.51,Active
ACC003860,CUST01594,Current,2026-01-05,BR0020,9741.34,Active
ACC003861,CUST02953,Salary,2023-07-21,BR0018,8474.66,Active
ACC003862,CUST03209,Savings,2024-02-09,BR0050,27729.93,Active
ACC003863,CUST04514,Salary,2022-02-09,BR0016,18166.39,Active
ACC003864,CUST04892,Savings,2021-05-20,BR0041,11312.42,Active
ACC003865,CUST00117,Current,2023-03-02,BR0021,36811.12,Active
ACC003866,CUST03320,Savings,2020-08-03,BR0010,174153.03,Active
ACC003867,CUST01225,Salary,2022-02-03,BR0042,157488.52,Active
ACC003868,CUST00217,Current,2020-11-05,BR0025,2192.23,Active
ACC003869,CUST03435,Salary,2022-01-22,BR0045,44023.84,Active
ACC003870,CUST00036,Current,2022-01-09,BR0024,17789.65,Active
ACC003871,CUST02787,Salary,2021-02-26,BR0022,26534.11,Active
ACC003872,CUST03342,Savings,2023-04-11,BR0046,13657.72,Active
ACC003873,CUST00055,Current,2026-03-11,BR0032,25364.51,Active
ACC003874,CUST04415,Salary,2019-10-07,BR0044,26415.04,Active
ACC003875,CUST01773,Savings,2023-09-04,BR0042,10995.68,Active
ACC003876,CUST03359,Savings,2026-05-02,BR0037,7512.77,Active
ACC003877,CUST00506,Current,2026-02-19,BR0044,12855.99,Active
ACC003878,CUST00290,Savings,2024-02-26,BR0034,29176.27,Active
ACC003879,CUST02001,Current,2020-03-15,BR0037,45197.43,Active
ACC003880,CUST01165,Current,2024-08-21,BR0037,61329.65,Active
ACC003881,CUST01506,Savings,2023-07-07,BR0004,12172.96,Active
ACC003882,CUST03069,Current,2022-08-10,BR0044,30965.02,Active
ACC003883,CUST00854,Current,2022-03-24,BR0050,69912.74,Active
ACC003884,CUST03537,Salary,2025-02-16,BR0030,89206.92,Active
ACC003885,CUST00550,Current,2021-07-22,BR0044,20525.03,Active
ACC003886,CUST00317,Savings,2023-06-22,BR0014,16896.84,Active
ACC003887,CUST01711,Current,2021-05-11,BR0020,27704.47,Active
ACC003888,CUST03745,Current,2025-07-03,BR0039,5543.33,Active
ACC003889,CUST01341,Savings,2021-12-29,BR0025,17460.01,Active
ACC003890,CUST00606,Salary,2023-09-15,BR0042,53825.56,Active
ACC003891,CUST01947,Salary,2022-12-21,BR0015,47588.03,Active
ACC003892,CUST00595,Salary,2021-12-10,BR0039,15925.53,Active
ACC003893,CUST03096,Salary,2021-01-05,BR0040,28602.86,Active
ACC003894,CUST00021,Current,2023-09-26,BR0015,8187.96,Active
ACC003895,CUST00697,Savings,2021-07-11,BR0012,51235.64,Active
ACC003896,CUST00346,Savings,2023-05-18,BR0036,20062.63,Active
ACC003897,CUST01191,Salary,2020-10-13,BR0015,15817.28,Active
ACC003898,CUST03642,Salary,2019-10-18,BR0018,14270.24,Active
ACC003899,CUST00444,Current,2026-04-17,BR0019,20425.25,Active
ACC003900,CUST02656,Current,2021-08-23,BR0048,12868.62,Active
ACC003901,CUST03645,Savings,2025-02-19,BR0036,48521.95,Active
ACC003902,CUST00510,Current,2023-10-13,BR0013,13706.97,Active
ACC003903,CUST04248,Salary,2022-12-02,BR0048,148978.45,Active
ACC003904,CUST00649,Savings,2021-07-06,BR0027,127803.93,Inactive
ACC003905,CUST04534,Savings,2024-05-05,BR0019,7556.38,Active
ACC003906,CUST03434,Current,2023-12-26,BR0033,23948.12,Active
ACC003907,CUST01126,Salary,2025-02-09,BR0018,10089.11,Active
ACC003908,CUST00108,Salary,2020-11-17,BR0027,14883.71,Active
ACC003909,CUST00160,Salary,2020-08-01,BR0028,243509.92,Active
ACC003910,CUST02174,Current,2021-12-04,BR0010,15228.35,Active
ACC003911,CUST02106,Current,2025-10-13,BR0012,33937.34,Active
ACC003912,CUST01782,Current,2022-10-21,BR0036,42175.11,Active
ACC003913,CUST02053,Current,2024-02-02,BR0032,6629.24,Active
ACC003914,CUST04394,Current,2021-10-25,BR0001,7894.21,Active
ACC003915,CUST04965,Current,2025-07-08,BR0027,5181.1,Active
ACC003916,CUST03835,Current,2020-06-28,BR0050,7607.08,Active
ACC003917,CUST03556,Savings,2021-12-17,BR0010,720.51,Active
ACC003918,CUST04211,Salary,2025-04-01,BR0039,42340.48,Active
ACC003919,CUST01255,Salary,2024-01-16,BR0020,259116.39,Active
ACC003920,CUST04280,Savings,2026-06-13,BR0039,26301.6,Active
ACC003921,CUST01202,Current,2022-04-15,BR0044,4025.79,Active
ACC003922,CUST03094,Current,2025-12-30,BR0008,10184.97,Active
ACC003923,CUST00011,Current,2023-01-31,BR0013,12699.88,Active
ACC003924,CUST00611,Salary,2019-10-28,BR0034,6495.72,Inactive
ACC003925,CUST00273,Current,2020-03-08,BR0025,61834.65,Active
ACC003926,CUST03259,Salary,2024-06-22,BR0033,58239.09,Active
ACC003927,CUST01649,Savings,2020-07-23,BR0045,5505.25,Active
ACC003928,CUST03289,Current,2021-09-13,BR0020,52580.32,Blocked
ACC003929,CUST04729,Current,2022-01-20,BR0041,137609.49,Active
ACC003930,CUST03820,Salary,2021-10-17,BR0034,216007.81,Active
ACC003931,CUST01010,Savings,2026-07-15,BR0049,685740.41,Active
ACC003932,CUST02151,Savings,2021-09-22,BR0036,7462.22,Active
ACC003933,CUST01952,Current,2026-02-04,BR0044,652825.09,Active
ACC003934,CUST00682,Current,2025-05-02,BR0002,14399.55,Active
ACC003935,CUST04948,Savings,2024-05-18,BR0040,10818.81,Active
ACC003936,CUST02144,Salary,2024-11-13,BR0002,32613.67,Active
ACC003937,CUST00023,Salary,2024-07-14,BR0008,10954.73,Active
ACC003938,CUST04215,Salary,2026-06-12,BR0044,35555.6,Active
ACC003939,CUST00842,Current,2024-02-27,BR0011,4518.37,Active
ACC003940,CUST03829,Salary,2021-03-16,BR0007,16539.34,Active
ACC003941,CUST00450,Current,2024-12-26,BR0019,103022.09,Active
ACC003942,CUST01853,Savings,2023-11-17,BR0028,20568.71,Inactive
ACC003943,CUST04744,Current,2024-02-22,BR0047,26105.86,Active
ACC003944,CUST03108,Current,2019-09-05,BR0045,38960.76,Active
ACC003945,CUST02406,Current,2020-12-01,BR0006,89750.96,Active
ACC003946,CUST02684,Savings,2019-10-25,BR0006,3022.17,Active
ACC003947,CUST04675,Savings,2022-06-08,BR0004,44419.28,Active
ACC003948,CUST00418,Savings,2026-03-09,BR0032,15966.26,Active
ACC003949,CUST02967,Savings,2025-07-07,BR0047,26902.26,Active
ACC003950,CUST03050,Savings,2026-03-13,BR0010,78585.32,Active
ACC003951,CUST02368,Salary,2024-05-11,BR0031,5255.21,Active
ACC003952,CUST01882,Salary,2023-03-22,BR0044,6534.34,Active
ACC003953,CUST00269,Savings,2024-06-24,BR0001,2159.18,Blocked
ACC003954,CUST01411,Salary,2022-07-21,BR0031,11395.9,Active
ACC003955,CUST04941,Current,2019-08-30,BR0018,108718.67,Active
ACC003956,CUST02735,Salary,2023-09-28,BR0015,19059.01,Active
ACC003957,CUST03460,Current,2021-04-17,BR0039,4410.97,Active
ACC003958,CUST03698,Salary,2021-03-30,BR0020,12297.92,Active
ACC003959,CUST01369,Current,2020-07-27,BR0010,3694.37,Active
ACC003960,CUST02113,Salary,2025-11-18,BR0042,5708.87,Active
ACC003961,CUST02305,Savings,2022-04-03,BR0026,35121.99,Active
ACC003962,CUST02861,Salary,2025-10-12,BR0014,5384.89,Active
ACC003963,CUST00323,Salary,2026-02-24,BR0024,83713.97,Active
ACC003964,CUST01538,Savings,2023-04-06,BR0030,20224.61,Active
ACC003965,CUST01883,Current,2021-10-14,BR0028,24409.16,Active
ACC003966,CUST03240,Salary,2025-07-27,BR0037,15771.38,Active
ACC003967,CUST04981,Current,2026-06-29,BR0025,55682.29,Active
ACC003968,CUST03087,Savings,2021-12-17,BR0034,56375.61,Active
ACC003969,CUST04067,Savings,2024-08-20,BR0030,32927.56,Active
ACC003970,CUST00381,Current,2021-05-06,BR0034,43379.7,Active
ACC003971,CUST03203,Salary,2024-12-30,BR0033,17077.08,Active
ACC003972,CUST02236,Salary,2023-01-25,BR0040,42219.76,Active
ACC003973,CUST00478,Savings,2025-05-07,BR0022,14684.48,Active
ACC003974,CUST01401,Current,2024-10-07,BR0048,22085.53,Active
ACC003975,CUST02913,Current,2024-06-16,BR0017,15842.12,Active
ACC003976,CUST00220,Salary,2024-06-12,BR0040,12725.18,Active
ACC003977,CUST03578,Savings,2022-09-07,BR0012,9634.12,Active
ACC003978,CUST01995,Current,2020-06-19,BR0010,38608.51,Inactive
ACC003979,CUST04843,Savings,2022-11-18,BR0007,106162.59,Active
ACC003980,CUST00742,Salary,2023-08-31,BR0004,89798.39,Active
ACC003981,CUST04245,Current,2024-12-17,BR0045,4876.2,Active
ACC003982,CUST04377,Current,2021-04-26,BR0027,103470.69,Active
ACC003983,CUST04192,Salary,2021-09-24,BR0036,15036.11,Active
ACC003984,CUST02634,Salary,2022-05-30,BR0015,45291.72,Active
ACC003985,CUST00626,Savings,2020-01-15,BR0023,7424.51,Active
ACC003986,CUST03376,Savings,2022-07-05,BR0033,26117.89,Active
ACC003987,CUST00429,Salary,2022-09-07,BR0030,32095.39,Active
ACC003988,CUST01627,Salary,2023-08-29,BR0018,3708.84,Active
ACC003989,CUST04358,Savings,2026-02-07,BR0049,45703.06,Active
ACC003990,CUST01280,Savings,2021-09-13,BR0043,110760.11,Active
ACC003991,CUST02169,Savings,2024-03-06,BR0023,17861.85,Active
ACC003992,CUST04058,Salary,2022-06-26,BR0009,112668.12,Active
ACC003993,CUST02719,Current,2023-11-05,BR0035,17542.25,Active
ACC003994,CUST04706,Salary,2021-08-02,BR0031,61053.23,Active
ACC003995,CUST04490,Savings,2023-04-25,BR0046,1537.2,Active
ACC003996,CUST00527,Current,2024-06-07,BR0031,401327.6,Inactive
ACC003997,CUST02093,Salary,2019-10-16,BR0047,132528.09,Active
ACC003998,CUST03661,Current,2025-07-07,BR0025,15653.49,Active
ACC003999,CUST01430,Salary,2020-04-18,BR0016,2066.26,Active
ACC004000,CUST00850,Current,2020-07-11,BR0047,31120.87,Active
ACC004001,CUST02065,Salary,2024-06-15,BR0031,3894.38,Blocked
ACC004002,CUST01477,Savings,2020-10-24,BR0017,37564.86,Active
ACC004003,CUST03753,Savings,2021-08-13,BR0032,36093.89,Active
ACC004004,CUST00389,Current,2023-02-22,BR0023,7117.53,Active
ACC004005,CUST01483,Current,2020-01-09,BR0029,84555.25,Active
ACC004006,CUST03506,Salary,2021-05-23,BR0033,57912.56,Active
ACC004007,CUST03728,Salary,2023-08-16,BR0035,71039.26,Active
ACC004008,CUST03856,Current,2023-02-27,BR0019,22261.84,Active
ACC004009,CUST04201,Current,2024-03-14,BR0029,4029.39,Active
ACC004010,CUST00568,Savings,2025-12-06,BR0018,71214.14,Active
ACC004011,CUST01116,Salary,2020-04-07,BR0038,15923.55,Blocked
ACC004012,CUST01746,Current,2020-07-09,BR0001,4155.81,Active
ACC004013,CUST04933,Current,2025-06-10,BR0012,111574.44,Active
ACC004014,CUST02727,Salary,2024-04-25,BR0005,273563.49,Blocked
ACC004015,CUST04764,Savings,2023-05-28,BR0017,20962.75,Active
ACC004016,CUST02042,Salary,2025-10-05,BR0039,293885.46,Active
ACC004017,CUST01255,Current,2020-10-20,BR0034,24577.28,Active
ACC004018,CUST02414,Current,2021-07-11,BR0039,13953.04,Active
ACC004019,CUST02863,Current,2025-12-04,BR0008,10336.64,Active
ACC004020,CUST00573,Current,2021-06-22,BR0027,157078.17,Active
ACC004021,CUST03294,Savings,2021-07-04,BR0046,8637.14,Active
ACC004022,CUST01967,Savings,2022-10-21,BR0030,53227.11,Active
ACC004023,CUST03432,Current,2020-06-21,BR0040,11259.9,Active
ACC004024,CUST00248,Current,2019-12-17,BR0015,12678.11,Active
ACC004025,CUST00288,Savings,2021-10-30,BR0046,75833.82,Active
ACC004026,CUST02454,Savings,2019-10-01,BR0016,13960.06,Active
ACC004027,CUST03605,Salary,2024-08-24,BR0012,13551.41,Active
ACC004028,CUST04031,Savings,2023-02-17,BR0035,85764.95,Active
ACC004029,CUST01327,Current,2020-09-02,BR0020,149773.1,Active
ACC004030,CUST02885,Current,2022-01-13,BR0013,47744.91,Active
ACC004031,CUST00862,Savings,2025-02-12,BR0041,10039.44,Active
ACC004032,CUST04454,Salary,2024-08-27,BR0001,11935.47,Active
ACC004033,CUST01524,Salary,2023-06-23,BR0032,24243.37,Active
ACC004034,CUST00390,Current,2021-06-05,BR0027,32374.17,Active
ACC004035,CUST02448,Current,2020-06-11,BR0040,6731.55,Active
ACC004036,CUST02715,Salary,2022-07-19,BR0026,52451.57,Active
ACC004037,CUST02898,Current,2021-08-30,BR0021,24406.77,Active
ACC004038,CUST02429,Savings,2024-11-07,BR0034,2810.59,Active
ACC004039,CUST01354,Salary,2020-08-29,BR0036,7224.9,Active
ACC004040,CUST01442,Current,2020-06-11,BR0009,12028.64,Active
ACC004041,CUST01404,Salary,2026-07-02,BR0034,20182.49,Active
ACC004042,CUST03124,Current,2021-10-11,BR0038,212592.94,Active
ACC004043,CUST02590,Salary,2026-05-18,BR0018,29313.56,Active
ACC004044,CUST04963,Salary,2024-09-26,BR0049,8031.08,Active
ACC004045,CUST04398,Salary,2024-03-20,BR0011,28703.0,Blocked
ACC004046,CUST04364,Current,2025-12-31,BR0029,14436.21,Active
ACC004047,CUST02690,Savings,2024-12-31,BR0003,32523.23,Active
ACC004048,CUST01805,Salary,2026-02-14,BR0011,44208.89,Active
ACC004049,CUST04427,Salary,2021-09-13,BR0030,94002.51,Active
ACC004050,CUST01373,Savings,2020-01-10,BR0048,21393.79,Active
ACC004051,CUST00138,Savings,2023-09-12,BR0028,157432.59,Inactive
ACC004052,CUST04285,Current,2025-07-05,BR0019,65488.33,Active
ACC004053,CUST03626,Salary,2022-01-02,BR0031,9424.54,Active
ACC004054,CUST01116,Current,2024-04-02,BR0035,312333.5,Active
ACC004055,CUST02769,Savings,2021-01-25,BR0031,32610.62,Active
ACC004056,CUST03791,Salary,2025-03-29,BR0025,8085.69,Blocked
ACC004057,CUST01993,Savings,2026-02-02,BR0001,160090.68,Active
ACC004058,CUST03958,Current,2025-07-26,BR0036,266554.26,Active
ACC004059,CUST02201,Current,2025-11-05,BR0006,21170.62,Inactive
ACC004060,CUST00060,Current,2019-09-14,BR0012,12035.55,Active
ACC004061,CUST01865,Savings,2023-10-24,BR0018,17910.64,Active
ACC004062,CUST02843,Salary,2026-08-07,BR0046,51931.36,Active
ACC004063,CUST01989,Current,2021-06-28,BR0028,102071.41,Active
ACC004064,CUST01058,Current,2026-06-02,BR0032,43677.34,Active
ACC004065,CUST00300,Savings,2023-02-25,BR0017,24886.18,Active
ACC004066,CUST02783,Salary,2022-06-18,BR0023,132934.81,Active
ACC004067,CUST03849,Savings,2020-07-01,BR0004,15132.44,Inactive
ACC004068,CUST03788,Savings,2020-05-27,BR0048,75894.78,Active
ACC004069,CUST01037,Savings,2023-12-07,BR0036,15589.06,Active
ACC004070,CUST03672,Savings,2024-08-09,BR0020,36946.55,Active
ACC004071,CUST02086,Savings,2021-08-07,BR0049,19220.35,Active
ACC004072,CUST01249,Current,2024-07-18,BR0022,20598.58,Active
ACC004073,CUST03364,Salary,2022-01-04,BR0039,14004.53,Active
ACC004074,CUST01827,Salary,2019-08-26,BR0029,110616.53,Active
ACC004075,CUST03754,Salary,2023-04-13,BR0003,9140.67,Active
ACC004076,CUST00852,Current,2025-07-28,BR0031,9060.88,Inactive
ACC004077,CUST04403,Savings,2022-08-14,BR0024,280742.25,Active
ACC004078,CUST03452,Salary,2022-09-07,BR0019,71212.03,Active
ACC004079,CUST03771,Savings,2026-01-21,BR0034,1258.74,Active
ACC004080,CUST02813,Current,2023-07-01,BR0039,11177.85,Active
ACC004081,CUST02282,Salary,2024-05-19,BR0043,2503.92,Active
ACC004082,CUST02168,Salary,2025-07-27,BR0043,7038.65,Active
ACC004083,CUST01870,Savings,2021-01-17,BR0012,509.68,Active
ACC004084,CUST00578,Salary,2019-11-17,BR0011,18687.54,Active
ACC004085,CUST04934,Current,2025-12-07,BR0023,5595.23,Active
ACC004086,CUST03586,Savings,2020-06-23,BR0001,23668.17,Active
ACC004087,CUST03468,Savings,2024-12-25,BR0016,3133.34,Active
ACC004088,CUST02145,Current,2024-07-06,BR0038,24330.7,Active
ACC004089,CUST02286,Savings,2019-10-31,BR0027,13387.82,Active
ACC004090,CUST04000,Current,2025-04-29,BR0002,133565.0,Active
ACC004091,CUST04872,Current,2021-12-28,BR0014,119805.9,Active
ACC004092,CUST01055,Salary,2021-04-15,BR0004,56523.67,Active
ACC004093,CUST02007,Salary,2021-02-10,BR0033,14884.32,Active
ACC004094,CUST00962,Savings,2026-08-23,BR0047,238579.17,Inactive
ACC004095,CUST04087,Savings,2020-12-25,BR0049,3416.45,Active
ACC004096,CUST04459,Savings,2021-08-22,BR0016,4087.67,Active
ACC004097,CUST04504,Salary,2025-12-03,BR0004,19919.62,Active
ACC004098,CUST04491,Savings,2020-01-13,BR0003,329339.93,Active
ACC004099,CUST00139,Savings,2025-11-17,BR0024,17278.07,Active
ACC004100,CUST01694,Current,2021-03-05,BR0018,17678.52,Active
ACC004101,CUST01620,Current,2021-04-25,BR0026,3903.81,Active
ACC004102,CUST01060,Salary,2021-06-05,BR0042,68536.07,Active
ACC004103,CUST01358,Salary,2021-05-01,BR0050,69134.66,Active
ACC004104,CUST02612,Current,2020-10-11,BR0024,56777.21,Active
ACC004105,CUST03016,Current,2022-02-27,BR0045,10352.0,Active
ACC004106,CUST02424,Current,2023-07-27,BR0032,9432.83,Active
ACC004107,CUST02812,Salary,2020-03-03,BR0037,4666.91,Active
ACC004108,CUST03014,Savings,2025-04-11,BR0022,24358.76,Active
ACC004109,CUST01967,Salary,2023-06-22,BR0041,6024.03,Active
ACC004110,CUST04614,Salary,2021-07-26,BR0041,5362.04,Active
ACC004111,CUST00940,Current,2024-11-29,BR0033,13247.59,Active
ACC004112,CUST02345,Savings,2020-10-16,BR0036,12246.71,Active
ACC004113,CUST02827,Savings,2019-12-01,BR0045,11549.83,Active
ACC004114,CUST03007,Savings,2020-08-26,BR0004,38550.85,Inactive
ACC004115,CUST04339,Salary,2025-10-27,BR0033,24218.14,Active
ACC004116,CUST00609,Current,2025-10-22,BR0042,15587.32,Active
ACC004117,CUST00550,Salary,2021-05-21,BR0041,27436.12,Active
ACC004118,CUST00759,Current,2022-10-08,BR0024,6702.04,Active
ACC004119,CUST02424,Current,2024-12-25,BR0010,24992.58,Active
ACC004120,CUST01676,Savings,2026-01-31,BR0043,26389.54,Active
ACC004121,CUST03160,Salary,2026-02-14,BR0017,3627.66,Active
ACC004122,CUST00211,Salary,2022-03-13,BR0047,72753.52,Active
ACC004123,CUST01160,Current,2025-06-28,BR0004,7648.61,Active
ACC004124,CUST02969,Salary,2023-04-28,BR0016,24547.66,Active
ACC004125,CUST00751,Savings,2020-12-16,BR0048,89080.35,Blocked
ACC004126,CUST02341,Savings,2025-07-02,BR0048,66890.49,Active
ACC004127,CUST04774,Savings,2020-03-09,BR0050,22952.91,Active
ACC004128,CUST02373,Salary,2021-01-01,BR0002,14256.97,Active
ACC004129,CUST00740,Savings,2023-09-05,BR0046,68666.33,Active
ACC004130,CUST04520,Savings,2022-11-12,BR0024,49495.35,Active
ACC004131,CUST01350,Current,2019-09-18,BR0031,10487.74,Active
ACC004132,CUST04776,Salary,2021-02-08,BR0004,8485.61,Active
ACC004133,CUST02313,Current,2022-11-01,BR0039,1832.02,Active
ACC004134,CUST00726,Savings,2019-12-13,BR0042,26498.36,Active
ACC004135,CUST01261,Current,2024-03-08,BR0020,19945.58,Active
ACC004136,CUST00708,Salary,2021-02-20,BR0039,86114.2,Active
ACC004137,CUST00933,Savings,2025-06-21,BR0020,33889.69,Active
ACC004138,CUST01911,Current,2023-03-24,BR0033,109215.15,Active
ACC004139,CUST03875,Savings,2020-07-28,BR0013,9539.18,Active
ACC004140,CUST03543,Salary,2020-05-15,BR0012,86316.88,Active
ACC004141,CUST03503,Salary,2026-02-24,BR0027,11676.11,Active
ACC004142,CUST04044,Savings,2020-12-27,BR0019,56000.47,Active
ACC004143,CUST00951,Savings,2021-06-13,BR0010,3825.67,Active
ACC004144,CUST01356,Salary,2020-04-09,BR0006,29206.96,Active
ACC004145,CUST01670,Salary,2020-12-15,BR0006,2035.25,Blocked
ACC004146,CUST00324,Savings,2023-03-07,BR0019,15985.46,Active
ACC004147,CUST02502,Salary,2020-07-27,BR0003,37362.57,Active
ACC004148,CUST04307,Salary,2023-05-07,BR0004,11788.0,Active
ACC004149,CUST04328,Salary,2021-08-07,BR0005,6244.62,Active
ACC004150,CUST03377,Current,2025-08-07,BR0024,60799.82,Active
ACC004151,CUST00959,Salary,2026-07-24,BR0007,19454.71,Active
ACC004152,CUST04835,Savings,2021-01-23,BR0033,12240.62,Active
ACC004153,CUST01778,Savings,2021-11-29,BR0021,23162.16,Active
ACC004154,CUST04601,Salary,2025-09-20,BR0045,521259.34,Active
ACC004155,CUST03624,Savings,2024-01-28,BR0015,87921.83,Active
ACC004156,CUST03267,Current,2025-09-20,BR0004,88884.09,Blocked
ACC004157,CUST00567,Current,2024-05-15,BR0006,37147.64,Active
ACC004158,CUST01784,Salary,2025-05-29,BR0036,26897.33,Active
ACC004159,CUST00756,Salary,2024-03-01,BR0008,1242.28,Active
ACC004160,CUST03926,Current,2024-09-06,BR0003,9751.96,Active
ACC004161,CUST00248,Savings,2024-08-18,BR0016,12373.48,Active
ACC004162,CUST01302,Savings,2022-06-16,BR0049,2321.87,Active
ACC004163,CUST02040,Current,2023-07-03,BR0017,5492.29,Active
ACC004164,CUST03522,Savings,2020-12-27,BR0032,2044.68,Active
ACC004165,CUST04254,Current,2024-09-14,BR0050,21036.44,Active
ACC004166,CUST00476,Salary,2024-03-07,BR0032,58836.59,Active
ACC004167,CUST01258,Current,2025-04-08,BR0046,83127.38,Active
ACC004168,CUST03763,Savings,2024-06-22,BR0015,36233.57,Active
ACC004169,CUST03092,Salary,2021-06-25,BR0014,6932.14,Active
ACC004170,CUST00214,Savings,2023-06-21,BR0043,2167.92,Active
ACC004171,CUST04128,Salary,2023-04-07,BR0005,2675.14,Active
ACC004172,CUST00450,Current,2021-02-10,BR0050,4804.08,Active
ACC004173,CUST03601,Savings,2024-11-05,BR0013,7580.76,Active
ACC004174,CUST04697,Salary,2026-05-30,BR0025,18184.08,Active
ACC004175,CUST01686,Savings,2023-06-08,BR0028,6522.43,Active
ACC004176,CUST03782,Savings,2022-01-09,BR0001,33082.88,Active
ACC004177,CUST04977,Current,2022-05-02,BR0026,16668.43,Active
ACC004178,CUST03252,Current,2021-11-11,BR0044,22306.98,Active
ACC004179,CUST01122,Savings,2024-10-21,BR0014,86534.69,Active
ACC004180,CUST00486,Savings,2021-06-21,BR0032,5343.96,Active
ACC004181,CUST02608,Salary,2025-11-20,BR0001,36404.42,Active
ACC004182,CUST04752,Current,2026-06-10,BR0005,21660.21,Active
ACC004183,CUST00398,Salary,2026-03-19,BR0027,14762.07,Active
ACC004184,CUST01496,Savings,2019-10-27,BR0020,63723.43,Active
ACC004185,CUST00251,Current,2021-04-26,BR0022,63247.89,Active
ACC004186,CUST04022,Current,2023-02-06,BR0019,7074.21,Active
ACC004187,CUST04438,Salary,2022-03-01,BR0034,17701.55,Active
ACC004188,CUST01402,Savings,2022-11-04,BR0030,30867.34,Active
ACC004189,CUST00043,Salary,2026-03-22,BR0032,15873.27,Active
ACC004190,CUST04298,Current,2024-03-15,BR0035,44445.79,Active
ACC004191,CUST01159,Salary,2023-08-09,BR0024,30866.61,Active
ACC004192,CUST02767,Salary,2020-06-03,BR0018,198605.06,Active
ACC004193,CUST00923,Savings,2024-08-05,BR0040,3511.03,Active
ACC004194,CUST04720,Current,2020-08-18,BR0002,19016.78,Inactive
ACC004195,CUST02547,Salary,2026-06-04,BR0011,7404.16,Active
ACC004196,CUST01927,Current,2025-07-22,BR0032,45475.5,Active
ACC004197,CUST01690,Salary,2020-09-22,BR0046,3163.37,Active
ACC004198,CUST03248,Salary,2020-02-09,BR0041,33375.43,Active
ACC004199,CUST01971,Salary,2021-08-08,BR0002,10341.72,Active
ACC004200,CUST01929,Current,2025-12-01,BR0017,9127.12,Active
ACC004201,CUST04251,Current,2025-08-09,BR0027,3882.37,Active
ACC004202,CUST02241,Salary,2024-03-09,BR0028,12605.76,Active
ACC004203,CUST02178,Savings,2020-08-11,BR0026,80934.92,Active
ACC004204,CUST00724,Savings,2024-05-31,BR0003,21370.65,Active
ACC004205,CUST00866,Current,2023-09-23,BR0022,46780.26,Active
ACC004206,CUST01382,Salary,2023-01-03,BR0029,162359.81,Active
ACC004207,CUST00306,Savings,2025-03-05,BR0017,30227.48,Active
ACC004208,CUST02474,Savings,2024-08-03,BR0033,11264.83,Active
ACC004209,CUST02207,Current,2025-09-16,BR0006,38588.23,Active
ACC004210,CUST01461,Salary,2025-12-03,BR0008,11462.6,Active
ACC004211,CUST01755,Salary,2026-08-06,BR0025,12024.39,Active
ACC004212,CUST00596,Current,2020-10-19,BR0035,3555.07,Active
ACC004213,CUST00836,Current,2020-02-06,BR0025,66937.12,Active
ACC004214,CUST01625,Current,2024-01-21,BR0005,13860.48,Active
ACC004215,CUST04978,Savings,2021-03-06,BR0026,27406.02,Active
ACC004216,CUST00182,Current,2024-03-26,BR0022,6354.04,Active
ACC004217,CUST02209,Current,2021-08-15,BR0023,37165.54,Active
ACC004218,CUST01438,Salary,2026-06-12,BR0026,8827.88,Active
ACC004219,CUST02022,Current,2020-09-21,BR0033,18582.02,Active
ACC004220,CUST01897,Current,2021-09-11,BR0029,63157.77,Active
ACC004221,CUST02187,Savings,2020-01-30,BR0013,56892.07,Active
ACC004222,CUST02234,Salary,2023-12-22,BR0044,21451.8,Active
ACC004223,CUST02769,Salary,2024-10-23,BR0023,2639.23,Active
ACC004224,CUST03474,Savings,2024-04-10,BR0001,799204.94,Active
ACC004225,CUST00057,Savings,2020-04-12,BR0006,178980.25,Active
ACC004226,CUST03389,Salary,2021-09-14,BR0009,52428.72,Active
ACC004227,CUST01228,Savings,2024-03-26,BR0034,8920.93,Active
ACC004228,CUST04810,Current,2024-05-06,BR0018,19219.67,Active
ACC004229,CUST00811,Salary,2020-05-11,BR0047,11474.65,Inactive
ACC004230,CUST03646,Salary,2022-07-14,BR0014,100370.85,Active
ACC004231,CUST04345,Savings,2024-02-12,BR0035,30182.07,Active
ACC004232,CUST00454,Salary,2024-03-22,BR0021,8595.58,Active
ACC004233,CUST03695,Savings,2020-06-11,BR0038,12520.14,Active
ACC004234,CUST00241,Salary,2021-11-09,BR0039,84577.69,Active
ACC004235,CUST03330,Salary,2021-11-14,BR0024,150259.25,Active
ACC004236,CUST00930,Savings,2022-06-22,BR0013,137860.54,Active
ACC004237,CUST02127,Savings,2024-04-26,BR0016,54635.46,Active
ACC004238,CUST04323,Salary,2020-10-22,BR0017,16266.29,Active
ACC004239,CUST01547,Salary,2021-03-01,BR0031,450.42,Active
ACC004240,CUST00278,Savings,2020-01-09,BR0045,31463.77,Active
ACC004241,CUST03990,Salary,2023-04-15,BR0022,21978.18,Active
ACC004242,CUST04722,Current,2023-10-27,BR0046,26055.35,Active
ACC004243,CUST01485,Salary,2021-05-24,BR0023,23498.15,Active
ACC004244,CUST03172,Current,2020-11-02,BR0037,4484.96,Active
ACC004245,CUST01133,Savings,2026-06-24,BR0048,42997.2,Active
ACC004246,CUST03900,Salary,2026-05-15,BR0045,47035.58,Inactive
ACC004247,CUST03565,Savings,2021-07-11,BR0031,49951.44,Active
ACC004248,CUST04101,Savings,2025-08-05,BR0001,68589.34,Active
ACC004249,CUST00548,Salary,2025-01-22,BR0029,45472.45,Active
ACC004250,CUST02508,Current,2020-05-29,BR0038,13466.56,Active
ACC004251,CUST02332,Salary,2024-01-21,BR0049,20231.49,Active
ACC004252,CUST01509,Savings,2020-11-27,BR0021,24571.68,Active
ACC004253,CUST03353,Salary,2024-12-18,BR0014,25065.29,Active
ACC004254,CUST01330,Current,2023-05-31,BR0018,72974.2,Active
ACC004255,CUST04214,Salary,2020-04-03,BR0032,47686.45,Active
ACC004256,CUST00379,Savings,2023-03-29,BR0006,266415.43,Active
ACC004257,CUST03811,Salary,2025-10-12,BR0007,311066.74,Active
ACC004258,CUST02326,Salary,2025-01-15,BR0042,24235.64,Active
ACC004259,CUST03319,Savings,2024-04-19,BR0048,220.53,Active
ACC004260,CUST00336,Current,2020-05-01,BR0050,97168.22,Inactive
ACC004261,CUST04639,Current,2025-12-04,BR0036,11516.64,Active
ACC004262,CUST02363,Savings,2026-02-11,BR0041,8418.77,Active
ACC004263,CUST02009,Current,2022-05-21,BR0046,13655.06,Active
ACC004264,CUST01227,Salary,2023-07-27,BR0013,12887.7,Active
ACC004265,CUST03960,Savings,2021-01-18,BR0044,45923.11,Active
ACC004266,CUST03866,Salary,2025-06-11,BR0023,3390.31,Active
ACC004267,CUST04030,Salary,2021-12-31,BR0036,6043.48,Active
ACC004268,CUST01705,Savings,2022-07-10,BR0009,33249.34,Active
ACC004269,CUST02669,Current,2019-11-27,BR0018,46515.13,Active
ACC004270,CUST03870,Savings,2019-12-06,BR0006,47564.88,Active
ACC004271,CUST04591,Savings,2026-02-28,BR0047,8566.0,Active
ACC004272,CUST00531,Salary,2019-09-30,BR0030,6809.55,Inactive
ACC004273,CUST04275,Salary,2026-04-14,BR0018,11992.52,Active
ACC004274,CUST00017,Current,2019-11-18,BR0047,29373.47,Active
ACC004275,CUST00951,Current,2026-03-30,BR0008,130950.26,Active
ACC004276,CUST03288,Current,2025-04-21,BR0017,1887.63,Active
ACC004277,CUST00670,Savings,2025-07-11,BR0038,16900.96,Active
ACC004278,CUST01976,Savings,2019-11-09,BR0049,4450.56,Active
ACC004279,CUST02976,Current,2026-07-15,BR0012,3033.0,Active
ACC004280,CUST02474,Current,2025-10-19,BR0014,70287.41,Inactive
ACC004281,CUST04229,Salary,2019-11-28,BR0042,42342.62,Active
ACC004282,CUST01514,Savings,2020-05-11,BR0032,37771.88,Blocked
ACC004283,CUST03956,Current,2022-05-23,BR0036,66518.21,Active
ACC004284,CUST04060,Current,2021-01-19,BR0001,12386.19,Active
ACC004285,CUST04591,Salary,2026-02-03,BR0008,13106.13,Active
ACC004286,CUST02791,Savings,2025-12-17,BR0012,303421.05,Active
ACC004287,CUST00777,Savings,2026-07-10,BR0006,16384.89,Active
ACC004288,CUST04546,Savings,2025-01-25,BR0036,53218.35,Inactive
ACC004289,CUST01360,Current,2024-08-19,BR0031,22195.79,Active
ACC004290,CUST04797,Savings,2020-05-03,BR0040,2397.28,Active
ACC004291,CUST03325,Current,2020-05-08,BR0047,1894.0,Active
ACC004292,CUST04434,Current,2025-07-02,BR0024,10995.25,Active
ACC004293,CUST01666,Salary,2021-04-08,BR0014,78223.2,Active
ACC004294,CUST02958,Current,2023-09-27,BR0005,56723.85,Active
ACC004295,CUST03298,Salary,2026-07-02,BR0034,65965.86,Active
ACC004296,CUST00889,Salary,2020-06-26,BR0001,6738.18,Active
ACC004297,CUST01548,Salary,2023-05-20,BR0048,153130.69,Active
ACC004298,CUST04864,Savings,2026-04-25,BR0029,6919.7,Active
ACC004299,CUST02015,Current,2024-03-26,BR0034,28435.38,Active
ACC004300,CUST04324,Salary,2025-02-26,BR0033,21754.53,Active
ACC004301,CUST03416,Salary,2022-10-23,BR0046,17878.45,Active
ACC004302,CUST04752,Savings,2020-02-19,BR0011,109788.45,Active
ACC004303,CUST00288,Salary,2026-05-07,BR0033,9450.92,Active
ACC004304,CUST04134,Current,2025-01-05,BR0039,4361.07,Active
ACC004305,CUST03566,Current,2026-01-06,BR0047,22561.37,Active
ACC004306,CUST03607,Current,2024-10-17,BR0044,13632.45,Active
ACC004307,CUST03358,Current,2019-11-14,BR0004,1267883.46,Active
ACC004308,CUST02347,Salary,2025-10-07,BR0018,49603.12,Active
ACC004309,CUST03236,Current,2020-12-03,BR0029,13477.69,Active
ACC004310,CUST03858,Current,2022-08-27,BR0024,6202.24,Active
ACC004311,CUST00736,Salary,2022-04-23,BR0033,2306.89,Active
ACC004312,CUST00844,Current,2022-11-15,BR0038,6436.48,Active
ACC004313,CUST03905,Salary,2025-05-14,BR0023,25284.08,Active
ACC004314,CUST00331,Savings,2020-08-17,BR0020,122124.27,Active
ACC004315,CUST01085,Savings,2026-05-30,BR0004,84628.55,Active
ACC004316,CUST01471,Current,2023-12-08,BR0040,28996.02,Blocked
ACC004317,CUST01850,Savings,2025-02-20,BR0014,14946.0,Active
ACC004318,CUST03187,Salary,2022-02-11,BR0017,30411.46,Active
ACC004319,CUST03042,Current,2026-01-19,BR0015,11821.02,Active
ACC004320,CUST00271,Current,2022-02-18,BR0049,173171.34,Active
ACC004321,CUST02113,Savings,2021-11-13,BR0047,17552.85,Active
ACC004322,CUST02745,Savings,2021-01-01,BR0028,19858.64,Active
ACC004323,CUST01202,Salary,2020-05-16,BR0010,1542.27,Active
ACC004324,CUST03275,Salary,2024-04-16,BR0031,17421.81,Active
ACC004325,CUST01026,Current,2026-07-25,BR0046,60100.95,Active
ACC004326,CUST03951,Salary,2020-11-27,BR0037,6116.42,Active
ACC004327,CUST00203,Savings,2024-10-03,BR0047,8947.56,Active
ACC004328,CUST01720,Current,2025-05-01,BR0047,57025.47,Active
ACC004329,CUST03344,Salary,2024-07-20,BR0014,3744.38,Active
ACC004330,CUST04036,Current,2024-03-29,BR0015,78382.91,Active
ACC004331,CUST02113,Savings,2023-09-15,BR0010,11630.98,Active
ACC004332,CUST02908,Salary,2022-02-03,BR0026,13817.87,Active
ACC004333,CUST04257,Savings,2023-10-29,BR0030,5717.84,Active
ACC004334,CUST01795,Current,2024-02-03,BR0044,34670.88,Active
ACC004335,CUST02761,Salary,2026-03-08,BR0014,421614.38,Active
ACC004336,CUST01910,Savings,2020-04-19,BR0046,56263.24,Active
ACC004337,CUST00436,Savings,2020-12-05,BR0035,7807.64,Active
ACC004338,CUST02558,Savings,2021-02-21,BR0042,86055.24,Active
ACC004339,CUST00279,Savings,2026-02-21,BR0048,15062.82,Active
ACC004340,CUST02189,Savings,2022-02-08,BR0013,114620.5,Active
ACC004341,CUST01611,Salary,2023-11-30,BR0008,57989.18,Active
ACC004342,CUST04403,Salary,2024-12-08,BR0014,644.34,Active
ACC004343,CUST03008,Current,2026-05-10,BR0041,6601.85,Active
ACC004344,CUST00676,Savings,2020-01-04,BR0024,68409.18,Active
ACC004345,CUST04485,Salary,2022-04-27,BR0001,26422.96,Active
ACC004346,CUST01796,Current,2022-11-16,BR0007,6447.79,Active
ACC004347,CUST03045,Salary,2023-08-21,BR0044,10297.87,Active
ACC004348,CUST03449,Salary,2019-12-29,BR0043,2236.16,Active
ACC004349,CUST00136,Salary,2023-12-18,BR0041,19810.2,Active
ACC004350,CUST03028,Salary,2023-05-07,BR0023,312646.26,Active
ACC004351,CUST01181,Savings,2023-08-16,BR0024,57868.01,Active
ACC004352,CUST04419,Savings,2019-11-15,BR0030,305132.2,Active
ACC004353,CUST01289,Current,2020-01-10,BR0019,63505.16,Active
ACC004354,CUST01690,Salary,2024-09-29,BR0010,75582.13,Active
ACC004355,CUST03689,Savings,2020-01-24,BR0042,235365.39,Inactive
ACC004356,CUST04936,Current,2019-09-03,BR0034,34638.32,Active
ACC004357,CUST01673,Current,2025-04-12,BR0047,17594.25,Inactive
ACC004358,CUST04311,Salary,2021-11-14,BR0014,76053.25,Active
ACC004359,CUST04688,Savings,2021-09-27,BR0015,126071.98,Active
ACC004360,CUST04975,Current,2022-11-12,BR0044,12382.54,Active
ACC004361,CUST01784,Salary,2022-08-02,BR0014,9266.09,Active
ACC004362,CUST03050,Savings,2025-01-24,BR0016,26020.17,Active
ACC004363,CUST04865,Salary,2022-07-21,BR0024,59742.48,Active
ACC004364,CUST03446,Current,2020-05-27,BR0024,57394.82,Active
ACC004365,CUST00245,Savings,2022-09-22,BR0022,3987.82,Active
ACC004366,CUST03571,Current,2025-10-22,BR0048,218365.88,Active
ACC004367,CUST03317,Salary,2024-01-14,BR0043,10204.68,Active
ACC004368,CUST03304,Salary,2021-12-27,BR0030,16025.27,Active
ACC004369,CUST02439,Current,2024-02-27,BR0027,7456.3,Active
ACC004370,CUST02440,Salary,2020-12-03,BR0037,561290.91,Active
ACC004371,CUST03511,Savings,2023-02-04,BR0010,29451.05,Active
ACC004372,CUST02936,Salary,2022-11-11,BR0040,7933.34,Active
ACC004373,CUST00008,Savings,2024-06-09,BR0034,62112.86,Active
ACC004374,CUST02543,Savings,2020-09-10,BR0031,55434.81,Active
ACC004375,CUST01251,Savings,2021-08-27,BR0021,17583.7,Active
ACC004376,CUST03281,Savings,2023-03-01,BR0044,60399.01,Active
ACC004377,CUST01687,Salary,2020-12-01,BR0044,8181.65,Blocked
ACC004378,CUST01867,Salary,2026-06-08,BR0039,12191.55,Active
ACC004379,CUST02760,Salary,2021-12-10,BR0019,1973.85,Active
ACC004380,CUST04558,Salary,2024-01-01,BR0023,4497.42,Active
ACC004381,CUST02343,Current,2021-08-02,BR0024,192751.48,Active
ACC004382,CUST03015,Savings,2022-05-21,BR0005,157899.55,Active
ACC004383,CUST04207,Current,2022-10-17,BR0014,23835.86,Active
ACC004384,CUST01226,Salary,2025-04-10,BR0006,162026.91,Active
ACC004385,CUST01200,Salary,2020-01-25,BR0030,18176.97,Inactive
ACC004386,CUST03115,Salary,2022-10-06,BR0025,16447.15,Active
ACC004387,CUST01375,Current,2022-04-15,BR0048,23571.95,Active
ACC004388,CUST03779,Savings,2026-08-21,BR0047,18960.14,Active
ACC004389,CUST01523,Savings,2021-02-04,BR0047,17013.53,Active
ACC004390,CUST04137,Current,2026-04-30,BR0018,86862.16,Active
ACC004391,CUST04903,Savings,2024-07-22,BR0028,26374.76,Active
ACC004392,CUST00042,Savings,2022-11-04,BR0038,51791.33,Active
ACC004393,CUST04942,Savings,2025-11-08,BR0020,75936.8,Active
ACC004394,CUST03530,Current,2020-01-03,BR0047,35095.32,Inactive
ACC004395,CUST00188,Salary,2024-05-07,BR0029,6875.19,Active
ACC004396,CUST01264,Current,2025-09-22,BR0020,4344.04,Active
ACC004397,CUST03665,Salary,2019-12-26,BR0037,26331.91,Active
ACC004398,CUST01620,Salary,2024-12-18,BR0031,17934.7,Active
ACC004399,CUST02975,Salary,2023-08-24,BR0018,24461.84,Active
ACC004400,CUST03529,Savings,2020-02-06,BR0040,21606.19,Active
ACC004401,CUST04911,Savings,2023-02-09,BR0032,489083.44,Active
ACC004402,CUST03399,Current,2021-06-01,BR0050,4463.68,Active
ACC004403,CUST02997,Salary,2021-09-10,BR0036,2022.45,Active
ACC004404,CUST02340,Current,2023-02-20,BR0049,32821.93,Active
ACC004405,CUST02023,Salary,2024-10-08,BR0018,14020.74,Active
ACC004406,CUST04708,Current,2024-11-15,BR0017,32185.83,Active
ACC004407,CUST01749,Salary,2024-05-25,BR0015,44385.12,Active
ACC004408,CUST04499,Savings,2023-07-25,BR0048,102839.59,Active
ACC004409,CUST02668,Savings,2024-11-27,BR0033,3609.52,Inactive
ACC004410,CUST00246,Salary,2022-09-02,BR0022,11293.0,Active
ACC004411,CUST02825,Savings,2026-05-04,BR0036,36846.41,Active
ACC004412,CUST04443,Current,2019-10-17,BR0048,55523.2,Active
ACC004413,CUST00742,Salary,2026-03-21,BR0034,306244.62,Active
ACC004414,CUST04422,Salary,2024-12-16,BR0016,69344.68,Inactive
ACC004415,CUST02241,Savings,2026-04-10,BR0017,20575.45,Active
ACC004416,CUST04967,Current,2025-01-22,BR0033,7566.43,Active
ACC004417,CUST01756,Salary,2024-02-14,BR0003,11190.85,Active
ACC004418,CUST02650,Savings,2021-03-22,BR0010,10815.73,Active
ACC004419,CUST04191,Salary,2020-09-19,BR0042,48352.85,Active
ACC004420,CUST03195,Current,2020-03-13,BR0026,29983.33,Active
ACC004421,CUST01355,Current,2020-03-01,BR0015,4499.05,Active
ACC004422,CUST01903,Current,2021-12-05,BR0017,13054.89,Active
ACC004423,CUST04874,Current,2026-06-21,BR0012,63136.67,Blocked
ACC004424,CUST01530,Savings,2020-01-18,BR0044,33590.37,Active
ACC004425,CUST00264,Savings,2020-09-09,BR0033,43580.87,Active
ACC004426,CUST00042,Salary,2022-12-24,BR0035,34874.32,Active
ACC004427,CUST02705,Current,2021-10-19,BR0027,155083.18,Active
ACC004428,CUST03128,Current,2024-02-23,BR0001,29238.79,Active
ACC004429,CUST04813,Savings,2020-09-15,BR0014,13860.14,Active
ACC004430,CUST02127,Current,2024-05-17,BR0018,7340.0,Active
ACC004431,CUST04775,Savings,2024-02-25,BR0043,29718.69,Active
ACC004432,CUST00672,Current,2025-12-06,BR0006,1177.51,Active
ACC004433,CUST00949,Current,2019-09-10,BR0003,17656.39,Blocked
ACC004434,CUST01948,Salary,2021-11-15,BR0037,17205.63,Active
ACC004435,CUST03319,Salary,2024-12-20,BR0021,4283.97,Inactive
ACC004436,CUST04516,Current,2025-11-20,BR0046,7230.63,Active
ACC004437,CUST00575,Salary,2021-11-06,BR0037,58197.0,Active
ACC004438,CUST00364,Savings,2025-02-15,BR0020,29052.33,Active
ACC004439,CUST04270,Salary,2021-02-27,BR0015,24888.12,Active
ACC004440,CUST03055,Savings,2024-04-21,BR0035,31812.58,Active
ACC004441,CUST03286,Savings,2023-09-05,BR0007,24616.03,Active
ACC004442,CUST04224,Current,2023-11-21,BR0021,97873.89,Active
ACC004443,CUST00213,Savings,2021-10-07,BR0038,25542.91,Active
ACC004444,CUST03948,Savings,2024-01-14,BR0034,3828.18,Active
ACC004445,CUST00256,Savings,2021-04-19,BR0012,155773.13,Active
ACC004446,CUST02899,Current,2022-11-12,BR0007,34351.75,Inactive
ACC004447,CUST00759,Current,2025-10-04,BR0036,10860.59,Active
ACC004448,CUST00743,Salary,2026-02-23,BR0019,4894.75,Active
ACC004449,CUST04739,Savings,2021-03-31,BR0013,35422.31,Active
ACC004450,CUST03062,Savings,2024-02-22,BR0023,19137.28,Active
ACC004451,CUST04716,Savings,2025-02-27,BR0043,145652.09,Active
ACC004452,CUST04859,Savings,2020-03-12,BR0037,14543.67,Active
ACC004453,CUST03589,Savings,2023-01-18,BR0033,8063.82,Active
ACC004454,CUST04035,Savings,2021-12-05,BR0031,64534.51,Active
ACC004455,CUST00094,Salary,2021-09-16,BR0020,66858.8,Active
ACC004456,CUST01210,Salary,2020-12-19,BR0014,26967.34,Active
ACC004457,CUST04576,Salary,2025-05-16,BR0024,49594.16,Active
ACC004458,CUST00831,Salary,2020-03-16,BR0028,21052.52,Active
ACC004459,CUST04842,Savings,2020-11-07,BR0014,29162.48,Active
ACC004460,CUST00609,Savings,2025-07-29,BR0018,89142.28,Active
ACC004461,CUST01337,Savings,2023-01-20,BR0003,46647.84,Active
ACC004462,CUST02173,Savings,2024-11-30,BR0043,17977.4,Active
ACC004463,CUST01747,Current,2025-06-01,BR0044,111617.72,Active
ACC004464,CUST03860,Current,2022-02-28,BR0024,1289.71,Active
ACC004465,CUST02858,Current,2025-10-28,BR0010,258457.87,Active
ACC004466,CUST02089,Salary,2021-02-06,BR0001,2843.67,Active
ACC004467,CUST00871,Savings,2024-02-01,BR0045,10378.47,Active
ACC004468,CUST01486,Current,2024-07-05,BR0048,20971.07,Active
ACC004469,CUST00269,Salary,2025-02-19,BR0015,18475.91,Active
ACC004470,CUST03182,Salary,2025-05-06,BR0024,73695.22,Inactive
ACC004471,CUST03518,Current,2025-04-28,BR0032,6189.42,Active
ACC004472,CUST01377,Savings,2025-11-11,BR0008,30119.26,Active
ACC004473,CUST00394,Salary,2022-04-07,BR0005,11005.45,Active
ACC004474,CUST00995,Salary,2023-02-12,BR0047,31387.63,Active
ACC004475,CUST01885,Salary,2022-03-07,BR0040,20379.27,Active
ACC004476,CUST01816,Savings,2020-12-30,BR0004,24625.13,Active
ACC004477,CUST02926,Salary,2019-10-29,BR0048,11385.44,Active
ACC004478,CUST04058,Salary,2021-09-18,BR0047,11943.27,Active
ACC004479,CUST00488,Current,2023-03-22,BR0010,31092.66,Active
ACC004480,CUST02331,Salary,2026-01-31,BR0022,68354.22,Active
ACC004481,CUST04547,Salary,2025-09-30,BR0045,10743.59,Active
ACC004482,CUST04959,Savings,2020-10-04,BR0002,7765.75,Active
ACC004483,CUST03170,Salary,2022-10-13,BR0007,45988.76,Active
ACC004484,CUST03315,Salary,2025-10-16,BR0004,21183.87,Inactive
ACC004485,CUST02944,Savings,2025-10-26,BR0023,59670.78,Active
ACC004486,CUST00534,Savings,2024-02-22,BR0049,7428.23,Active
ACC004487,CUST01779,Current,2023-04-25,BR0001,2603.66,Active
ACC004488,CUST03318,Current,2021-06-20,BR0050,11618.98,Active
ACC004489,CUST04562,Savings,2020-07-14,BR0017,8781.27,Active
ACC004490,CUST03335,Savings,2022-04-13,BR0035,20039.37,Active
ACC004491,CUST04093,Savings,2026-04-09,BR0017,10257.72,Active
ACC004492,CUST04521,Savings,2021-10-16,BR0018,53595.5,Active
ACC004493,CUST02668,Current,2020-05-07,BR0018,15587.42,Active
ACC004494,CUST02887,Savings,2023-07-31,BR0026,26385.49,Active
ACC004495,CUST02724,Salary,2019-12-30,BR0003,26613.17,Active
ACC004496,CUST01079,Salary,2026-08-22,BR0030,27832.12,Active
ACC004497,CUST03264,Current,2022-12-20,BR0039,21397.84,Active
ACC004498,CUST04476,Current,2022-02-17,BR0037,40648.65,Active
ACC004499,CUST03991,Current,2025-01-08,BR0010,8477.86,Active
ACC004500,CUST02247,Savings,2022-12-19,BR0020,118101.71,Active
ACC004501,CUST00132,Current,2020-12-24,BR0040,16583.36,Active
ACC004502,CUST03630,Current,2022-08-31,BR0012,4564.85,Active
ACC004503,CUST01561,Salary,2026-01-12,BR0049,27603.23,Active
ACC004504,CUST02357,Current,2022-10-29,BR0026,7931.39,Active
ACC004505,CUST04955,Savings,2026-02-03,BR0039,48942.5,Active
ACC004506,CUST01600,Savings,2022-02-13,BR0007,312239.78,Active
ACC004507,CUST02341,Current,2020-01-04,BR0009,8570.78,Active
ACC004508,CUST03284,Savings,2021-03-27,BR0031,32821.75,Blocked
ACC004509,CUST03075,Salary,2023-01-29,BR0021,2679.52,Active
ACC004510,CUST00118,Savings,2026-05-11,BR0044,37975.11,Active
ACC004511,CUST04987,Current,2021-08-06,BR0025,7609.43,Active
ACC004512,CUST03197,Current,2025-10-13,BR0009,10406.63,Active
ACC004513,CUST04425,Current,2025-05-25,BR0028,5874.97,Active
ACC004514,CUST01554,Current,2022-10-15,BR0039,53028.32,Active
ACC004515,CUST02213,Current,2022-07-17,BR0036,73774.26,Active
ACC004516,CUST03384,Current,2024-04-09,BR0042,22653.33,Active
ACC004517,CUST03243,Current,2025-06-17,BR0025,7806.31,Active
ACC004518,CUST04077,Salary,2021-03-28,BR0032,148364.54,Active
ACC004519,CUST02420,Savings,2022-02-23,BR0011,8950.89,Active
ACC004520,CUST02982,Current,2021-04-12,BR0009,1645.11,Active
ACC004521,CUST01209,Current,2025-11-07,BR0010,38179.99,Active
ACC004522,CUST01664,Current,2019-11-06,BR0010,5850.43,Active
ACC004523,CUST03198,Savings,2025-05-03,BR0001,72137.59,Active
ACC004524,CUST04281,Salary,2020-05-14,BR0020,13941.63,Active
ACC004525,CUST00513,Current,2023-08-24,BR0012,45453.99,Active
ACC004526,CUST00464,Current,2022-11-10,BR0050,118397.21,Active
ACC004527,CUST02949,Salary,2022-04-08,BR0015,5163.5,Active
ACC004528,CUST00719,Savings,2023-02-23,BR0047,11168.76,Active
ACC004529,CUST02230,Current,2026-05-21,BR0027,20114.47,Active
ACC004530,CUST01884,Current,2022-01-11,BR0043,139394.26,Active
ACC004531,CUST01225,Savings,2022-02-13,BR0047,9996.0,Active
ACC004532,CUST01013,Savings,2024-01-05,BR0039,10792.38,Active
ACC004533,CUST01204,Salary,2024-07-18,BR0018,39095.74,Active
ACC004534,CUST01854,Salary,2026-07-31,BR0007,11018.44,Active
ACC004535,CUST02271,Salary,2024-02-28,BR0042,26450.52,Active
ACC004536,CUST02303,Savings,2023-12-12,BR0035,3422.6,Active
ACC004537,CUST03978,Salary,2019-11-03,BR0015,314014.97,Active
ACC004538,CUST01613,Salary,2026-03-20,BR0041,4371.01,Active
ACC004539,CUST03947,Salary,2021-07-27,BR0049,14971.4,Active
ACC004540,CUST02489,Savings,2025-11-12,BR0049,21184.45,Active
ACC004541,CUST00941,Current,2020-07-29,BR0034,218649.61,Active
ACC004542,CUST00760,Savings,2022-10-13,BR0032,4492.59,Active
ACC004543,CUST04636,Salary,2021-09-14,BR0048,238099.75,Active
ACC004544,CUST04115,Savings,2024-05-18,BR0042,54644.96,Active
ACC004545,CUST00350,Salary,2025-07-31,BR0037,36334.19,Active
ACC004546,CUST02546,Savings,2023-11-29,BR0027,6757.71,Active
ACC004547,CUST03795,Salary,2024-01-23,BR0050,43711.63,Active
ACC004548,CUST03566,Savings,2021-03-02,BR0044,9244.8,Active
ACC004549,CUST04129,Current,2021-12-28,BR0029,100709.31,Inactive
ACC004550,CUST02842,Savings,2022-06-21,BR0027,6868.67,Active
ACC004551,CUST02462,Salary,2025-10-27,BR0034,19229.67,Inactive
ACC004552,CUST01178,Savings,2020-10-16,BR0048,11312.6,Active
ACC004553,CUST04047,Salary,2023-08-11,BR0010,6734.32,Active
ACC004554,CUST02421,Salary,2024-11-02,BR0012,53614.98,Active
ACC004555,CUST02638,Savings,2025-07-31,BR0021,41879.45,Active
ACC004556,CUST03817,Salary,2020-03-04,BR0044,93977.65,Active
ACC004557,CUST01529,Salary,2025-05-19,BR0002,2602.3,Active
ACC004558,CUST02045,Current,2025-07-03,BR0022,78984.34,Active
ACC004559,CUST04539,Salary,2022-07-17,BR0034,445315.67,Active
ACC004560,CUST03865,Savings,2019-12-20,BR0001,12810.63,Blocked
ACC004561,CUST03616,Current,2022-02-11,BR0031,214095.69,Active
ACC004562,CUST03104,Salary,2025-06-28,BR0003,16061.92,Active
ACC004563,CUST04427,Salary,2025-01-31,BR0032,4243.35,Active
ACC004564,CUST04101,Current,2020-02-20,BR0006,15263.83,Active
ACC004565,CUST01060,Savings,2022-02-16,BR0041,77485.4,Active
ACC004566,CUST01701,Savings,2021-09-05,BR0044,8056.13,Active
ACC004567,CUST01763,Salary,2021-05-22,BR0025,10717.08,Active
ACC004568,CUST04950,Savings,2021-06-27,BR0007,44902.44,Active
ACC004569,CUST01117,Current,2021-06-05,BR0009,22107.5,Active
ACC004570,CUST00283,Current,2026-02-26,BR0019,44424.55,Active
ACC004571,CUST00674,Current,2022-09-02,BR0017,29301.54,Active
ACC004572,CUST00998,Savings,2021-04-20,BR0025,39165.45,Active
ACC004573,CUST02345,Current,2024-02-15,BR0010,13111.42,Active
ACC004574,CUST04895,Current,2021-11-03,BR0020,29087.89,Active
ACC004575,CUST03780,Current,2024-08-23,BR0018,7238.38,Active
ACC004576,CUST01750,Savings,2022-04-30,BR0039,103375.2,Active
ACC004577,CUST03923,Savings,2025-09-05,BR0008,10289.41,Active
ACC004578,CUST02969,Savings,2020-09-08,BR0015,85358.64,Active
ACC004579,CUST02267,Salary,2023-01-03,BR0029,16641.78,Active
ACC004580,CUST03541,Salary,2025-11-05,BR0030,28068.38,Active
ACC004581,CUST00207,Savings,2021-07-15,BR0048,12161.65,Active
ACC004582,CUST02479,Savings,2026-07-06,BR0019,6508.12,Active
ACC004583,CUST04913,Current,2020-11-07,BR0024,2714.3,Active
ACC004584,CUST04447,Salary,2026-07-03,BR0023,6208.11,Active
ACC004585,CUST03387,Salary,2020-07-08,BR0005,14932.71,Active
ACC004586,CUST04289,Salary,2020-05-31,BR0006,28403.14,Active
ACC004587,CUST03901,Salary,2020-06-14,BR0026,74046.99,Active
ACC004588,CUST01072,Savings,2025-09-12,BR0024,12901.4,Active
ACC004589,CUST01258,Current,2024-10-01,BR0039,7643.78,Active
ACC004590,CUST03739,Current,2023-07-08,BR0015,3900.04,Active
ACC004591,CUST04023,Current,2024-02-15,BR0038,39186.06,Active
ACC004592,CUST01726,Savings,2023-08-14,BR0008,115824.73,Active
ACC004593,CUST01526,Savings,2025-10-13,BR0039,100669.32,Active
ACC004594,CUST04561,Savings,2026-05-07,BR0029,51633.16,Active
ACC004595,CUST03691,Savings,2020-09-13,BR0044,47394.05,Active
ACC004596,CUST02558,Salary,2024-04-12,BR0048,168914.6,Active
ACC004597,CUST04304,Savings,2020-01-23,BR0026,32810.3,Active
ACC004598,CUST02537,Current,2024-10-22,BR0031,47827.48,Active
ACC004599,CUST04067,Current,2021-05-04,BR0001,14988.81,Active
ACC004600,CUST01812,Current,2021-09-13,BR0025,4296.47,Active
ACC004601,CUST02894,Current,2024-09-11,BR0001,9695.15,Active
ACC004602,CUST03681,Current,2020-06-05,BR0046,21785.7,Active
ACC004603,CUST04503,Savings,2025-01-06,BR0008,23693.18,Active
ACC004604,CUST01483,Salary,2025-06-03,BR0042,222246.64,Active
ACC004605,CUST00991,Salary,2021-05-02,BR0014,24283.02,Active
ACC004606,CUST04125,Current,2023-11-03,BR0035,90636.49,Active
ACC004607,CUST04552,Current,2021-06-29,BR0049,13067.81,Active
ACC004608,CUST03496,Current,2020-10-17,BR0046,15153.53,Active
ACC004609,CUST04905,Savings,2023-02-04,BR0013,4470.21,Active
ACC004610,CUST02453,Salary,2025-02-15,BR0050,9038.12,Active
ACC004611,CUST04803,Current,2022-05-25,BR0037,41455.58,Active
ACC004612,CUST00301,Current,2021-07-27,BR0026,22227.2,Active
ACC004613,CUST03253,Savings,2019-12-25,BR0018,68290.53,Active
ACC004614,CUST01898,Savings,2023-02-09,BR0012,27378.27,Active
ACC004615,CUST02168,Savings,2019-12-11,BR0022,14429.87,Active
ACC004616,CUST02271,Salary,2025-10-20,BR0036,290092.82,Active
ACC004617,CUST04267,Salary,2020-04-20,BR0020,19679.16,Blocked
ACC004618,CUST03548,Current,2020-05-12,BR0007,88929.67,Active
ACC004619,CUST02142,Savings,2026-01-11,BR0008,13609.85,Active
ACC004620,CUST03186,Salary,2024-11-08,BR0016,51612.51,Active
ACC004621,CUST00724,Current,2026-02-15,BR0049,67078.5,Active
ACC004622,CUST02515,Salary,2023-12-11,BR0046,28287.93,Active
ACC004623,CUST01848,Current,2023-11-16,BR0017,1305.86,Active
ACC004624,CUST04334,Savings,2026-02-06,BR0006,22514.23,Active
ACC004625,CUST02770,Salary,2022-06-08,BR0023,96428.02,Active
ACC004626,CUST04526,Salary,2022-12-17,BR0046,41480.43,Active
ACC004627,CUST02114,Savings,2020-06-17,BR0005,37609.3,Active
ACC004628,CUST04094,Salary,2023-07-30,BR0049,2788.59,Active
ACC004629,CUST00856,Savings,2023-11-28,BR0049,9278.49,Active
ACC004630,CUST01585,Salary,2023-02-11,BR0026,36084.88,Active
ACC004631,CUST04068,Savings,2026-04-10,BR0032,36042.71,Active
ACC004632,CUST03504,Salary,2024-05-07,BR0032,94617.73,Active
ACC004633,CUST03000,Salary,2025-10-10,BR0014,18511.73,Active
ACC004634,CUST04580,Current,2024-02-10,BR0005,35846.06,Active
ACC004635,CUST02529,Savings,2019-09-21,BR0032,22463.55,Active
ACC004636,CUST04880,Savings,2019-09-28,BR0038,6739.01,Active
ACC004637,CUST04550,Savings,2021-03-22,BR0036,1470.05,Active
ACC004638,CUST02440,Savings,2021-06-04,BR0028,36945.96,Active
ACC004639,CUST01068,Savings,2026-08-17,BR0013,27139.26,Active
ACC004640,CUST00107,Salary,2019-11-16,BR0032,10490.13,Active
ACC004641,CUST00942,Current,2026-07-18,BR0002,3155.78,Active
ACC004642,CUST00615,Savings,2019-11-25,BR0015,46895.99,Active
ACC004643,CUST02739,Current,2024-08-19,BR0034,16008.83,Inactive
ACC004644,CUST02522,Current,2020-07-22,BR0012,42969.66,Active
ACC004645,CUST03381,Current,2022-06-30,BR0032,206252.87,Active
ACC004646,CUST00612,Current,2026-04-10,BR0038,1686.28,Active
ACC004647,CUST00713,Savings,2023-03-07,BR0047,9513.61,Active
ACC004648,CUST03226,Savings,2020-08-08,BR0025,17132.79,Active
ACC004649,CUST02049,Current,2024-04-28,BR0046,126221.23,Active
ACC004650,CUST02555,Salary,2020-09-26,BR0043,3091.21,Active
ACC004651,CUST00734,Current,2024-09-23,BR0031,224815.02,Active
ACC004652,CUST00220,Current,2024-02-08,BR0030,25926.66,Active
ACC004653,CUST04689,Current,2019-10-05,BR0030,19629.7,Active
ACC004654,CUST03172,Current,2021-09-23,BR0012,17367.02,Inactive
ACC004655,CUST04785,Salary,2025-07-03,BR0026,13049.23,Active
ACC004656,CUST01485,Savings,2022-11-10,BR0030,77477.29,Active
ACC004657,CUST02504,Savings,2022-06-28,BR0044,6110.57,Active
ACC004658,CUST02981,Salary,2023-09-01,BR0025,33339.46,Active
ACC004659,CUST03595,Savings,2025-01-24,BR0018,13890.8,Active
ACC004660,CUST03842,Savings,2025-08-17,BR0043,8825.85,Active
ACC004661,CUST02983,Current,2023-11-18,BR0044,490494.92,Active
ACC004662,CUST01602,Savings,2021-11-22,BR0050,36419.55,Active
ACC004663,CUST03825,Savings,2025-11-07,BR0008,45978.02,Active
ACC004664,CUST02750,Current,2022-01-23,BR0044,86278.19,Active
ACC004665,CUST03822,Salary,2024-09-19,BR0032,4001.32,Active
ACC004666,CUST01499,Salary,2020-08-31,BR0027,180367.24,Active
ACC004667,CUST04803,Current,2025-10-24,BR0033,1084.91,Active
ACC004668,CUST04165,Salary,2023-03-08,BR0045,8755.88,Active
ACC004669,CUST04509,Current,2019-09-04,BR0049,12697.52,Active
ACC004670,CUST04291,Current,2024-12-06,BR0044,44270.24,Active
ACC004671,CUST01643,Current,2025-06-08,BR0033,28637.2,Active
ACC004672,CUST03923,Salary,2021-06-19,BR0019,18030.54,Active
ACC004673,CUST01594,Current,2022-12-25,BR0018,21711.63,Active
ACC004674,CUST04065,Savings,2022-10-12,BR0011,6811.53,Active
ACC004675,CUST01232,Current,2024-11-01,BR0026,3653.06,Active
ACC004676,CUST03476,Current,2026-05-21,BR0039,52670.67,Active
ACC004677,CUST02162,Salary,2022-08-04,BR0022,50637.48,Active
ACC004678,CUST03173,Current,2020-10-15,BR0040,147471.95,Active
ACC004679,CUST04779,Salary,2020-02-22,BR0017,8535.42,Inactive
ACC004680,CUST00642,Current,2020-04-18,BR0023,50583.38,Active
ACC004681,CUST01955,Current,2022-04-18,BR0029,15670.76,Active
ACC004682,CUST02620,Salary,2024-10-13,BR0003,91910.45,Active
ACC004683,CUST01063,Current,2020-04-02,BR0002,75083.44,Active
ACC004684,CUST01978,Current,2026-07-11,BR0032,28380.32,Active
ACC004685,CUST00046,Salary,2020-09-11,BR0047,14655.4,Active
ACC004686,CUST04295,Salary,2024-02-15,BR0026,69781.11,Active
ACC004687,CUST01860,Salary,2025-02-01,BR0040,47871.97,Active
ACC004688,CUST00222,Savings,2026-03-20,BR0029,9688.27,Active
ACC004689,CUST02863,Current,2024-07-16,BR0036,4476.7,Active
ACC004690,CUST00267,Current,2022-02-02,BR0034,15580.27,Active
ACC004691,CUST01881,Salary,2020-07-29,BR0014,135740.0,Active
ACC004692,CUST04372,Current,2024-03-27,BR0026,87184.74,Active
ACC004693,CUST01529,Salary,2022-02-18,BR0039,5797.64,Active
ACC004694,CUST03335,Salary,2021-07-27,BR0025,5424.55,Active
ACC004695,CUST04300,Savings,2021-08-13,BR0045,101683.53,Active
ACC004696,CUST00240,Current,2023-01-10,BR0015,5637.73,Active
ACC004697,CUST00454,Current,2024-02-27,BR0006,40585.02,Active
ACC004698,CUST03165,Savings,2023-09-17,BR0012,10516.65,Active
ACC004699,CUST02110,Savings,2022-07-26,BR0021,153346.28,Active
ACC004700,CUST01157,Current,2019-11-15,BR0024,8738.47,Active
ACC004701,CUST04367,Current,2024-08-21,BR0041,86858.34,Active
ACC004702,CUST01688,Savings,2020-10-31,BR0019,27496.95,Active
ACC004703,CUST03828,Current,2026-01-31,BR0042,29811.03,Active
ACC004704,CUST03229,Current,2023-02-11,BR0048,2070.67,Active
ACC004705,CUST01790,Savings,2021-04-21,BR0032,1566.35,Active
ACC004706,CUST04673,Salary,2021-02-06,BR0031,16904.26,Active
ACC004707,CUST02750,Salary,2026-07-31,BR0010,29622.43,Active
ACC004708,CUST04716,Current,2025-10-19,BR0005,5708.79,Active
ACC004709,CUST00728,Savings,2020-12-27,BR0012,5964.42,Active
ACC004710,CUST03574,Savings,2021-06-25,BR0031,43207.4,Active
ACC004711,CUST00903,Salary,2024-10-22,BR0039,43279.11,Active
ACC004712,CUST03210,Current,2024-10-08,BR0034,18670.7,Active
ACC004713,CUST03781,Current,2023-12-14,BR0037,56175.84,Active
ACC004714,CUST01657,Salary,2020-11-27,BR0013,5382.76,Blocked
ACC004715,CUST00178,Current,2020-04-10,BR0006,14369.71,Active
ACC004716,CUST01761,Current,2021-09-10,BR0029,159126.24,Active
ACC004717,CUST03041,Current,2023-06-28,BR0046,23908.43,Inactive
ACC004718,CUST04327,Salary,2021-12-27,BR0014,25631.44,Active
ACC004719,CUST00188,Current,2022-07-02,BR0043,350506.98,Active
ACC004720,CUST01503,Current,2022-07-10,BR0003,4108.4,Active
ACC004721,CUST03829,Savings,2023-03-17,BR0047,57280.55,Active
ACC004722,CUST04325,Current,2020-04-20,BR0022,162232.14,Active
ACC004723,CUST03854,Savings,2020-06-07,BR0031,14915.71,Active
ACC004724,CUST04439,Salary,2021-10-26,BR0008,61793.72,Inactive
ACC004725,CUST04913,Savings,2019-12-17,BR0016,6778.94,Active
ACC004726,CUST03270,Savings,2025-07-25,BR0014,9661.66,Active
ACC004727,CUST01044,Savings,2025-12-29,BR0032,34960.0,Active
ACC004728,CUST02982,Salary,2025-11-12,BR0042,57427.58,Active
ACC004729,CUST02438,Salary,2022-02-24,BR0007,84552.15,Active
ACC004730,CUST01697,Savings,2020-10-03,BR0032,144864.53,Active
ACC004731,CUST04101,Current,2024-01-26,BR0001,20313.97,Active
ACC004732,CUST04138,Savings,2024-03-17,BR0032,92257.06,Active
ACC004733,CUST00368,Salary,2023-02-11,BR0049,14606.68,Active
ACC004734,CUST02977,Savings,2026-01-02,BR0002,65023.86,Active
ACC004735,CUST02190,Savings,2020-01-06,BR0032,28253.89,Active
ACC004736,CUST03728,Salary,2022-10-08,BR0014,37602.04,Active
ACC004737,CUST02469,Current,2025-01-04,BR0034,36614.86,Active
ACC004738,CUST04197,Savings,2019-10-31,BR0001,3211.05,Active
ACC004739,CUST04240,Current,2026-04-08,BR0030,5716.17,Active
ACC004740,CUST02692,Salary,2026-05-21,BR0019,24910.63,Active
ACC004741,CUST00060,Current,2022-07-09,BR0017,2908.13,Active
ACC004742,CUST03926,Savings,2021-09-02,BR0033,59721.86,Active
ACC004743,CUST00082,Savings,2023-11-02,BR0008,62684.35,Active
ACC004744,CUST04540,Salary,2023-01-05,BR0016,32617.51,Active
ACC004745,CUST03195,Current,2023-04-18,BR0016,5736.7,Active
ACC004746,CUST00678,Current,2023-05-09,BR0032,115400.82,Active
ACC004747,CUST02668,Salary,2026-05-17,BR0040,253889.08,Active
ACC004748,CUST02188,Current,2025-12-22,BR0018,26278.13,Active
ACC004749,CUST04513,Salary,2020-01-17,BR0043,40645.46,Active
ACC004750,CUST02585,Salary,2024-01-25,BR0038,28059.61,Active
ACC004751,CUST01638,Savings,2025-07-20,BR0041,41624.45,Active
ACC004752,CUST03046,Current,2020-06-19,BR0001,19082.55,Active
ACC004753,CUST02804,Savings,2020-08-21,BR0028,21131.56,Active
ACC004754,CUST00444,Savings,2025-12-30,BR0048,65307.43,Active
ACC004755,CUST01694,Salary,2020-09-29,BR0003,367599.38,Active
ACC004756,CUST04973,Salary,2023-04-12,BR0043,4104.81,Active
ACC004757,CUST03122,Savings,2026-04-15,BR0015,19446.55,Active
ACC004758,CUST04919,Savings,2019-10-20,BR0016,5342.49,Active
ACC004759,CUST03274,Current,2020-01-03,BR0017,148810.64,Inactive
ACC004760,CUST02006,Savings,2021-04-16,BR0029,10880.36,Active
ACC004761,CUST04860,Savings,2020-02-14,BR0023,3897.77,Active
ACC004762,CUST00493,Savings,2024-01-28,BR0044,47373.79,Active
ACC004763,CUST01339,Savings,2021-05-18,BR0008,178648.12,Active
ACC004764,CUST04992,Current,2022-09-21,BR0014,48840.61,Active
ACC004765,CUST02674,Savings,2022-12-21,BR0002,28162.81,Active
ACC004766,CUST01643,Savings,2023-01-13,BR0043,35989.02,Inactive
ACC004767,CUST01148,Salary,2024-10-25,BR0003,120307.81,Active
ACC004768,CUST03150,Salary,2020-05-26,BR0009,7715.3,Active
ACC004769,CUST00455,Current,2026-08-10,BR0034,19259.96,Active
ACC004770,CUST00267,Salary,2026-02-19,BR0016,12794.51,Active
ACC004771,CUST00459,Current,2019-11-18,BR0020,5423.85,Active
ACC004772,CUST03673,Savings,2022-12-08,BR0034,14852.89,Active
ACC004773,CUST03977,Salary,2020-12-16,BR0029,83221.86,Active
ACC004774,CUST04808,Salary,2025-06-22,BR0048,43474.18,Active
ACC004775,CUST02700,Salary,2023-07-11,BR0044,47723.18,Active
ACC004776,CUST04312,Savings,2020-04-07,BR0024,26259.18,Active
ACC004777,CUST04390,Savings,2022-05-17,BR0032,41274.02,Active
ACC004778,CUST01539,Salary,2025-12-27,BR0009,8427.8,Active
ACC004779,CUST02249,Savings,2021-06-17,BR0038,15192.97,Active
ACC004780,CUST00807,Salary,2020-07-01,BR0022,27733.74,Active
ACC004781,CUST02969,Current,2021-02-21,BR0042,30730.75,Active
ACC004782,CUST03431,Salary,2026-03-06,BR0034,32345.35,Active
ACC004783,CUST00650,Current,2021-07-05,BR0022,18657.39,Active
ACC004784,CUST01997,Savings,2021-10-23,BR0033,14003.91,Active
ACC004785,CUST03468,Salary,2022-07-19,BR0047,974154.84,Active
ACC004786,CUST02690,Current,2022-09-04,BR0017,65391.31,Active
ACC004787,CUST03715,Current,2020-02-03,BR0007,36162.46,Active
ACC004788,CUST02774,Savings,2026-08-08,BR0046,16649.74,Active
ACC004789,CUST04199,Salary,2023-04-22,BR0019,12817.12,Active
ACC004790,CUST00944,Salary,2023-12-24,BR0021,18826.85,Active
ACC004791,CUST04182,Salary,2024-04-30,BR0009,31300.66,Active
ACC004792,CUST02361,Current,2021-03-17,BR0046,2306.48,Active
ACC004793,CUST01945,Current,2023-05-12,BR0002,3350.06,Active
ACC004794,CUST03384,Salary,2024-07-07,BR0024,10257.26,Active
ACC004795,CUST02887,Salary,2020-07-28,BR0045,28242.05,Active
ACC004796,CUST01724,Current,2023-10-12,BR0022,16529.01,Active
ACC004797,CUST00638,Savings,2024-12-23,BR0033,129799.4,Active
ACC004798,CUST01099,Salary,2023-10-11,BR0010,3718.68,Active
ACC004799,CUST02702,Current,2023-04-05,BR0029,8940.85,Active
ACC004800,CUST03703,Salary,2026-02-20,BR0032,136504.12,Active
ACC004801,CUST02225,Current,2024-06-04,BR0037,25779.71,Active
ACC004802,CUST03031,Current,2025-02-16,BR0046,63691.8,Active
ACC004803,CUST01777,Salary,2020-11-11,BR0029,258201.7,Active
ACC004804,CUST02364,Salary,2024-12-06,BR0038,9580.02,Active
ACC004805,CUST02035,Current,2021-06-11,BR0039,19551.8,Active
ACC004806,CUST00316,Savings,2024-02-10,BR0032,15884.32,Active
ACC004807,CUST02335,Current,2021-11-22,BR0024,2110.1,Active
ACC004808,CUST02329,Salary,2022-02-13,BR0020,15176.81,Active
ACC004809,CUST03409,Current,2026-01-10,BR0017,63403.52,Active
ACC004810,CUST00865,Current,2019-12-29,BR0028,42138.09,Active
ACC004811,CUST04618,Current,2020-08-19,BR0027,46300.12,Active
ACC004812,CUST04003,Savings,2021-09-16,BR0010,14036.12,Active
ACC004813,CUST04802,Savings,2022-03-27,BR0022,10023.46,Active
ACC004814,CUST01383,Current,2024-05-13,BR0028,101023.33,Active
ACC004815,CUST00171,Current,2019-09-10,BR0020,12127.36,Active
ACC004816,CUST01269,Savings,2026-05-27,BR0032,31347.77,Active
ACC004817,CUST03955,Current,2024-02-20,BR0024,26795.83,Active
ACC004818,CUST00515,Current,2023-06-16,BR0024,127269.28,Inactive
ACC004819,CUST01655,Current,2026-04-15,BR0007,70664.23,Active
ACC004820,CUST00405,Savings,2021-04-19,BR0022,4654.96,Active
ACC004821,CUST02987,Current,2022-07-25,BR0036,5297.21,Active
ACC004822,CUST02374,Current,2022-03-10,BR0023,44121.03,Active
ACC004823,CUST02755,Current,2021-09-01,BR0028,20389.9,Active
ACC004824,CUST01008,Current,2023-09-15,BR0036,12756.47,Inactive
ACC004825,CUST01759,Savings,2025-04-28,BR0024,74514.83,Active
ACC004826,CUST03963,Salary,2024-04-30,BR0049,27582.9,Active
ACC004827,CUST04170,Savings,2025-11-30,BR0036,23457.58,Active
ACC004828,CUST02918,Savings,2024-02-23,BR0020,56150.7,Blocked
ACC004829,CUST04756,Savings,2020-10-23,BR0002,14042.86,Active
ACC004830,CUST00417,Current,2023-02-11,BR0013,144671.77,Active
ACC004831,CUST00728,Current,2020-01-16,BR0022,8555.61,Active
ACC004832,CUST04581,Current,2021-06-14,BR0050,48451.32,Active
ACC004833,CUST04744,Current,2021-08-21,BR0038,123081.18,Active
ACC004834,CUST03203,Salary,2025-02-19,BR0025,4218.54,Active
ACC004835,CUST01988,Savings,2022-10-31,BR0043,14588.63,Active
ACC004836,CUST00296,Salary,2024-11-16,BR0037,86738.13,Inactive
ACC004837,CUST04241,Salary,2025-10-21,BR0035,88317.49,Active
ACC004838,CUST00201,Savings,2020-09-14,BR0003,17929.55,Active
ACC004839,CUST04521,Savings,2020-02-07,BR0039,9121.55,Active
ACC004840,CUST00885,Current,2020-07-09,BR0014,69363.98,Active
ACC004841,CUST01326,Current,2025-04-28,BR0019,91149.74,Active
ACC004842,CUST01556,Salary,2022-10-20,BR0044,5444.73,Active
ACC004843,CUST01779,Salary,2023-06-28,BR0028,5194.23,Active
ACC004844,CUST04813,Savings,2025-07-12,BR0012,28862.78,Active
ACC004845,CUST01935,Salary,2025-07-21,BR0036,46874.67,Active
ACC004846,CUST04250,Savings,2019-10-21,BR0042,15384.52,Blocked
ACC004847,CUST00515,Salary,2024-10-19,BR0035,49769.25,Active
ACC004848,CUST04328,Current,2026-08-23,BR0019,9394.09,Inactive
ACC004849,CUST03685,Salary,2020-01-20,BR0007,1741.27,Active
ACC004850,CUST03377,Current,2023-12-19,BR0028,13244.25,Active
ACC004851,CUST02237,Savings,2022-10-13,BR0048,23762.85,Active
ACC004852,CUST01906,Current,2024-06-13,BR0033,15819.4,Active
ACC004853,CUST01521,Current,2024-08-03,BR0012,5484.47,Active
ACC004854,CUST03316,Current,2025-09-01,BR0019,2492.95,Active
ACC004855,CUST01220,Salary,2020-03-14,BR0027,11885.73,Active
ACC004856,CUST00246,Current,2026-06-25,BR0030,64678.68,Active
ACC004857,CUST01591,Salary,2022-02-09,BR0049,99452.65,Active
ACC004858,CUST04055,Salary,2022-01-29,BR0028,91606.37,Active
ACC004859,CUST03624,Salary,2024-07-13,BR0042,8274.29,Active
ACC004860,CUST00762,Salary,2021-03-12,BR0045,5516.8,Active
ACC004861,CUST03635,Current,2019-10-14,BR0018,39973.08,Active
ACC004862,CUST01383,Current,2025-09-23,BR0025,47198.62,Active
ACC004863,CUST00724,Current,2023-07-03,BR0017,35603.65,Active
ACC004864,CUST04996,Savings,2021-10-27,BR0037,1964.76,Active
ACC004865,CUST02744,Savings,2024-08-10,BR0006,7783.32,Active
ACC004866,CUST02706,Current,2026-07-08,BR0026,21255.55,Active
ACC004867,CUST01182,Savings,2021-01-21,BR0040,39523.94,Active
ACC004868,CUST01251,Salary,2023-01-28,BR0025,55313.31,Active
ACC004869,CUST04779,Savings,2026-01-30,BR0036,26189.25,Active
ACC004870,CUST03073,Current,2024-09-25,BR0050,32759.25,Inactive
ACC004871,CUST03184,Current,2025-08-27,BR0027,24387.81,Active
ACC004872,CUST04255,Savings,2024-07-09,BR0008,50148.47,Active
ACC004873,CUST04406,Savings,2024-12-15,BR0009,32062.38,Active
ACC004874,CUST01196,Savings,2024-12-21,BR0043,23834.4,Active
ACC004875,CUST01118,Current,2023-03-25,BR0025,15961.86,Active
ACC004876,CUST01126,Savings,2026-03-03,BR0004,24283.44,Active
ACC004877,CUST01703,Savings,2024-12-17,BR0032,39399.55,Active
ACC004878,CUST02211,Savings,2024-07-09,BR0025,30362.71,Active
ACC004879,CUST00527,Savings,2026-07-10,BR0033,34786.74,Active
ACC004880,CUST02465,Salary,2022-11-05,BR0034,110333.87,Inactive
ACC004881,CUST04062,Salary,2026-04-15,BR0016,30278.61,Active
ACC004882,CUST02175,Current,2025-03-27,BR0021,10109.21,Active
ACC004883,CUST02667,Salary,2022-03-03,BR0050,63597.42,Active
ACC004884,CUST03272,Salary,2024-05-08,BR0043,4275.1,Active
ACC004885,CUST03047,Current,2025-02-08,BR0033,6016.76,Active
ACC004886,CUST00018,Savings,2024-10-16,BR0023,32958.9,Active
ACC004887,CUST01080,Current,2026-02-09,BR0041,40932.35,Active
ACC004888,CUST03477,Current,2024-10-03,BR0041,4944.04,Active
ACC004889,CUST04929,Current,2025-12-29,BR0014,13913.56,Inactive
ACC004890,CUST01837,Savings,2025-11-09,BR0030,10643.44,Active
ACC004891,CUST03368,Savings,2025-05-25,BR0017,12283.21,Inactive
ACC004892,CUST02910,Savings,2025-06-02,BR0017,68344.57,Active
ACC004893,CUST01455,Savings,2026-02-14,BR0004,51421.24,Active
ACC004894,CUST00720,Salary,2023-07-13,BR0033,21526.79,Active
ACC004895,CUST02049,Current,2020-05-30,BR0046,11439.71,Active
ACC004896,CUST03021,Savings,2024-02-03,BR0004,4360.84,Active
ACC004897,CUST00679,Salary,2022-03-01,BR0037,121081.84,Active
ACC004898,CUST04323,Current,2020-11-19,BR0043,44825.69,Inactive
ACC004899,CUST00178,Current,2024-03-15,BR0027,9433.26,Active
ACC004900,CUST00830,Savings,2026-04-25,BR0015,52235.59,Active
ACC004901,CUST04484,Current,2022-10-06,BR0004,20246.39,Active
ACC004902,CUST02156,Savings,2024-07-29,BR0012,15606.9,Active
ACC004903,CUST04610,Salary,2022-12-01,BR0031,37132.72,Active
ACC004904,CUST03365,Salary,2025-01-24,BR0014,9047.12,Active
ACC004905,CUST04014,Salary,2024-06-27,BR0038,14581.26,Active
ACC004906,CUST00391,Current,2021-10-05,BR0009,25482.65,Active
ACC004907,CUST04489,Savings,2020-11-24,BR0001,12096.34,Active
ACC004908,CUST04141,Salary,2022-06-17,BR0005,49163.28,Active
ACC004909,CUST04023,Savings,2024-06-16,BR0003,207498.59,Active
ACC004910,CUST01040,Salary,2020-07-10,BR0006,8909.22,Active
ACC004911,CUST02864,Current,2022-02-25,BR0042,2986.48,Active
ACC004912,CUST02421,Salary,2019-10-31,BR0050,1994.03,Active
ACC004913,CUST04904,Savings,2026-03-21,BR0022,18387.72,Active
ACC004914,CUST03876,Savings,2023-11-27,BR0046,9938.81,Active
ACC004915,CUST03517,Savings,2022-04-13,BR0008,28266.5,Active
ACC004916,CUST01766,Current,2024-06-29,BR0033,25825.49,Active
ACC004917,CUST00367,Current,2024-11-29,BR0001,3216.79,Active
ACC004918,CUST03926,Salary,2026-05-22,BR0048,2495.24,Active
ACC004919,CUST01012,Savings,2021-04-21,BR0003,31417.49,Active
ACC004920,CUST00089,Salary,2021-02-20,BR0049,25913.38,Active
ACC004921,CUST01147,Savings,2021-04-08,BR0026,13213.82,Active
ACC004922,CUST03734,Current,2020-07-27,BR0022,3015.22,Active
ACC004923,CUST01648,Current,2021-03-22,BR0008,38780.37,Active
ACC004924,CUST03662,Savings,2026-04-15,BR0010,101344.36,Active
ACC004925,CUST02014,Savings,2026-07-07,BR0040,30747.96,Active
ACC004926,CUST02311,Savings,2026-08-14,BR0006,7966.75,Active
ACC004927,CUST03482,Current,2021-07-18,BR0023,23236.11,Active
ACC004928,CUST00355,Savings,2022-02-25,BR0015,4275.53,Active
ACC004929,CUST00709,Current,2026-04-16,BR0023,78397.93,Active
ACC004930,CUST00182,Current,2020-11-06,BR0049,24299.55,Active
ACC004931,CUST03717,Current,2026-04-02,BR0022,2639.15,Active
ACC004932,CUST03449,Current,2023-04-22,BR0009,15354.91,Active
ACC004933,CUST01983,Current,2023-02-01,BR0041,38405.72,Active
ACC004934,CUST00471,Savings,2024-06-12,BR0030,14769.84,Active
ACC004935,CUST00924,Savings,2024-05-30,BR0001,15818.34,Active
ACC004936,CUST02919,Salary,2020-02-12,BR0044,5068.08,Active
ACC004937,CUST04505,Current,2023-02-13,BR0003,43470.99,Active
ACC004938,CUST00023,Current,2024-12-10,BR0030,10115.63,Inactive
ACC004939,CUST00582,Savings,2025-08-07,BR0006,1656.17,Active
ACC004940,CUST00749,Current,2019-11-05,BR0030,14107.91,Active
ACC004941,CUST04906,Savings,2024-05-24,BR0012,71494.78,Inactive
ACC004942,CUST02990,Savings,2023-09-03,BR0037,13845.07,Active
ACC004943,CUST01896,Savings,2020-12-19,BR0041,177297.07,Active
ACC004944,CUST02234,Salary,2023-01-13,BR0019,36855.55,Active
ACC004945,CUST02619,Savings,2025-02-04,BR0027,33074.23,Active
ACC004946,CUST00460,Current,2020-08-25,BR0038,18881.2,Active
ACC004947,CUST01191,Savings,2023-07-16,BR0046,20293.51,Active
ACC004948,CUST00263,Savings,2026-02-23,BR0018,16056.86,Active
ACC004949,CUST02172,Current,2023-03-15,BR0048,15325.55,Active
ACC004950,CUST02739,Salary,2019-11-28,BR0044,41649.33,Active
ACC004951,CUST00905,Salary,2025-02-09,BR0002,7165.28,Active
ACC004952,CUST00283,Current,2023-05-30,BR0005,6056.74,Active
ACC004953,CUST00531,Current,2021-02-16,BR0046,5722.53,Active
ACC004954,CUST04133,Savings,2026-01-08,BR0050,256474.74,Active
ACC004955,CUST00409,Salary,2021-06-26,BR0015,41623.14,Active
ACC004956,CUST03206,Current,2022-04-13,BR0047,31741.83,Active
ACC004957,CUST03414,Savings,2024-06-05,BR0049,6191.81,Active
ACC004958,CUST02587,Current,2025-10-23,BR0046,46537.36,Active
ACC004959,CUST02480,Savings,2021-08-03,BR0030,19151.08,Active
ACC004960,CUST00434,Savings,2024-01-27,BR0037,28481.29,Active
ACC004961,CUST02309,Savings,2024-10-23,BR0026,6823.01,Active
ACC004962,CUST02159,Savings,2021-07-10,BR0029,26697.43,Active
ACC004963,CUST00271,Salary,2022-06-03,BR0042,13245.32,Active
ACC004964,CUST03789,Savings,2025-05-08,BR0048,8789.09,Active
ACC004965,CUST00504,Savings,2025-04-14,BR0012,53152.88,Active
ACC004966,CUST01390,Salary,2024-10-09,BR0044,3479.87,Active
ACC004967,CUST01835,Savings,2022-09-23,BR0041,43379.03,Active
ACC004968,CUST03856,Savings,2025-03-07,BR0029,50080.32,Active
ACC004969,CUST04417,Current,2021-09-21,BR0025,7665.06,Active
ACC004970,CUST03720,Current,2024-01-28,BR0039,8230.53,Active
ACC004971,CUST00302,Current,2020-10-29,BR0039,16854.44,Active
ACC004972,CUST01940,Salary,2025-03-29,BR0050,30897.9,Active
ACC004973,CUST00251,Salary,2024-06-03,BR0005,18335.13,Blocked
ACC004974,CUST02844,Salary,2026-02-01,BR0024,37059.31,Active
ACC004975,CUST04831,Savings,2019-10-19,BR0050,182695.4,Active
ACC004976,CUST04491,Savings,2026-08-12,BR0016,11976.96,Active
ACC004977,CUST00604,Current,2022-01-26,BR0038,2812.37,Active
ACC004978,CUST03079,Current,2019-09-04,BR0042,59344.12,Active
ACC004979,CUST04253,Salary,2022-07-31,BR0046,166038.92,Active
ACC004980,CUST02458,Savings,2023-02-11,BR0025,35288.84,Active
ACC004981,CUST02425,Current,2025-04-17,BR0010,5971.19,Inactive
ACC004982,CUST02737,Salary,2020-08-26,BR0013,18983.57,Active
ACC004983,CUST03020,Current,2020-11-10,BR0002,5754.7,Active
ACC004984,CUST03131,Current,2025-07-24,BR0001,47639.93,Active
ACC004985,CUST03211,Savings,2024-06-19,BR0001,4352.26,Active
ACC004986,CUST02625,Current,2024-11-02,BR0010,15364.97,Active
ACC004987,CUST01494,Current,2023-05-05,BR0008,6599.8,Active
ACC004988,CUST01312,Current,2022-07-21,BR0002,25647.2,Active
ACC004989,CUST03138,Salary,2019-11-27,BR0005,14191.38,Active
ACC004990,CUST03573,Salary,2024-04-27,BR0002,27231.09,Active
ACC004991,CUST00217,Salary,2026-06-29,BR0015,22625.22,Active
ACC004992,CUST00027,Salary,2026-04-27,BR0042,6741.31,Active
ACC004993,CUST02281,Salary,2020-11-25,BR0001,46735.18,Active
ACC004994,CUST00551,Salary,2023-02-08,BR0030,20774.49,Active
ACC004995,CUST01609,Savings,2024-09-02,BR0032,6726.2,Active
ACC004996,CUST01377,Salary,2026-02-20,BR0002,324198.7,Active
ACC004997,CUST04292,Current,2022-09-13,BR0030,39015.57,Active
ACC004998,CUST04062,Savings,2024-04-12,BR0006,18326.21,Active
ACC004999,CUST04823,Current,2025-05-27,BR0009,120360.35,Active
ACC005000,CUST04150,Savings,2020-11-23,BR0007,200822.91,Active
ACC005001,CUST02752,Current,2023-05-05,BR0042,18501.01,Active
ACC005002,CUST04915,Current,2025-04-09,BR0020,33418.9,Active
ACC005003,CUST04022,Current,2021-11-29,BR0013,6730.45,Active
ACC005004,CUST04872,Current,2020-06-11,BR0025,18460.13,Active
ACC005005,CUST04612,Salary,2026-04-25,BR0008,17346.13,Blocked
ACC005006,CUST01371,Savings,2024-05-01,BR0003,27495.91,Active
ACC005007,CUST00985,Savings,2022-11-26,BR0024,32837.04,Active
ACC005008,CUST04661,Salary,2024-07-09,BR0043,43122.24,Active
ACC005009,CUST02313,Salary,2022-11-13,BR0034,29294.97,Active
ACC005010,CUST04996,Savings,2022-07-31,BR0023,5151.84,Active
ACC005011,CUST04064,Current,2023-02-10,BR0007,7142.65,Active
ACC005012,CUST02177,Salary,2025-01-04,BR0034,11433.59,Active
ACC005013,CUST03874,Savings,2020-04-08,BR0024,15698.36,Active
ACC005014,CUST04514,Savings,2021-06-29,BR0047,77724.76,Active
ACC005015,CUST04069,Current,2019-10-11,BR0033,5456.01,Active
ACC005016,CUST02312,Current,2024-06-05,BR0029,14344.21,Active
ACC005017,CUST03063,Salary,2023-10-01,BR0040,69120.83,Active
ACC005018,CUST02729,Salary,2026-07-12,BR0036,15369.6,Active
ACC005019,CUST04400,Savings,2023-04-10,BR0024,38272.95,Active
ACC005020,CUST04741,Salary,2020-06-26,BR0031,18630.39,Active
ACC005021,CUST01454,Current,2025-05-13,BR0010,29975.63,Active
ACC005022,CUST00658,Salary,2025-06-25,BR0013,16744.63,Active
ACC005023,CUST03113,Current,2020-11-20,BR0028,49044.27,Active
ACC005024,CUST01009,Savings,2026-03-03,BR0025,3449.32,Active
ACC005025,CUST00917,Salary,2021-04-08,BR0006,14243.07,Active
ACC005026,CUST04795,Salary,2026-07-07,BR0013,31441.6,Active
ACC005027,CUST01958,Salary,2024-02-23,BR0003,41790.92,Active
ACC005028,CUST00626,Savings,2022-04-26,BR0049,132130.21,Active
ACC005029,CUST04562,Savings,2024-07-05,BR0003,13777.2,Active
ACC005030,CUST03223,Salary,2022-07-07,BR0009,130011.49,Active
ACC005031,CUST03912,Current,2026-01-12,BR0015,9988.32,Active
ACC005032,CUST02716,Savings,2020-09-02,BR0028,108485.92,Active
ACC005033,CUST00437,Savings,2021-10-16,BR0039,58744.95,Active
ACC005034,CUST04497,Current,2021-04-13,BR0017,7360.25,Active
ACC005035,CUST01015,Savings,2026-04-05,BR0012,31839.0,Active
ACC005036,CUST03304,Salary,2021-12-02,BR0043,20713.0,Active
ACC005037,CUST02379,Salary,2023-01-15,BR0024,46662.75,Active
ACC005038,CUST01891,Salary,2024-04-03,BR0011,16849.46,Active
ACC005039,CUST01126,Salary,2020-11-30,BR0015,15234.3,Active
ACC005040,CUST03770,Salary,2021-09-11,BR0028,113881.48,Active
ACC005041,CUST00067,Savings,2024-08-24,BR0037,19565.73,Active
ACC005042,CUST03600,Current,2026-06-03,BR0049,59379.65,Active
ACC005043,CUST00455,Current,2026-03-24,BR0021,16807.46,Inactive
ACC005044,CUST04055,Salary,2022-04-17,BR0031,162754.13,Active
ACC005045,CUST04609,Savings,2023-12-24,BR0030,9759.52,Active
ACC005046,CUST00608,Savings,2021-12-17,BR0043,10541.0,Active
ACC005047,CUST02473,Salary,2024-12-22,BR0021,137230.96,Active
ACC005048,CUST02029,Salary,2019-12-30,BR0045,12913.96,Active
ACC005049,CUST02707,Current,2019-11-25,BR0023,150435.42,Active
ACC005050,CUST04814,Savings,2021-01-17,BR0030,64228.91,Active
ACC005051,CUST02226,Salary,2023-09-20,BR0003,18295.68,Active
ACC005052,CUST01541,Current,2026-01-18,BR0038,2500.0,Active
ACC005053,CUST03057,Current,2021-07-21,BR0042,21521.72,Active
ACC005054,CUST03422,Savings,2019-08-29,BR0040,24883.4,Active
ACC005055,CUST01635,Salary,2019-09-15,BR0007,89380.81,Active
ACC005056,CUST03094,Current,2025-04-30,BR0001,148173.12,Active
ACC005057,CUST04400,Current,2024-01-08,BR0021,9681.92,Active
ACC005058,CUST04691,Current,2023-05-06,BR0015,57608.08,Active
ACC005059,CUST04745,Salary,2024-10-03,BR0018,55186.99,Active
ACC005060,CUST00870,Savings,2022-12-21,BR0046,79865.18,Active
ACC005061,CUST02457,Savings,2022-12-17,BR0032,40071.79,Active
ACC005062,CUST04858,Current,2020-03-07,BR0017,2140.95,Active
ACC005063,CUST02858,Current,2020-02-13,BR0038,18278.72,Active
ACC005064,CUST00012,Savings,2020-08-22,BR0034,5503.56,Active
ACC005065,CUST04137,Salary,2026-02-21,BR0041,17272.54,Active
ACC005066,CUST00931,Savings,2022-12-10,BR0010,71396.57,Active
ACC005067,CUST04803,Savings,2023-12-08,BR0024,31766.93,Active
ACC005068,CUST02630,Savings,2021-05-14,BR0034,87352.68,Active
ACC005069,CUST04119,Salary,2020-04-15,BR0005,33193.35,Active
ACC005070,CUST02662,Salary,2020-05-04,BR0032,4637.86,Active
ACC005071,CUST01546,Current,2025-05-02,BR0030,1069.54,Active
ACC005072,CUST00436,Salary,2021-04-17,BR0006,26332.8,Active
ACC005073,CUST03376,Current,2026-07-29,BR0044,17039.48,Active
ACC005074,CUST01535,Current,2024-11-08,BR0022,6820.34,Active
ACC005075,CUST02326,Current,2022-07-01,BR0011,2861.92,Active
ACC005076,CUST01458,Savings,2019-11-13,BR0015,9120.76,Active
ACC005077,CUST02054,Current,2020-01-21,BR0040,17441.54,Active
ACC005078,CUST01390,Savings,2020-03-18,BR0043,48974.42,Active
ACC005079,CUST02331,Savings,2022-11-03,BR0032,27621.71,Active
ACC005080,CUST00683,Current,2024-02-20,BR0016,151703.11,Active
ACC005081,CUST01877,Current,2020-02-15,BR0025,6356.77,Active
ACC005082,CUST00509,Salary,2024-11-08,BR0022,63403.27,Active
ACC005083,CUST02124,Current,2025-03-01,BR0044,23312.82,Active
ACC005084,CUST00415,Current,2022-01-09,BR0004,50696.03,Active
ACC005085,CUST02047,Salary,2020-04-30,BR0034,13045.29,Active
ACC005086,CUST00631,Savings,2022-02-21,BR0029,79699.33,Active
ACC005087,CUST02929,Savings,2025-01-02,BR0026,31390.79,Active
ACC005088,CUST01094,Savings,2024-10-22,BR0017,9746.52,Active
ACC005089,CUST00700,Salary,2020-04-09,BR0012,21710.93,Active
ACC005090,CUST01397,Savings,2025-12-04,BR0019,16523.4,Active
ACC005091,CUST03995,Current,2022-05-20,BR0026,39617.02,Active
ACC005092,CUST04216,Savings,2020-02-10,BR0039,5346.88,Active
ACC005093,CUST02074,Salary,2023-07-03,BR0006,21264.15,Active
ACC005094,CUST02751,Current,2023-02-12,BR0008,35396.52,Active
ACC005095,CUST01615,Current,2026-03-25,BR0026,22916.86,Active
ACC005096,CUST00102,Savings,2021-02-26,BR0034,110893.94,Active
ACC005097,CUST04893,Savings,2025-01-01,BR0022,55760.85,Active
ACC005098,CUST02618,Salary,2024-02-02,BR0008,21829.62,Active
ACC005099,CUST00811,Salary,2021-04-25,BR0024,28567.56,Active
ACC005100,CUST04496,Savings,2024-08-08,BR0037,31407.4,Active
ACC005101,CUST02697,Savings,2023-06-03,BR0048,35737.63,Active
ACC005102,CUST04855,Savings,2025-02-09,BR0011,2463.18,Active
ACC005103,CUST04792,Savings,2023-02-23,BR0042,15339.22,Active
ACC005104,CUST02320,Savings,2024-12-24,BR0037,3709.58,Active
ACC005105,CUST04978,Current,2020-11-14,BR0033,102123.4,Active
ACC005106,CUST00903,Current,2020-01-29,BR0001,20475.42,Active
ACC005107,CUST01773,Salary,2025-11-09,BR0024,17465.64,Active
ACC005108,CUST03251,Salary,2022-10-13,BR0038,64612.09,Active
ACC005109,CUST00992,Current,2021-07-11,BR0011,36562.92,Active
ACC005110,CUST01261,Savings,2025-01-26,BR0008,5685.3,Active
ACC005111,CUST00251,Savings,2022-01-11,BR0029,20229.83,Active
ACC005112,CUST00352,Savings,2021-12-12,BR0004,14732.33,Active
ACC005113,CUST04146,Salary,2019-10-17,BR0020,2715.04,Active
ACC005114,CUST03571,Salary,2023-11-11,BR0033,9620.66,Active
ACC005115,CUST04265,Current,2023-05-26,BR0026,17672.26,Active
ACC005116,CUST02436,Salary,2023-06-01,BR0005,19188.36,Active
ACC005117,CUST01204,Current,2024-09-28,BR0012,3719.42,Active
ACC005118,CUST04915,Savings,2022-01-16,BR0016,87728.2,Active
ACC005119,CUST03745,Salary,2022-12-21,BR0021,19486.48,Inactive
ACC005120,CUST00834,Current,2021-01-11,BR0020,23041.76,Inactive
ACC005121,CUST04725,Savings,2020-02-22,BR0021,35623.83,Active
ACC005122,CUST01225,Salary,2025-09-22,BR0008,8555.32,Active
ACC005123,CUST00209,Savings,2023-06-21,BR0007,38086.96,Active
ACC005124,CUST04239,Current,2020-11-02,BR0009,14178.9,Active
ACC005125,CUST02944,Current,2025-10-28,BR0035,7510.8,Active
ACC005126,CUST01932,Current,2023-01-29,BR0012,43832.77,Active
ACC005127,CUST00102,Salary,2026-02-20,BR0009,131927.61,Active
ACC005128,CUST02063,Current,2023-02-24,BR0012,52564.45,Inactive
ACC005129,CUST03905,Savings,2025-05-11,BR0041,66674.18,Active
ACC005130,CUST01296,Savings,2020-10-02,BR0009,11792.79,Active
ACC005131,CUST02074,Savings,2024-09-20,BR0016,3238.47,Active
ACC005132,CUST03613,Savings,2020-10-25,BR0029,131684.61,Active
ACC005133,CUST00243,Current,2022-07-31,BR0050,259216.23,Active
ACC005134,CUST01622,Salary,2019-10-25,BR0041,140276.13,Active
ACC005135,CUST04834,Salary,2024-05-16,BR0032,14721.39,Active
ACC005136,CUST03495,Salary,2026-06-11,BR0026,5510.66,Active
ACC005137,CUST02478,Savings,2020-06-07,BR0035,6131.41,Active
ACC005138,CUST04090,Current,2025-12-29,BR0009,2920.53,Active
ACC005139,CUST03677,Salary,2023-11-01,BR0022,19363.51,Active
ACC005140,CUST02393,Salary,2025-10-25,BR0004,151268.78,Active
ACC005141,CUST01792,Salary,2024-12-20,BR0003,18583.04,Active
ACC005142,CUST03035,Savings,2023-09-07,BR0002,31659.31,Active
ACC005143,CUST04902,Salary,2022-12-02,BR0032,114773.55,Inactive
ACC005144,CUST01185,Current,2020-01-21,BR0030,13562.79,Active
ACC005145,CUST01127,Current,2021-01-07,BR0018,253378.01,Active
ACC005146,CUST02838,Current,2024-06-16,BR0005,240509.12,Active
ACC005147,CUST04357,Salary,2025-08-06,BR0043,18819.83,Active
ACC005148,CUST01458,Current,2024-10-07,BR0028,11014.4,Active
ACC005149,CUST01917,Salary,2020-03-20,BR0036,50852.56,Active
ACC005150,CUST01518,Savings,2026-03-11,BR0036,14515.47,Active
ACC005151,CUST04517,Savings,2026-04-07,BR0033,5497.97,Active
ACC005152,CUST03124,Salary,2021-11-21,BR0013,102486.5,Inactive
ACC005153,CUST01364,Current,2019-11-04,BR0036,94820.12,Active
ACC005154,CUST04227,Savings,2023-01-11,BR0031,26545.46,Active
ACC005155,CUST00326,Current,2024-02-08,BR0012,4839.48,Active
ACC005156,CUST01903,Current,2025-05-22,BR0030,5037.01,Active
ACC005157,CUST01893,Savings,2024-03-09,BR0034,25051.15,Active
ACC005158,CUST03009,Salary,2021-11-19,BR0016,12090.25,Active
ACC005159,CUST00661,Salary,2020-03-21,BR0028,14627.94,Active
ACC005160,CUST04860,Savings,2021-04-23,BR0044,75083.48,Active
ACC005161,CUST01567,Current,2021-05-03,BR0016,53093.79,Active
ACC005162,CUST03831,Salary,2021-05-16,BR0004,115124.71,Active
ACC005163,CUST03845,Salary,2023-07-06,BR0001,6709.31,Active
ACC005164,CUST03072,Savings,2021-08-16,BR0047,14591.15,Active
ACC005165,CUST02438,Salary,2020-05-29,BR0019,54763.44,Active
ACC005166,CUST04993,Salary,2020-10-11,BR0026,37710.51,Active
ACC005167,CUST02839,Current,2022-04-28,BR0025,138531.98,Active
ACC005168,CUST03397,Savings,2022-09-10,BR0050,36484.55,Active
ACC005169,CUST04480,Savings,2025-09-24,BR0021,202345.3,Active
ACC005170,CUST02937,Savings,2021-02-08,BR0040,42109.19,Active
ACC005171,CUST02108,Salary,2021-05-16,BR0018,78794.69,Active
ACC005172,CUST02277,Salary,2022-08-01,BR0011,14939.77,Active
ACC005173,CUST03038,Salary,2023-01-23,BR0022,22407.36,Active
ACC005174,CUST01607,Savings,2020-07-28,BR0046,65718.34,Active
ACC005175,CUST02683,Salary,2023-08-16,BR0005,152599.76,Active
ACC005176,CUST00789,Salary,2024-04-13,BR0027,52843.2,Active
ACC005177,CUST02904,Savings,2020-04-27,BR0048,19934.23,Active
ACC005178,CUST00816,Savings,2023-08-07,BR0039,115013.18,Active
ACC005179,CUST02529,Current,2019-09-28,BR0007,1587.04,Active
ACC005180,CUST03514,Savings,2021-05-23,BR0026,3997.08,Active
ACC005181,CUST04960,Savings,2021-01-17,BR0022,49909.22,Active
ACC005182,CUST02063,Savings,2025-06-01,BR0032,22402.55,Active
ACC005183,CUST01167,Savings,2020-07-06,BR0016,45552.3,Active
ACC005184,CUST03440,Salary,2020-04-26,BR0032,23796.39,Active
ACC005185,CUST03819,Savings,2024-10-11,BR0046,43701.37,Active
ACC005186,CUST01414,Savings,2021-01-14,BR0041,8289.27,Active
ACC005187,CUST00918,Savings,2019-08-27,BR0034,43677.28,Active
ACC005188,CUST00518,Salary,2022-11-18,BR0040,72641.92,Active
ACC005189,CUST04672,Savings,2020-08-09,BR0023,95288.15,Inactive
ACC005190,CUST02517,Salary,2021-07-06,BR0029,246783.12,Active
ACC005191,CUST02623,Savings,2026-01-12,BR0008,29522.8,Active
ACC005192,CUST01321,Current,2023-03-28,BR0048,30598.1,Active
ACC005193,CUST04763,Current,2021-09-03,BR0016,3541.1,Active
ACC005194,CUST04080,Savings,2024-01-06,BR0005,11641.21,Active
ACC005195,CUST04968,Savings,2025-05-06,BR0016,17471.07,Blocked
ACC005196,CUST00862,Savings,2022-05-09,BR0035,77682.36,Active
ACC005197,CUST01327,Savings,2020-10-10,BR0004,10580.82,Active
ACC005198,CUST02739,Salary,2023-08-18,BR0017,57274.34,Active
ACC005199,CUST00216,Savings,2023-11-13,BR0016,21983.64,Active
ACC005200,CUST04363,Savings,2024-04-17,BR0033,17807.91,Active
ACC005201,CUST01995,Salary,2024-07-11,BR0027,29693.18,Active
ACC005202,CUST03050,Salary,2022-08-01,BR0006,13775.02,Active
ACC005203,CUST00365,Savings,2022-11-06,BR0005,13162.87,Active
ACC005204,CUST02495,Savings,2020-09-05,BR0046,2847.67,Active
ACC005205,CUST04457,Savings,2021-04-08,BR0029,16357.72,Active
ACC005206,CUST04242,Current,2021-07-04,BR0028,12382.48,Active
ACC005207,CUST04507,Current,2023-06-16,BR0035,11858.77,Active
ACC005208,CUST01570,Savings,2020-04-12,BR0049,36324.5,Active
ACC005209,CUST04653,Salary,2025-05-01,BR0037,48550.43,Active
ACC005210,CUST00089,Savings,2024-04-14,BR0043,29104.07,Active
ACC005211,CUST00169,Current,2022-03-04,BR0013,72729.2,Active
ACC005212,CUST04060,Current,2022-04-06,BR0014,43944.13,Active
ACC005213,CUST02514,Current,2021-11-25,BR0009,15458.78,Active
ACC005214,CUST03370,Current,2024-09-09,BR0005,12639.38,Active
ACC005215,CUST00171,Current,2020-01-25,BR0026,32060.71,Active
ACC005216,CUST00099,Salary,2025-10-28,BR0019,43849.58,Active
ACC005217,CUST01000,Savings,2021-01-31,BR0022,117878.91,Active
ACC005218,CUST03730,Salary,2024-07-28,BR0020,91987.47,Active
ACC005219,CUST03870,Savings,2022-05-25,BR0044,11501.5,Active
ACC005220,CUST01901,Salary,2020-01-21,BR0023,19488.75,Active
ACC005221,CUST03804,Savings,2020-11-05,BR0043,49277.43,Active
ACC005222,CUST03095,Savings,2023-01-06,BR0046,79347.91,Active
ACC005223,CUST04915,Salary,2022-02-24,BR0038,67966.03,Active
ACC005224,CUST04537,Current,2023-12-28,BR0032,20401.15,Active
ACC005225,CUST03588,Current,2020-01-06,BR0005,4891.1,Active
ACC005226,CUST03936,Current,2026-08-08,BR0043,6642.72,Active
ACC005227,CUST01746,Salary,2020-06-14,BR0035,30551.23,Active
ACC005228,CUST04701,Savings,2023-04-26,BR0040,33212.14,Active
ACC005229,CUST01317,Savings,2021-12-28,BR0018,5893.38,Active
ACC005230,CUST01842,Savings,2022-01-26,BR0018,23236.59,Active
ACC005231,CUST04809,Current,2020-02-06,BR0021,46979.62,Active
ACC005232,CUST04107,Current,2021-08-29,BR0033,5533.24,Active
ACC005233,CUST00693,Salary,2023-06-29,BR0048,82950.28,Active
ACC005234,CUST01830,Current,2021-05-23,BR0008,14002.1,Active
ACC005235,CUST00251,Current,2025-06-14,BR0038,99621.74,Active
ACC005236,CUST02554,Salary,2021-10-11,BR0044,11612.73,Active
ACC005237,CUST00877,Current,2020-07-06,BR0032,6425.63,Active
ACC005238,CUST04178,Current,2023-01-14,BR0040,12711.16,Active
ACC005239,CUST04660,Savings,2023-08-26,BR0050,19649.8,Blocked
ACC005240,CUST02665,Savings,2024-03-11,BR0043,13819.34,Active
ACC005241,CUST01149,Savings,2020-07-27,BR0024,16997.1,Active
ACC005242,CUST02505,Salary,2020-11-08,BR0013,32884.55,Active
ACC005243,CUST04781,Savings,2023-08-04,BR0029,17936.35,Active
ACC005244,CUST04617,Current,2025-12-13,BR0017,20346.52,Active
ACC005245,CUST03364,Savings,2026-05-18,BR0034,2832.54,Active
ACC005246,CUST03445,Current,2023-11-25,BR0001,35243.54,Active
ACC005247,CUST00447,Salary,2025-04-29,BR0030,19790.48,Inactive
ACC005248,CUST00612,Current,2024-01-07,BR0013,152108.84,Active
ACC005249,CUST02287,Savings,2021-02-05,BR0004,7133.25,Active
ACC005250,CUST02838,Current,2021-03-27,BR0044,2515.04,Active
ACC005251,CUST02758,Savings,2020-04-15,BR0044,46243.78,Active
ACC005252,CUST02314,Savings,2019-10-08,BR0029,33384.01,Active
ACC005253,CUST04229,Salary,2021-01-08,BR0038,6567.45,Active
ACC005254,CUST03736,Current,2025-01-31,BR0045,3513.27,Inactive
ACC005255,CUST04306,Salary,2020-06-07,BR0038,139368.4,Active
ACC005256,CUST01350,Salary,2023-10-31,BR0046,120202.42,Active
ACC005257,CUST01110,Savings,2026-08-18,BR0049,1113.26,Active
ACC005258,CUST00318,Current,2024-08-28,BR0050,12709.85,Active
ACC005259,CUST00075,Current,2024-03-18,BR0002,162272.2,Active
ACC005260,CUST02543,Current,2021-03-14,BR0049,12440.65,Inactive
ACC005261,CUST01023,Savings,2020-07-08,BR0019,12225.33,Active
ACC005262,CUST03634,Current,2024-12-28,BR0043,15688.59,Active
ACC005263,CUST00128,Current,2021-04-17,BR0007,5738.33,Inactive
ACC005264,CUST00189,Salary,2021-11-14,BR0020,2847.71,Active
ACC005265,CUST03350,Current,2024-01-25,BR0006,77890.31,Active
ACC005266,CUST02107,Current,2023-03-22,BR0010,2412.64,Inactive
ACC005267,CUST01033,Current,2021-02-09,BR0020,29635.43,Active
ACC005268,CUST04077,Savings,2024-07-08,BR0045,63824.69,Active
ACC005269,CUST04495,Current,2024-04-17,BR0031,3860.41,Active
ACC005270,CUST00129,Savings,2022-07-17,BR0033,7265.39,Active
ACC005271,CUST00113,Savings,2025-11-24,BR0016,94448.98,Active
ACC005272,CUST03795,Savings,2023-10-30,BR0045,41750.64,Active
ACC005273,CUST02407,Savings,2026-04-28,BR0049,10501.33,Active
ACC005274,CUST02002,Savings,2025-11-13,BR0020,93218.25,Active
ACC005275,CUST03467,Salary,2025-06-28,BR0037,93699.01,Blocked
ACC005276,CUST03956,Salary,2024-10-22,BR0017,30420.23,Active
ACC005277,CUST00491,Savings,2023-05-17,BR0041,7478.65,Active
ACC005278,CUST02137,Savings,2021-08-21,BR0033,13411.42,Blocked
ACC005279,CUST03802,Current,2026-02-04,BR0040,31059.63,Active
ACC005280,CUST04098,Salary,2023-04-10,BR0037,17565.4,Active
ACC005281,CUST03310,Salary,2021-08-14,BR0011,67965.03,Active
ACC005282,CUST00183,Current,2026-08-24,BR0034,3513.16,Active
ACC005283,CUST01570,Savings,2024-03-27,BR0006,3666.1,Active
ACC005284,CUST02363,Savings,2021-09-19,BR0009,27365.69,Active
ACC005285,CUST02166,Current,2020-08-17,BR0045,12211.66,Active
ACC005286,CUST03045,Savings,2024-01-12,BR0033,10379.02,Active
ACC005287,CUST01361,Current,2021-02-26,BR0024,2639.47,Active
ACC005288,CUST03889,Savings,2024-04-09,BR0002,22549.2,Active
ACC005289,CUST01983,Current,2025-06-12,BR0018,20675.28,Active
ACC005290,CUST01267,Current,2022-05-11,BR0025,48251.14,Active
ACC005291,CUST03843,Current,2023-02-14,BR0002,23925.19,Inactive
ACC005292,CUST02709,Savings,2019-11-24,BR0025,18786.15,Active
ACC005293,CUST00749,Salary,2022-07-12,BR0043,90436.28,Active
ACC005294,CUST01012,Savings,2021-08-06,BR0022,4559.82,Active
ACC005295,CUST00545,Savings,2024-07-08,BR0038,41926.24,Active
ACC005296,CUST00222,Salary,2026-01-12,BR0009,2964.97,Active
ACC005297,CUST00095,Current,2023-06-22,BR0007,8054.34,Active
ACC005298,CUST03294,Salary,2025-12-07,BR0038,5140.02,Active
ACC005299,CUST00271,Current,2019-11-05,BR0009,56293.31,Active
ACC005300,CUST02534,Current,2023-11-04,BR0011,20363.67,Active
ACC005301,CUST03473,Current,2026-05-01,BR0042,21672.43,Blocked
ACC005302,CUST02002,Salary,2025-08-17,BR0049,5836.7,Active
ACC005303,CUST01640,Salary,2024-08-27,BR0017,15373.0,Active
ACC005304,CUST02589,Current,2024-04-13,BR0008,8811.75,Active
ACC005305,CUST03354,Savings,2025-10-07,BR0044,34896.65,Active
ACC005306,CUST04677,Salary,2025-01-24,BR0040,6705.55,Active
ACC005307,CUST01161,Current,2023-04-18,BR0045,108635.47,Active
ACC005308,CUST02255,Current,2023-01-28,BR0021,2949.24,Active
ACC005309,CUST02595,Salary,2025-06-10,BR0010,8368.05,Active
ACC005310,CUST01043,Salary,2020-08-29,BR0042,164825.17,Active
ACC005311,CUST00492,Salary,2023-07-05,BR0007,13066.85,Active
ACC005312,CUST04756,Salary,2023-09-20,BR0020,4546.65,Inactive
ACC005313,CUST01499,Savings,2025-08-09,BR0009,28649.35,Active
ACC005314,CUST04548,Current,2020-03-02,BR0038,12450.66,Active
ACC005315,CUST02850,Salary,2023-01-28,BR0004,8078.45,Active
ACC005316,CUST02731,Salary,2023-11-15,BR0011,5913.27,Active
ACC005317,CUST00248,Current,2021-08-28,BR0002,610509.01,Active
ACC005318,CUST04062,Current,2023-02-04,BR0003,16287.25,Active
ACC005319,CUST04166,Savings,2024-01-22,BR0038,2184.89,Active
ACC005320,CUST03696,Savings,2026-04-14,BR0024,132250.31,Active
ACC005321,CUST02415,Savings,2026-07-09,BR0023,45857.09,Active
ACC005322,CUST03878,Current,2020-11-23,BR0032,8780.08,Active
ACC005323,CUST02337,Current,2026-05-22,BR0037,7188.64,Active
ACC005324,CUST04812,Savings,2019-10-13,BR0003,49422.81,Active
ACC005325,CUST02313,Savings,2022-10-03,BR0004,16378.06,Active
ACC005326,CUST03167,Salary,2026-02-25,BR0035,2183.81,Active
ACC005327,CUST01112,Current,2019-09-01,BR0020,188092.28,Active
ACC005328,CUST01032,Salary,2022-11-06,BR0043,13084.86,Active
ACC005329,CUST02991,Savings,2024-03-31,BR0032,132546.14,Active
ACC005330,CUST01867,Salary,2020-11-14,BR0023,102142.27,Active
ACC005331,CUST02378,Salary,2020-05-14,BR0025,6626.21,Active
ACC005332,CUST00825,Savings,2025-04-03,BR0008,76101.85,Active
ACC005333,CUST02083,Savings,2021-02-07,BR0030,10079.6,Active
ACC005334,CUST02953,Current,2021-03-08,BR0023,2344.81,Active
ACC005335,CUST04941,Current,2021-07-21,BR0003,13233.17,Active
ACC005336,CUST03557,Savings,2024-12-31,BR0037,35495.63,Active
ACC005337,CUST01824,Savings,2022-08-15,BR0041,12641.19,Active
ACC005338,CUST03840,Savings,2022-06-09,BR0029,15237.91,Active
ACC005339,CUST03254,Savings,2025-05-19,BR0024,86879.66,Active
ACC005340,CUST00854,Salary,2021-01-01,BR0031,25029.06,Active
ACC005341,CUST01019,Salary,2020-05-19,BR0026,8006.76,Active
ACC005342,CUST01783,Savings,2022-12-30,BR0024,51145.84,Active
ACC005343,CUST01894,Salary,2025-06-03,BR0044,27923.13,Inactive
ACC005344,CUST04789,Current,2025-04-05,BR0016,1068.57,Active
ACC005345,CUST04895,Salary,2022-10-06,BR0034,36828.36,Active
ACC005346,CUST02191,Savings,2019-10-11,BR0030,35249.07,Active
ACC005347,CUST02929,Savings,2026-04-05,BR0044,22564.78,Active
ACC005348,CUST03502,Savings,2022-07-01,BR0032,64218.12,Active
ACC005349,CUST02168,Salary,2024-03-26,BR0027,9829.35,Active
ACC005350,CUST02754,Current,2023-06-15,BR0039,32984.72,Active
ACC005351,CUST02903,Salary,2020-07-16,BR0040,3359.84,Active
ACC005352,CUST03739,Salary,2025-06-28,BR0033,35900.57,Active
ACC005353,CUST01420,Current,2021-11-26,BR0047,229503.06,Active
ACC005354,CUST00895,Current,2023-02-04,BR0046,6675.32,Active
ACC005355,CUST01178,Current,2024-06-29,BR0047,8850.57,Active
ACC005356,CUST01873,Savings,2020-12-05,BR0010,9395.46,Active
ACC005357,CUST02293,Savings,2025-11-17,BR0011,25745.06,Active
ACC005358,CUST01710,Current,2020-04-08,BR0043,6150.92,Active
ACC005359,CUST03898,Current,2024-02-05,BR0007,36515.67,Active
ACC005360,CUST02217,Salary,2025-03-10,BR0002,60852.48,Active
ACC005361,CUST02268,Savings,2026-03-14,BR0018,41823.63,Active
ACC005362,CUST03191,Current,2021-02-17,BR0043,2638.33,Active
ACC005363,CUST00662,Savings,2020-04-08,BR0036,72707.6,Active
ACC005364,CUST04135,Savings,2024-07-02,BR0008,67835.5,Inactive
ACC005365,CUST02869,Savings,2020-10-30,BR0009,59646.67,Active
ACC005366,CUST01076,Salary,2022-06-08,BR0046,34455.04,Active
ACC005367,CUST00311,Current,2024-06-24,BR0050,28687.8,Active
ACC005368,CUST02774,Salary,2023-01-13,BR0023,76028.78,Active
ACC005369,CUST04309,Salary,2023-07-14,BR0009,221508.49,Active
ACC005370,CUST03441,Current,2026-01-26,BR0031,7018.83,Active
ACC005371,CUST01496,Savings,2024-09-14,BR0040,80318.12,Active
ACC005372,CUST02171,Savings,2019-12-26,BR0049,19861.52,Active
ACC005373,CUST03743,Savings,2024-05-23,BR0047,18852.34,Active
ACC005374,CUST03609,Salary,2024-09-03,BR0014,3484.79,Active
ACC005375,CUST04739,Savings,2024-03-11,BR0006,15650.41,Active
ACC005376,CUST02824,Savings,2026-03-22,BR0003,6656.05,Active
ACC005377,CUST03108,Savings,2025-06-13,BR0032,12624.25,Active
ACC005378,CUST01353,Savings,2021-12-07,BR0017,5896.87,Active
ACC005379,CUST02060,Salary,2021-08-25,BR0034,12852.71,Active
ACC005380,CUST04664,Salary,2023-04-22,BR0025,13530.04,Inactive
ACC005381,CUST02813,Savings,2024-12-13,BR0032,24738.25,Active
ACC005382,CUST02921,Current,2024-10-29,BR0016,3172.58,Active
ACC005383,CUST00216,Current,2024-04-04,BR0012,3886.94,Active
ACC005384,CUST04652,Salary,2022-02-08,BR0013,34006.17,Active
ACC005385,CUST03713,Savings,2026-04-24,BR0002,8459.74,Active
ACC005386,CUST04656,Current,2024-04-19,BR0004,79972.31,Active
ACC005387,CUST01717,Savings,2019-10-15,BR0030,28863.23,Active
ACC005388,CUST01866,Savings,2020-12-29,BR0009,45620.6,Active
ACC005389,CUST01580,Current,2020-09-23,BR0006,119710.4,Active
ACC005390,CUST04237,Current,2019-12-21,BR0004,15189.31,Active
ACC005391,CUST01310,Salary,2022-06-19,BR0045,11054.76,Active
ACC005392,CUST03057,Salary,2026-06-10,BR0041,62695.38,Active
ACC005393,CUST00220,Salary,2019-12-09,BR0010,40595.65,Active
ACC005394,CUST00152,Savings,2024-10-18,BR0039,17592.07,Active
ACC005395,CUST01235,Savings,2025-07-14,BR0002,116978.98,Active
ACC005396,CUST03913,Savings,2025-11-08,BR0011,17073.91,Inactive
ACC005397,CUST00994,Salary,2021-08-08,BR0038,22909.99,Active
ACC005398,CUST02288,Current,2025-04-13,BR0012,22594.62,Active
ACC005399,CUST02649,Salary,2024-04-05,BR0027,7175.93,Active
ACC005400,CUST01077,Savings,2023-05-02,BR0014,24175.68,Active
ACC005401,CUST02686,Salary,2025-10-07,BR0050,117725.65,Active
ACC005402,CUST04228,Salary,2024-09-26,BR0030,37570.03,Inactive
ACC005403,CUST00942,Current,2025-09-29,BR0024,22863.02,Active
ACC005404,CUST00243,Savings,2025-07-13,BR0011,18140.08,Active
ACC005405,CUST04513,Salary,2021-10-13,BR0035,32762.52,Active
ACC005406,CUST03555,Savings,2023-12-19,BR0039,54161.19,Active
ACC005407,CUST00550,Current,2022-02-17,BR0022,45756.38,Active
ACC005408,CUST02292,Savings,2025-03-01,BR0015,14790.82,Active
ACC005409,CUST00386,Current,2020-10-02,BR0033,32524.14,Active
ACC005410,CUST03467,Current,2022-03-09,BR0042,39180.23,Active
ACC005411,CUST03970,Current,2024-10-19,BR0022,6577.21,Active
ACC005412,CUST02770,Savings,2022-07-10,BR0038,26953.72,Active
ACC005413,CUST00795,Current,2025-11-26,BR0022,1646.55,Active
ACC005414,CUST03586,Savings,2024-11-01,BR0016,39302.38,Active
ACC005415,CUST02387,Salary,2024-01-03,BR0026,48650.22,Active
ACC005416,CUST01459,Salary,2024-05-10,BR0028,54017.07,Inactive
ACC005417,CUST00856,Salary,2025-01-01,BR0008,13710.86,Active
ACC005418,CUST01101,Savings,2020-03-18,BR0020,31915.79,Active
ACC005419,CUST01852,Salary,2025-02-26,BR0036,121630.69,Active
ACC005420,CUST02654,Savings,2020-05-13,BR0044,120153.28,Inactive
ACC005421,CUST02124,Current,2022-01-23,BR0010,21268.72,Active
ACC005422,CUST03163,Current,2022-08-07,BR0043,26034.65,Active
ACC005423,CUST02424,Salary,2023-06-29,BR0013,83541.05,Active
ACC005424,CUST02348,Savings,2024-12-22,BR0028,3637.45,Active
ACC005425,CUST03094,Current,2024-04-16,BR0017,14947.65,Inactive
ACC005426,CUST03618,Salary,2023-12-19,BR0044,109391.07,Active
ACC005427,CUST03437,Salary,2023-07-18,BR0033,70986.19,Active
ACC005428,CUST02949,Salary,2026-07-17,BR0021,34307.41,Active
ACC005429,CUST00618,Savings,2026-01-14,BR0004,3615.56,Active
ACC005430,CUST03578,Current,2019-12-15,BR0042,20745.98,Active
ACC005431,CUST03513,Current,2025-07-25,BR0006,10851.97,Active
ACC005432,CUST01935,Salary,2025-03-21,BR0038,32769.28,Active
ACC005433,CUST02598,Savings,2023-05-28,BR0030,8339.71,Active
ACC005434,CUST00594,Savings,2020-06-05,BR0018,6432.59,Active
ACC005435,CUST00898,Current,2022-09-07,BR0048,1848.56,Active
ACC005436,CUST04896,Salary,2021-03-04,BR0010,95431.66,Active
ACC005437,CUST02120,Savings,2021-08-25,BR0029,13633.37,Active
ACC005438,CUST02216,Current,2024-04-11,BR0001,26597.56,Active
ACC005439,CUST03953,Salary,2023-01-24,BR0038,21967.39,Active
ACC005440,CUST02823,Savings,2023-06-16,BR0033,6118.54,Active
ACC005441,CUST03058,Current,2022-12-21,BR0038,4861.6,Active
ACC005442,CUST03540,Salary,2023-09-17,BR0038,6592.06,Active
ACC005443,CUST00412,Savings,2021-04-25,BR0043,9248.33,Inactive
ACC005444,CUST01303,Current,2024-03-27,BR0014,34198.17,Inactive
ACC005445,CUST04066,Savings,2026-03-11,BR0010,8477.23,Active
ACC005446,CUST03964,Savings,2025-03-27,BR0005,179115.97,Active
ACC005447,CUST02042,Savings,2021-03-28,BR0002,75552.36,Active
ACC005448,CUST02797,Current,2019-11-15,BR0043,58106.42,Active
ACC005449,CUST04720,Current,2024-11-19,BR0038,19080.26,Active
ACC005450,CUST01918,Savings,2023-06-30,BR0046,135555.56,Active
ACC005451,CUST02789,Current,2021-12-27,BR0025,16956.27,Active
ACC005452,CUST04755,Salary,2022-11-20,BR0047,21215.48,Active
ACC005453,CUST02734,Current,2026-04-15,BR0035,27010.19,Active
ACC005454,CUST04963,Savings,2020-04-24,BR0045,51133.12,Inactive
ACC005455,CUST00253,Savings,2024-11-14,BR0018,47301.14,Active
ACC005456,CUST02015,Salary,2020-03-10,BR0026,12454.65,Active
ACC005457,CUST01549,Savings,2025-10-08,BR0038,11619.12,Active
ACC005458,CUST03553,Salary,2024-12-27,BR0035,47471.44,Active
ACC005459,CUST04933,Current,2025-04-18,BR0047,51962.83,Active
ACC005460,CUST00227,Salary,2023-07-29,BR0032,13738.79,Active
ACC005461,CUST03492,Savings,2023-11-10,BR0002,3279.26,Active
ACC005462,CUST03092,Savings,2024-11-03,BR0018,17175.18,Active
ACC005463,CUST02028,Current,2024-03-05,BR0003,46547.61,Blocked
ACC005464,CUST02276,Salary,2023-11-03,BR0038,192240.07,Active
ACC005465,CUST04000,Current,2022-12-02,BR0019,5231.48,Active
ACC005466,CUST04587,Current,2024-04-04,BR0006,13201.88,Active
ACC005467,CUST03126,Savings,2020-12-03,BR0033,13804.03,Active
ACC005468,CUST03756,Current,2024-12-14,BR0012,112079.8,Active
ACC005469,CUST02931,Current,2024-07-15,BR0046,21122.0,Active
ACC005470,CUST02467,Savings,2023-05-13,BR0048,7414.61,Active
ACC005471,CUST03070,Salary,2023-12-14,BR0028,43063.64,Active
ACC005472,CUST04289,Savings,2023-11-17,BR0019,13553.96,Active
ACC005473,CUST04092,Current,2025-10-05,BR0005,5068.17,Active
ACC005474,CUST04007,Salary,2020-12-16,BR0024,7545.24,Active
ACC005475,CUST00521,Current,2020-10-01,BR0007,176460.15,Active
ACC005476,CUST04951,Salary,2022-05-16,BR0033,34928.24,Active
ACC005477,CUST03427,Savings,2024-01-15,BR0046,25067.11,Active
ACC005478,CUST04686,Savings,2024-07-22,BR0006,16319.69,Active
ACC005479,CUST01118,Savings,2021-04-26,BR0046,31275.13,Active
ACC005480,CUST04795,Salary,2023-11-07,BR0011,30831.22,Active
ACC005481,CUST04614,Savings,2026-01-10,BR0001,31275.88,Active
ACC005482,CUST01007,Savings,2019-12-22,BR0009,25281.14,Active
ACC005483,CUST00056,Current,2026-05-17,BR0046,62477.26,Active
ACC005484,CUST04190,Current,2025-02-13,BR0050,22645.7,Active
ACC005485,CUST03715,Current,2024-03-05,BR0005,6812.22,Active
ACC005486,CUST02179,Savings,2022-05-10,BR0047,10562.79,Inactive
ACC005487,CUST03112,Current,2025-06-12,BR0001,2049.14,Active
ACC005488,CUST03422,Salary,2024-02-10,BR0038,250742.19,Active
ACC005489,CUST04725,Savings,2019-08-28,BR0007,62025.79,Active
ACC005490,CUST02541,Current,2023-01-15,BR0029,8134.87,Active
ACC005491,CUST04027,Salary,2025-02-14,BR0029,15705.81,Active
ACC005492,CUST03273,Current,2021-03-26,BR0031,10257.33,Active
ACC005493,CUST03153,Current,2025-06-14,BR0017,140232.45,Active
ACC005494,CUST03229,Savings,2024-12-19,BR0036,4008.4,Active
ACC005495,CUST00069,Salary,2026-05-22,BR0043,25269.95,Active
ACC005496,CUST02802,Salary,2021-09-01,BR0009,19336.83,Active
ACC005497,CUST02547,Current,2022-10-14,BR0021,59409.32,Active
ACC005498,CUST00579,Current,2020-02-03,BR0024,19441.96,Active
ACC005499,CUST04696,Salary,2025-07-25,BR0035,2670.84,Active
ACC005500,CUST04336,Savings,2021-12-09,BR0038,16295.73,Active
ACC005501,CUST03995,Savings,2019-11-26,BR0030,6859.61,Active
ACC005502,CUST02260,Savings,2025-04-17,BR0011,24233.6,Active
ACC005503,CUST00631,Salary,2022-09-18,BR0045,123132.03,Active
ACC005504,CUST00333,Current,2026-01-28,BR0039,2731.73,Active
ACC005505,CUST04393,Current,2022-12-20,BR0044,8431.52,Active
ACC005506,CUST04311,Current,2022-11-21,BR0044,11347.68,Active
ACC005507,CUST00506,Current,2025-11-02,BR0031,13933.38,Active
ACC005508,CUST03399,Current,2024-12-01,BR0013,53538.21,Active
ACC005509,CUST02014,Savings,2022-06-22,BR0006,17885.52,Active
ACC005510,CUST00456,Savings,2025-06-25,BR0006,36277.87,Active
ACC005511,CUST01556,Salary,2023-07-14,BR0016,10394.92,Active
ACC005512,CUST00163,Savings,2024-06-28,BR0007,29024.9,Active
ACC005513,CUST04165,Current,2019-12-23,BR0043,56014.01,Active
ACC005514,CUST02898,Current,2019-11-29,BR0033,9147.54,Active
ACC005515,CUST02811,Salary,2025-05-16,BR0032,56253.85,Active
ACC005516,CUST01094,Salary,2020-09-16,BR0019,23455.2,Active
ACC005517,CUST04666,Current,2021-01-28,BR0007,77230.7,Active
ACC005518,CUST02265,Savings,2022-01-10,BR0027,17297.13,Active
ACC005519,CUST02073,Current,2024-04-04,BR0030,34804.21,Active
ACC005520,CUST04287,Savings,2021-02-22,BR0021,20978.9,Active
ACC005521,CUST03712,Salary,2026-04-09,BR0035,19624.72,Active
ACC005522,CUST04110,Current,2025-12-31,BR0046,30052.96,Active
ACC005523,CUST01979,Current,2022-07-25,BR0023,41947.28,Inactive
ACC005524,CUST03476,Salary,2022-11-01,BR0028,4917.34,Inactive
ACC005525,CUST02028,Salary,2021-12-06,BR0014,123051.76,Active
ACC005526,CUST04446,Salary,2021-10-14,BR0037,2364.7,Active
ACC005527,CUST04401,Current,2021-03-15,BR0043,9683.95,Active
ACC005528,CUST03801,Salary,2024-02-07,BR0035,19670.54,Active
ACC005529,CUST02679,Salary,2022-12-29,BR0025,36128.13,Active
ACC005530,CUST01005,Salary,2023-07-27,BR0040,146006.59,Active
ACC005531,CUST00909,Salary,2024-09-12,BR0028,2368.59,Active
ACC005532,CUST03479,Salary,2023-01-01,BR0020,11977.28,Active
ACC005533,CUST03449,Salary,2021-04-26,BR0011,1716.08,Active
ACC005534,CUST03223,Salary,2020-11-04,BR0035,22878.35,Active
ACC005535,CUST03536,Salary,2022-08-26,BR0024,30516.42,Active
ACC005536,CUST03976,Salary,2026-08-01,BR0030,148591.3,Active
ACC005537,CUST03944,Salary,2024-11-06,BR0047,25457.4,Active
ACC005538,CUST00399,Savings,2022-02-24,BR0001,77097.81,Active
ACC005539,CUST04051,Savings,2021-03-24,BR0039,44382.68,Active
ACC005540,CUST02563,Salary,2025-01-29,BR0048,13065.13,Active
ACC005541,CUST01043,Savings,2021-09-30,BR0013,4061.25,Active
ACC005542,CUST03721,Savings,2025-01-15,BR0007,30638.2,Active
ACC005543,CUST01018,Current,2020-10-12,BR0041,3675.62,Active
ACC005544,CUST00340,Salary,2025-06-18,BR0018,104218.87,Active
ACC005545,CUST03136,Savings,2024-03-07,BR0020,18133.67,Active
ACC005546,CUST02218,Current,2025-12-09,BR0045,92430.56,Active
ACC005547,CUST00293,Savings,2024-07-19,BR0026,12378.83,Active
ACC005548,CUST03343,Savings,2021-12-09,BR0041,30412.86,Active
ACC005549,CUST04929,Savings,2026-05-14,BR0044,28317.03,Active
ACC005550,CUST04276,Savings,2022-12-23,BR0019,20867.48,Active
ACC005551,CUST01078,Current,2021-07-16,BR0009,13105.78,Active
ACC005552,CUST04412,Savings,2021-04-21,BR0018,35275.62,Active
ACC005553,CUST00440,Salary,2024-04-17,BR0032,7248.89,Active
ACC005554,CUST04877,Salary,2024-07-08,BR0019,5159.93,Active
ACC005555,CUST02242,Savings,2020-07-11,BR0004,97869.7,Active
ACC005556,CUST02320,Salary,2022-07-17,BR0020,52712.17,Active
ACC005557,CUST02839,Savings,2023-02-03,BR0032,23838.8,Active
ACC005558,CUST00119,Salary,2021-01-17,BR0039,162457.36,Active
ACC005559,CUST02022,Savings,2021-11-13,BR0033,15973.42,Active
ACC005560,CUST04787,Salary,2020-04-29,BR0037,107714.97,Active
ACC005561,CUST03815,Savings,2025-06-21,BR0009,27192.29,Active
ACC005562,CUST00033,Current,2025-06-09,BR0013,6440.1,Active
ACC005563,CUST00099,Current,2022-06-09,BR0031,202328.57,Active
ACC005564,CUST04566,Savings,2021-03-27,BR0016,72319.78,Active
ACC005565,CUST01979,Savings,2024-03-08,BR0049,19049.09,Active
ACC005566,CUST03889,Salary,2026-02-15,BR0042,52712.37,Active
ACC005567,CUST03574,Current,2022-07-10,BR0022,13569.17,Active
ACC005568,CUST03260,Savings,2025-10-17,BR0029,59574.26,Active
ACC005569,CUST02925,Current,2023-10-05,BR0015,1249.76,Active
ACC005570,CUST02540,Salary,2021-02-28,BR0007,6478.46,Active
ACC005571,CUST00798,Savings,2022-07-27,BR0025,71332.81,Active
ACC005572,CUST00867,Current,2022-12-16,BR0044,16324.35,Active
ACC005573,CUST01779,Salary,2021-01-27,BR0048,28255.71,Active
ACC005574,CUST04975,Current,2024-07-17,BR0012,4375.85,Active
ACC005575,CUST00418,Savings,2021-02-09,BR0005,202286.52,Active
ACC005576,CUST00805,Savings,2023-01-31,BR0017,91916.48,Active
ACC005577,CUST01824,Salary,2024-08-29,BR0016,17312.39,Active
ACC005578,CUST03578,Savings,2021-07-14,BR0031,13553.02,Active
ACC005579,CUST04421,Salary,2025-07-23,BR0042,75775.12,Active
ACC005580,CUST04131,Savings,2021-07-16,BR0019,237747.52,Active
ACC005581,CUST03877,Savings,2022-07-27,BR0014,69183.13,Active
ACC005582,CUST04629,Savings,2024-02-26,BR0009,298391.96,Active
ACC005583,CUST04946,Savings,2024-10-26,BR0015,7282.13,Active
ACC005584,CUST00917,Salary,2026-04-19,BR0039,8239.84,Active
ACC005585,CUST03618,Current,2025-06-27,BR0039,5288.4,Active
ACC005586,CUST02971,Current,2022-10-18,BR0030,37425.69,Active
ACC005587,CUST00718,Current,2020-07-08,BR0012,27193.26,Active
ACC005588,CUST00734,Current,2021-07-20,BR0044,18355.02,Active
ACC005589,CUST01453,Savings,2023-12-10,BR0046,58169.15,Active
ACC005590,CUST02665,Salary,2020-07-20,BR0006,96644.48,Active
ACC005591,CUST02262,Current,2024-05-30,BR0013,3530.54,Active
ACC005592,CUST01767,Current,2025-09-10,BR0018,10760.46,Active
ACC005593,CUST01723,Savings,2022-12-23,BR0048,58933.93,Active
ACC005594,CUST03428,Salary,2022-10-16,BR0006,12565.54,Active
ACC005595,CUST01281,Salary,2022-10-05,BR0049,8451.95,Blocked
ACC005596,CUST00062,Salary,2019-11-13,BR0004,74775.45,Active
ACC005597,CUST01231,Savings,2025-02-21,BR0029,4687.24,Active
ACC005598,CUST04098,Savings,2023-10-25,BR0021,15338.24,Active
ACC005599,CUST04167,Savings,2024-01-24,BR0041,32675.24,Active
ACC005600,CUST03654,Salary,2021-11-19,BR0021,11063.6,Active
ACC005601,CUST00872,Savings,2022-12-08,BR0039,56375.32,Active
ACC005602,CUST01544,Salary,2024-05-26,BR0049,11129.42,Active
ACC005603,CUST00324,Savings,2022-05-29,BR0003,119413.0,Active
ACC005604,CUST00492,Salary,2019-10-13,BR0028,18941.38,Active
ACC005605,CUST01152,Current,2024-11-01,BR0033,49292.35,Active
ACC005606,CUST03475,Salary,2022-05-17,BR0031,53918.49,Active
ACC005607,CUST02710,Current,2026-01-29,BR0026,10372.9,Active
ACC005608,CUST03385,Savings,2023-10-19,BR0031,1873.97,Active
ACC005609,CUST02532,Current,2026-03-23,BR0042,33958.92,Active
ACC005610,CUST02370,Current,2025-06-08,BR0027,24022.5,Active
ACC005611,CUST01805,Savings,2022-02-03,BR0046,42915.62,Active
ACC005612,CUST03102,Current,2021-11-16,BR0042,16783.76,Active
ACC005613,CUST03385,Salary,2021-07-22,BR0019,13140.93,Active
ACC005614,CUST00533,Current,2019-09-18,BR0019,245282.92,Active
ACC005615,CUST01645,Current,2021-04-20,BR0008,3763.77,Active
ACC005616,CUST04056,Savings,2022-04-04,BR0021,53142.94,Inactive
ACC005617,CUST00557,Salary,2024-12-28,BR0024,11053.23,Active
ACC005618,CUST04094,Current,2024-12-13,BR0037,14721.52,Active
ACC005619,CUST02941,Salary,2020-09-01,BR0037,15055.17,Active
ACC005620,CUST04751,Current,2025-05-24,BR0021,8399.09,Active
ACC005621,CUST00104,Savings,2024-01-03,BR0041,43715.98,Active
ACC005622,CUST01874,Salary,2024-07-22,BR0015,116864.72,Active
ACC005623,CUST02579,Savings,2020-04-13,BR0012,38716.32,Active
ACC005624,CUST03238,Salary,2020-08-11,BR0018,24935.76,Active
ACC005625,CUST01145,Savings,2023-09-29,BR0001,6743.08,Active
ACC005626,CUST01508,Savings,2024-09-29,BR0021,40953.41,Active
ACC005627,CUST02176,Current,2023-10-08,BR0023,292909.67,Active
ACC005628,CUST04816,Salary,2021-01-19,BR0024,13949.05,Active
ACC005629,CUST01622,Current,2020-01-18,BR0042,14028.13,Active
ACC005630,CUST03971,Current,2021-05-05,BR0027,11233.92,Active
ACC005631,CUST00575,Current,2024-02-01,BR0010,12242.92,Active
ACC005632,CUST02515,Savings,2025-08-23,BR0004,817.0,Active
ACC005633,CUST03866,Savings,2022-06-27,BR0035,35812.15,Active
ACC005634,CUST03987,Savings,2024-08-07,BR0012,7985.14,Active
ACC005635,CUST01170,Savings,2021-08-28,BR0002,3189.71,Active
ACC005636,CUST01641,Current,2021-12-09,BR0041,54384.15,Active
ACC005637,CUST02551,Salary,2026-05-26,BR0013,6012.4,Active
ACC005638,CUST01362,Salary,2019-12-21,BR0041,14670.55,Active
ACC005639,CUST00713,Salary,2020-05-19,BR0044,127993.0,Active
ACC005640,CUST02504,Salary,2022-09-30,BR0026,4060.01,Active
ACC005641,CUST04563,Current,2021-06-09,BR0002,3501.27,Active
ACC005642,CUST03544,Salary,2023-01-02,BR0042,30429.49,Active
ACC005643,CUST02691,Savings,2022-04-07,BR0039,87499.19,Active
ACC005644,CUST04471,Current,2020-05-26,BR0035,3330.21,Active
ACC005645,CUST02409,Current,2022-06-01,BR0026,35926.4,Active
ACC005646,CUST00197,Savings,2022-02-23,BR0029,44231.81,Active
ACC005647,CUST02546,Current,2023-07-05,BR0026,1861.26,Active
ACC005648,CUST03213,Current,2020-07-25,BR0039,57423.08,Active
ACC005649,CUST04604,Savings,2022-06-06,BR0028,63065.37,Active
ACC005650,CUST00040,Salary,2022-06-09,BR0037,15151.54,Active
ACC005651,CUST01724,Salary,2021-05-15,BR0027,98994.11,Active
ACC005652,CUST02917,Salary,2020-07-24,BR0002,86141.51,Active
ACC005653,CUST02748,Salary,2021-06-28,BR0012,24927.86,Active
ACC005654,CUST03500,Savings,2025-11-06,BR0037,12813.64,Active
ACC005655,CUST01511,Current,2021-02-15,BR0025,6854.13,Active
ACC005656,CUST01199,Savings,2022-10-06,BR0050,21055.64,Active
ACC005657,CUST03670,Salary,2024-12-01,BR0011,43639.18,Active
ACC005658,CUST02492,Salary,2021-06-22,BR0027,14927.91,Active
ACC005659,CUST04963,Salary,2026-08-09,BR0011,1576.56,Active
ACC005660,CUST00450,Salary,2023-03-21,BR0044,100957.68,Active
ACC005661,CUST01449,Savings,2023-09-12,BR0050,27674.53,Active
ACC005662,CUST01974,Current,2025-11-03,BR0041,13966.97,Active
ACC005663,CUST03527,Current,2024-02-10,BR0026,61610.65,Active
ACC005664,CUST02896,Savings,2020-06-23,BR0020,137250.95,Active
ACC005665,CUST03165,Savings,2021-09-03,BR0035,763.34,Active
ACC005666,CUST03101,Salary,2026-06-11,BR0026,37090.51,Active
ACC005667,CUST04497,Current,2023-04-11,BR0049,3975.96,Active
ACC005668,CUST04260,Salary,2023-06-15,BR0034,40092.02,Inactive
ACC005669,CUST01388,Current,2022-05-07,BR0017,25681.15,Active
ACC005670,CUST02088,Savings,2020-01-15,BR0049,47234.12,Active
ACC005671,CUST02951,Savings,2019-10-14,BR0034,12099.3,Inactive
ACC005672,CUST02655,Current,2024-12-05,BR0006,2326.48,Active
ACC005673,CUST02456,Current,2021-11-28,BR0004,12830.21,Active
ACC005674,CUST04426,Savings,2020-12-03,BR0045,35890.11,Active
ACC005675,CUST00832,Salary,2025-07-30,BR0016,74493.77,Active
ACC005676,CUST00994,Current,2025-02-13,BR0038,5398.1,Active
ACC005677,CUST02195,Current,2026-06-22,BR0027,75544.15,Active
ACC005678,CUST01108,Salary,2020-07-29,BR0014,10122.88,Active
ACC005679,CUST04046,Salary,2022-01-22,BR0016,34028.03,Active
ACC005680,CUST04997,Salary,2026-03-13,BR0001,11945.71,Active
ACC005681,CUST01293,Savings,2026-05-23,BR0002,27408.4,Active
ACC005682,CUST01762,Savings,2020-05-22,BR0033,64231.77,Active
ACC005683,CUST01478,Savings,2019-12-13,BR0001,5052.22,Active
ACC005684,CUST01970,Salary,2026-04-02,BR0007,9741.14,Active
ACC005685,CUST01772,Savings,2022-08-29,BR0013,27500.38,Active
ACC005686,CUST03236,Salary,2021-02-26,BR0049,393131.87,Active
ACC005687,CUST00546,Current,2023-07-14,BR0050,7817.91,Active
ACC005688,CUST04533,Savings,2022-11-27,BR0006,254781.26,Active
ACC005689,CUST00373,Savings,2024-11-19,BR0016,244093.83,Active
ACC005690,CUST04873,Current,2024-02-25,BR0031,19598.86,Active
ACC005691,CUST00921,Savings,2020-09-08,BR0040,15401.45,Active
ACC005692,CUST00149,Savings,2025-07-27,BR0007,9600.03,Active
ACC005693,CUST03740,Current,2024-09-06,BR0041,20295.55,Active
ACC005694,CUST04713,Salary,2024-02-08,BR0045,4072.19,Active
ACC005695,CUST00047,Salary,2023-09-03,BR0007,20100.77,Active
ACC005696,CUST00649,Current,2024-06-04,BR0025,132754.43,Active
ACC005697,CUST01742,Savings,2020-02-28,BR0019,10579.76,Active
ACC005698,CUST04339,Savings,2024-10-17,BR0017,16500.25,Blocked
ACC005699,CUST04181,Current,2025-11-17,BR0008,2860.16,Active
ACC005700,CUST00596,Current,2020-10-07,BR0019,34505.52,Active
ACC005701,CUST02495,Current,2026-02-04,BR0040,30253.83,Active
ACC005702,CUST03811,Salary,2023-09-19,BR0004,23776.26,Active
ACC005703,CUST04526,Current,2019-09-15,BR0001,16980.27,Active
ACC005704,CUST01153,Salary,2021-12-17,BR0012,15501.48,Active
ACC005705,CUST02085,Savings,2022-09-20,BR0003,40226.46,Active
ACC005706,CUST04258,Savings,2020-10-02,BR0035,21277.81,Active
ACC005707,CUST01656,Current,2021-08-25,BR0041,32143.52,Active
ACC005708,CUST00935,Savings,2024-01-09,BR0014,28509.12,Active
ACC005709,CUST03117,Salary,2024-02-17,BR0044,84805.25,Active
ACC005710,CUST03070,Salary,2024-05-24,BR0046,49632.09,Active
ACC005711,CUST02174,Salary,2026-03-04,BR0005,27762.3,Active
ACC005712,CUST01138,Salary,2022-08-12,BR0048,136230.89,Active
ACC005713,CUST01532,Salary,2023-01-26,BR0029,36472.81,Active
ACC005714,CUST02957,Savings,2021-01-12,BR0042,105446.1,Active
ACC005715,CUST01344,Savings,2020-10-24,BR0015,45630.48,Active
ACC005716,CUST03578,Current,2022-06-19,BR0037,2415.59,Active
ACC005717,CUST02377,Savings,2024-05-22,BR0034,105429.92,Inactive
ACC005718,CUST01763,Savings,2026-07-13,BR0025,25905.52,Active
ACC005719,CUST00218,Savings,2026-07-14,BR0048,20695.14,Active
ACC005720,CUST03285,Current,2026-04-01,BR0033,30872.4,Active
ACC005721,CUST03548,Current,2023-04-17,BR0048,14559.81,Active
ACC005722,CUST01112,Salary,2023-03-10,BR0001,28924.22,Active
ACC005723,CUST00786,Current,2020-02-23,BR0013,10826.46,Active
ACC005724,CUST02102,Savings,2022-05-30,BR0028,101633.32,Active
ACC005725,CUST00129,Savings,2026-03-23,BR0011,19219.76,Active
ACC005726,CUST04698,Current,2024-08-12,BR0006,13917.46,Active
ACC005727,CUST02769,Savings,2023-12-16,BR0042,7259.67,Active
ACC005728,CUST02318,Salary,2023-03-08,BR0001,30410.13,Active
ACC005729,CUST01617,Savings,2026-05-22,BR0039,27571.24,Active
ACC005730,CUST00609,Savings,2026-01-24,BR0043,35105.38,Active
ACC005731,CUST03665,Current,2023-06-23,BR0021,6420.8,Active
ACC005732,CUST02126,Salary,2024-03-26,BR0021,3224.66,Active
ACC005733,CUST02386,Current,2023-05-30,BR0032,46663.13,Active
ACC005734,CUST01907,Current,2022-01-10,BR0033,130819.03,Active
ACC005735,CUST03704,Salary,2022-03-10,BR0032,6427.72,Active
ACC005736,CUST00057,Salary,2021-01-27,BR0042,148349.99,Active
ACC005737,CUST00195,Salary,2020-10-28,BR0029,30967.49,Active
ACC005738,CUST02410,Savings,2023-11-03,BR0022,21840.57,Active
ACC005739,CUST01903,Current,2025-08-27,BR0021,13669.76,Active
ACC005740,CUST00064,Savings,2022-07-10,BR0032,4182.14,Active
ACC005741,CUST03620,Savings,2023-12-28,BR0030,72061.43,Active
ACC005742,CUST03627,Savings,2022-07-08,BR0047,8684.3,Active
ACC005743,CUST01536,Salary,2025-12-13,BR0002,8640.64,Active
ACC005744,CUST04483,Savings,2025-05-05,BR0009,72425.34,Active
ACC005745,CUST00885,Savings,2022-01-10,BR0049,2299.44,Active
ACC005746,CUST01584,Current,2024-04-02,BR0002,3539.29,Active
ACC005747,CUST01602,Current,2025-01-10,BR0035,21552.32,Active
ACC005748,CUST04887,Savings,2022-07-15,BR0024,31317.78,Active
ACC005749,CUST02481,Savings,2025-11-19,BR0026,39406.32,Active
ACC005750,CUST00542,Salary,2024-08-26,BR0031,15334.21,Active
ACC005751,CUST02238,Current,2023-03-28,BR0005,458833.92,Active
ACC005752,CUST03776,Savings,2022-09-29,BR0043,16756.29,Active
ACC005753,CUST04430,Current,2026-06-04,BR0029,16698.21,Active
ACC005754,CUST04180,Salary,2022-05-07,BR0026,8464.33,Inactive
ACC005755,CUST00734,Savings,2026-05-08,BR0017,25557.55,Active
ACC005756,CUST03669,Salary,2025-09-17,BR0043,46071.67,Active
ACC005757,CUST02523,Salary,2024-11-13,BR0020,93367.04,Active
ACC005758,CUST00658,Savings,2022-02-05,BR0035,3688.07,Blocked
ACC005759,CUST04270,Savings,2021-02-28,BR0037,16396.21,Active
ACC005760,CUST01019,Savings,2023-12-02,BR0049,37648.35,Inactive
ACC005761,CUST02248,Current,2020-09-29,BR0045,44554.53,Active
ACC005762,CUST03295,Current,2022-03-29,BR0029,22200.24,Active
ACC005763,CUST00584,Salary,2024-11-15,BR0022,42230.96,Active
ACC005764,CUST04625,Current,2020-08-28,BR0048,8343.54,Active
ACC005765,CUST03965,Savings,2020-05-09,BR0037,142840.87,Active
ACC005766,CUST00775,Current,2026-07-24,BR0028,72486.36,Active
ACC005767,CUST00616,Current,2025-07-18,BR0030,4385.62,Active
ACC005768,CUST00329,Savings,2023-04-17,BR0010,6062.49,Active
ACC005769,CUST04548,Savings,2022-06-23,BR0017,6271.02,Active
ACC005770,CUST02868,Savings,2019-11-12,BR0020,49690.25,Active
ACC005771,CUST01329,Current,2020-10-21,BR0030,4714.16,Active
ACC005772,CUST02643,Savings,2019-09-14,BR0047,14805.75,Active
ACC005773,CUST02895,Salary,2019-12-26,BR0038,38011.55,Active
ACC005774,CUST01496,Salary,2020-01-06,BR0018,20345.21,Active
ACC005775,CUST04552,Current,2020-12-22,BR0016,30051.41,Active
ACC005776,CUST04113,Current,2026-06-20,BR0012,6130.53,Inactive
ACC005777,CUST01405,Salary,2022-04-05,BR0039,44973.34,Active
ACC005778,CUST01558,Savings,2022-10-26,BR0041,10552.79,Active
ACC005779,CUST03872,Salary,2025-01-31,BR0041,14919.98,Active
ACC005780,CUST02089,Savings,2021-08-08,BR0040,29298.1,Active
ACC005781,CUST04121,Current,2024-08-20,BR0043,24926.68,Active
ACC005782,CUST04968,Salary,2025-02-26,BR0020,22669.51,Active
ACC005783,CUST02345,Salary,2021-08-16,BR0019,8948.56,Active
ACC005784,CUST03727,Savings,2020-04-08,BR0038,15375.66,Active
ACC005785,CUST02615,Salary,2021-08-29,BR0049,22084.26,Active
ACC005786,CUST02842,Savings,2020-10-06,BR0046,4229.75,Active
ACC005787,CUST00635,Salary,2025-02-11,BR0047,12644.28,Active
ACC005788,CUST03719,Current,2020-08-19,BR0011,35074.02,Active
ACC005789,CUST01275,Current,2026-06-13,BR0016,4755.59,Active
ACC005790,CUST01850,Savings,2022-06-03,BR0020,88247.26,Active
ACC005791,CUST03199,Salary,2022-05-08,BR0011,101066.69,Active
ACC005792,CUST00855,Current,2020-03-28,BR0028,4943.45,Active
ACC005793,CUST02214,Savings,2021-06-03,BR0008,112324.08,Active
ACC005794,CUST01092,Savings,2019-09-12,BR0024,18540.3,Active
ACC005795,CUST01608,Current,2022-05-28,BR0045,36396.12,Blocked
ACC005796,CUST01451,Current,2022-07-17,BR0014,12137.06,Active
ACC005797,CUST04327,Salary,2023-09-26,BR0027,66679.56,Active
ACC005798,CUST01779,Savings,2019-12-08,BR0024,35857.67,Active
ACC005799,CUST02321,Current,2024-02-02,BR0018,8291.75,Active
ACC005800,CUST00961,Salary,2021-05-21,BR0042,5441.21,Inactive
ACC005801,CUST01667,Current,2025-01-13,BR0019,3818.59,Active
ACC005802,CUST00689,Savings,2025-01-12,BR0007,27598.87,Active
ACC005803,CUST02173,Salary,2023-04-09,BR0017,43781.46,Active
ACC005804,CUST04651,Current,2024-05-17,BR0031,48105.84,Active
ACC005805,CUST01366,Savings,2025-12-05,BR0041,19118.71,Active
ACC005806,CUST02452,Savings,2021-03-13,BR0041,5495.06,Active
ACC005807,CUST03102,Savings,2025-06-13,BR0033,9715.81,Active
ACC005808,CUST03008,Savings,2020-07-02,BR0011,87800.14,Active
ACC005809,CUST01008,Current,2022-01-24,BR0018,12313.43,Active
ACC005810,CUST01423,Current,2022-03-25,BR0043,26162.99,Active
ACC005811,CUST01459,Salary,2022-01-25,BR0039,6058.51,Active
ACC005812,CUST03623,Savings,2024-01-26,BR0017,32988.02,Active
ACC005813,CUST01674,Current,2024-02-11,BR0014,12718.06,Active
ACC005814,CUST04328,Current,2024-11-23,BR0024,77346.86,Active
ACC005815,CUST04669,Savings,2022-11-28,BR0024,55729.74,Active
ACC005816,CUST00018,Savings,2022-12-06,BR0030,12150.83,Active
ACC005817,CUST00977,Current,2024-08-20,BR0024,18920.54,Blocked
ACC005818,CUST00617,Salary,2024-12-03,BR0015,11369.17,Active
ACC005819,CUST03934,Salary,2025-09-29,BR0012,4010.54,Active
ACC005820,CUST01922,Savings,2023-10-28,BR0022,7872.01,Inactive
ACC005821,CUST04569,Savings,2020-11-15,BR0017,27941.29,Active
ACC005822,CUST01611,Savings,2023-11-25,BR0002,32542.8,Active
ACC005823,CUST00752,Savings,2025-07-09,BR0017,26324.56,Active
ACC005824,CUST02457,Savings,2021-07-15,BR0048,15335.42,Active
ACC005825,CUST03146,Savings,2023-04-01,BR0020,67486.3,Active
ACC005826,CUST00389,Salary,2023-06-21,BR0005,23771.68,Active
ACC005827,CUST03406,Savings,2025-01-26,BR0028,51220.99,Active
ACC005828,CUST04837,Current,2026-05-11,BR0008,2621.42,Active
ACC005829,CUST03094,Salary,2023-05-27,BR0041,198.96,Active
ACC005830,CUST03653,Current,2025-10-07,BR0039,30962.92,Active
ACC005831,CUST01205,Savings,2022-02-20,BR0034,3984.95,Active
ACC005832,CUST04897,Salary,2025-02-13,BR0041,17069.66,Active
ACC005833,CUST02771,Savings,2023-03-02,BR0028,15328.72,Active
ACC005834,CUST02182,Current,2020-12-03,BR0006,147987.15,Active
ACC005835,CUST00074,Savings,2026-01-01,BR0007,35596.26,Active
ACC005836,CUST02609,Savings,2019-09-14,BR0009,26877.13,Active
ACC005837,CUST01565,Savings,2020-10-02,BR0027,60137.53,Active
ACC005838,CUST02084,Savings,2022-10-07,BR0012,34275.88,Active
ACC005839,CUST03938,Savings,2024-01-13,BR0036,12718.18,Active
ACC005840,CUST04433,Current,2025-12-07,BR0033,79679.78,Inactive
ACC005841,CUST01095,Savings,2025-08-20,BR0012,5815.6,Active
ACC005842,CUST03204,Savings,2021-01-28,BR0017,32464.31,Active
ACC005843,CUST04490,Current,2022-10-14,BR0010,3438.93,Active
ACC005844,CUST03786,Salary,2022-02-05,BR0026,28133.96,Active
ACC005845,CUST04953,Salary,2021-06-05,BR0049,27766.56,Inactive
ACC005846,CUST04140,Current,2020-03-29,BR0011,164677.77,Active
ACC005847,CUST00506,Salary,2024-02-14,BR0005,3367.86,Active
ACC005848,CUST02280,Current,2021-07-04,BR0009,10710.02,Active
ACC005849,CUST00114,Salary,2026-07-02,BR0031,59113.75,Active
ACC005850,CUST04001,Savings,2026-07-27,BR0016,32937.95,Active
ACC005851,CUST04369,Current,2021-02-13,BR0005,27347.11,Active
ACC005852,CUST02900,Salary,2025-09-01,BR0024,6992.81,Active
ACC005853,CUST02639,Salary,2024-04-09,BR0039,10840.21,Active
ACC005854,CUST04913,Current,2026-07-09,BR0030,98130.08,Inactive
ACC005855,CUST03855,Salary,2026-08-05,BR0028,20706.21,Active
ACC005856,CUST04013,Salary,2020-07-19,BR0049,34559.29,Active
ACC005857,CUST01397,Salary,2025-12-01,BR0015,19182.89,Active
ACC005858,CUST02576,Current,2020-10-14,BR0031,5325.69,Active
ACC005859,CUST04922,Salary,2021-04-08,BR0035,67546.57,Active
ACC005860,CUST01712,Current,2020-03-08,BR0029,40290.82,Active
ACC005861,CUST03843,Current,2020-09-21,BR0047,350376.72,Active
ACC005862,CUST00331,Current,2021-05-08,BR0038,6511.35,Active
ACC005863,CUST02234,Salary,2024-10-22,BR0044,59105.99,Active
ACC005864,CUST02593,Savings,2020-11-12,BR0050,4564.88,Active
ACC005865,CUST01884,Salary,2025-02-19,BR0004,26603.97,Inactive
ACC005866,CUST02794,Current,2019-09-17,BR0048,71097.53,Active
ACC005867,CUST01093,Salary,2024-12-24,BR0023,1832.5,Active
ACC005868,CUST03358,Salary,2022-03-30,BR0041,17224.38,Inactive
ACC005869,CUST03486,Salary,2024-12-15,BR0001,11205.37,Active
ACC005870,CUST03434,Savings,2020-06-08,BR0023,9486.75,Active
ACC005871,CUST03834,Current,2020-02-25,BR0002,34970.33,Active
ACC005872,CUST02676,Savings,2022-11-09,BR0011,84526.71,Active
ACC005873,CUST00726,Salary,2025-12-05,BR0019,18770.95,Active
ACC005874,CUST01354,Salary,2019-09-20,BR0009,28186.09,Active
ACC005875,CUST02341,Savings,2020-05-31,BR0034,25264.88,Active
ACC005876,CUST01071,Current,2024-01-26,BR0023,22074.19,Active
ACC005877,CUST00499,Salary,2021-09-24,BR0023,5959.78,Blocked
ACC005878,CUST04969,Salary,2023-03-08,BR0015,83294.14,Active
ACC005879,CUST03060,Savings,2021-11-18,BR0022,31389.68,Active
ACC005880,CUST02265,Salary,2023-10-24,BR0016,35378.44,Active
ACC005881,CUST03713,Salary,2021-01-04,BR0038,8368.15,Active
ACC005882,CUST03664,Salary,2021-05-20,BR0027,12694.64,Active
ACC005883,CUST02970,Current,2025-10-02,BR0030,17830.02,Active
ACC005884,CUST03981,Current,2024-05-08,BR0036,3494.87,Active
ACC005885,CUST02889,Salary,2023-08-04,BR0048,2905.49,Active
ACC005886,CUST00623,Savings,2022-08-01,BR0011,10711.81,Inactive
ACC005887,CUST04513,Current,2019-11-09,BR0027,41234.27,Active
ACC005888,CUST04855,Salary,2024-03-06,BR0004,10059.12,Active
ACC005889,CUST04029,Current,2021-01-19,BR0050,6486.21,Active
ACC005890,CUST01293,Current,2026-03-04,BR0038,8286.45,Active
ACC005891,CUST01435,Salary,2023-08-30,BR0018,12753.86,Active
ACC005892,CUST03508,Current,2023-02-01,BR0011,14405.56,Active
ACC005893,CUST03256,Current,2024-01-23,BR0017,296151.3,Active
ACC005894,CUST04791,Salary,2025-08-27,BR0040,78084.34,Active
ACC005895,CUST00494,Savings,2020-05-22,BR0043,75337.17,Active
ACC005896,CUST02206,Savings,2025-04-22,BR0029,89527.08,Active
ACC005897,CUST04590,Current,2023-07-12,BR0049,6643.64,Active
ACC005898,CUST04673,Salary,2021-02-25,BR0006,5080.49,Inactive
ACC005899,CUST02318,Savings,2026-05-05,BR0027,5835.74,Active
ACC005900,CUST02621,Current,2021-03-09,BR0021,109251.45,Active
ACC005901,CUST04452,Current,2022-08-17,BR0005,11422.84,Active
ACC005902,CUST01653,Salary,2023-09-25,BR0039,4906.78,Active
ACC005903,CUST03073,Salary,2023-08-07,BR0016,13131.96,Active
ACC005904,CUST02330,Current,2022-05-18,BR0005,16542.26,Active
ACC005905,CUST03559,Salary,2021-11-11,BR0011,30396.9,Active
ACC005906,CUST00488,Salary,2026-01-01,BR0023,29766.57,Active
ACC005907,CUST03260,Savings,2022-09-27,BR0014,8153.34,Active
ACC005908,CUST03340,Savings,2024-06-06,BR0005,50150.7,Active
ACC005909,CUST04082,Salary,2024-12-27,BR0032,10228.85,Active
ACC005910,CUST01180,Salary,2021-11-28,BR0012,18260.0,Active
ACC005911,CUST02862,Salary,2023-10-07,BR0013,50218.0,Active
ACC005912,CUST04159,Savings,2020-10-20,BR0019,10196.65,Active
ACC005913,CUST00541,Current,2022-11-15,BR0006,11123.09,Active
ACC005914,CUST03151,Savings,2020-12-18,BR0016,44801.71,Active
ACC005915,CUST01896,Savings,2024-07-04,BR0033,7869.27,Active
ACC005916,CUST02392,Current,2019-12-05,BR0006,13880.63,Active
ACC005917,CUST02469,Savings,2022-06-02,BR0027,42911.31,Active
ACC005918,CUST03522,Savings,2020-11-10,BR0043,259084.86,Active
ACC005919,CUST00131,Salary,2024-11-28,BR0039,45546.33,Active
ACC005920,CUST00715,Savings,2020-06-01,BR0031,38838.52,Active
ACC005921,CUST04427,Savings,2023-12-30,BR0047,41646.05,Active
ACC005922,CUST00548,Savings,2026-08-06,BR0038,6076.42,Active
ACC005923,CUST03404,Current,2026-03-31,BR0047,25303.96,Inactive
ACC005924,CUST03385,Current,2025-05-06,BR0030,21253.57,Active
ACC005925,CUST03727,Savings,2025-12-17,BR0027,32399.6,Active
ACC005926,CUST03737,Current,2023-07-05,BR0020,25331.64,Active
ACC005927,CUST02448,Current,2022-11-26,BR0040,34739.74,Active
ACC005928,CUST01705,Current,2025-03-30,BR0033,15157.33,Active
ACC005929,CUST02711,Salary,2024-05-11,BR0017,23631.38,Active
ACC005930,CUST00910,Savings,2021-09-13,BR0004,5047.28,Active
ACC005931,CUST01674,Salary,2025-11-08,BR0021,15004.59,Active
ACC005932,CUST01926,Savings,2020-07-08,BR0035,116891.36,Active
ACC005933,CUST01109,Savings,2022-12-27,BR0045,32291.85,Active
ACC005934,CUST00674,Savings,2020-02-06,BR0024,21480.37,Active
ACC005935,CUST00573,Current,2024-04-27,BR0042,214346.24,Active
ACC005936,CUST02756,Salary,2021-03-12,BR0002,4302.7,Active
ACC005937,CUST01174,Current,2025-10-04,BR0017,5817.66,Active
ACC005938,CUST01136,Current,2023-05-22,BR0001,172000.68,Active
ACC005939,CUST02306,Salary,2020-09-04,BR0007,23275.42,Active
ACC005940,CUST01011,Salary,2025-02-20,BR0020,16463.49,Active
ACC005941,CUST04154,Current,2023-08-21,BR0028,5223.67,Active
ACC005942,CUST03442,Current,2021-02-21,BR0036,37693.22,Blocked
ACC005943,CUST02089,Salary,2020-03-09,BR0009,42334.25,Active
ACC005944,CUST04743,Current,2023-07-16,BR0016,5923.05,Active
ACC005945,CUST04778,Current,2025-06-30,BR0004,18614.0,Active
ACC005946,CUST02681,Current,2021-06-24,BR0011,14726.16,Active
ACC005947,CUST00276,Savings,2021-05-03,BR0015,29946.64,Active
ACC005948,CUST02960,Salary,2023-06-02,BR0040,5749.68,Active
ACC005949,CUST03786,Savings,2026-05-06,BR0011,98946.73,Active
ACC005950,CUST01481,Salary,2025-10-01,BR0017,66104.26,Active
ACC005951,CUST04583,Salary,2025-11-04,BR0006,14245.4,Active
ACC005952,CUST04829,Current,2021-07-01,BR0039,16988.6,Active
ACC005953,CUST00677,Current,2024-06-13,BR0044,18700.27,Active
ACC005954,CUST04771,Savings,2025-03-23,BR0048,8656.19,Active
ACC005955,CUST04784,Current,2024-08-08,BR0021,12937.49,Active
ACC005956,CUST03225,Salary,2021-03-26,BR0019,15925.48,Blocked
ACC005957,CUST03544,Current,2019-11-24,BR0050,152579.65,Active
ACC005958,CUST01952,Salary,2022-06-03,BR0001,68592.74,Active
ACC005959,CUST00595,Current,2021-03-12,BR0011,67615.04,Active
ACC005960,CUST01280,Salary,2021-02-12,BR0034,34334.66,Active
ACC005961,CUST04411,Current,2020-12-20,BR0022,5762.97,Active
ACC005962,CUST00077,Savings,2024-07-21,BR0033,20956.64,Active
ACC005963,CUST03999,Salary,2024-06-21,BR0044,70585.93,Active
ACC005964,CUST00370,Savings,2024-11-17,BR0044,4866.27,Active
ACC005965,CUST03699,Savings,2021-06-21,BR0048,47281.0,Active
ACC005966,CUST01872,Current,2025-12-14,BR0032,357585.96,Active
ACC005967,CUST02816,Savings,2023-02-25,BR0048,78761.53,Active
ACC005968,CUST04125,Salary,2021-02-07,BR0002,120190.7,Active
ACC005969,CUST02537,Salary,2020-07-04,BR0005,28624.16,Active
ACC005970,CUST00266,Salary,2025-11-18,BR0032,70369.72,Active
ACC005971,CUST03469,Savings,2023-04-13,BR0044,9307.5,Active
ACC005972,CUST03389,Savings,2026-06-13,BR0015,57241.62,Active
ACC005973,CUST00104,Salary,2022-06-06,BR0032,48303.81,Active
ACC005974,CUST01045,Salary,2025-03-28,BR0048,31191.27,Active
ACC005975,CUST02198,Current,2024-08-17,BR0031,106852.95,Active
ACC005976,CUST01454,Current,2020-04-16,BR0023,11538.66,Active
ACC005977,CUST01468,Salary,2025-02-04,BR0033,17597.83,Active
ACC005978,CUST01649,Savings,2022-03-25,BR0049,24699.9,Active
ACC005979,CUST03274,Current,2021-08-29,BR0044,6402.65,Active
ACC005980,CUST02773,Savings,2024-05-09,BR0023,28920.86,Active
ACC005981,CUST03465,Current,2024-05-01,BR0034,2799.74,Active
ACC005982,CUST00576,Current,2020-11-14,BR0023,77369.31,Active
ACC005983,CUST00900,Salary,2021-08-29,BR0021,23294.32,Active
ACC005984,CUST03407,Salary,2021-01-24,BR0027,11789.07,Active
ACC005985,CUST03452,Current,2022-06-01,BR0036,8092.97,Blocked
ACC005986,CUST02471,Savings,2025-03-16,BR0037,16622.38,Active
ACC005987,CUST01958,Current,2022-09-28,BR0017,50307.61,Active
ACC005988,CUST00116,Current,2025-08-16,BR0037,42501.17,Active
ACC005989,CUST02569,Savings,2021-09-23,BR0045,9446.07,Active
ACC005990,CUST00588,Savings,2026-05-13,BR0014,7980.47,Active
ACC005991,CUST03403,Savings,2024-07-24,BR0012,48449.56,Active
ACC005992,CUST03043,Savings,2024-03-30,BR0033,9257.44,Active
ACC005993,CUST03236,Salary,2021-05-18,BR0026,23668.3,Active
ACC005994,CUST01054,Savings,2022-05-16,BR0010,25552.89,Active
ACC005995,CUST03520,Salary,2024-05-18,BR0029,32031.48,Active
ACC005996,CUST02556,Salary,2022-04-09,BR0049,61692.92,Active
ACC005997,CUST03178,Salary,2021-12-01,BR0032,4838.91,Active
ACC005998,CUST04306,Current,2023-03-16,BR0037,2222.99,Active
ACC005999,CUST04158,Salary,2020-09-08,BR0039,11148.53,Blocked
ACC006000,CUST01624,Savings,2023-10-23,BR0037,191345.14,Active
ACC006001,CUST01839,Savings,2025-10-24,BR0023,249349.03,Active
ACC006002,CUST00418,Current,2025-02-17,BR0046,198275.46,Active
ACC006003,CUST04676,Savings,2023-08-03,BR0012,17473.18,Active
ACC006004,CUST04616,Salary,2025-12-02,BR0006,2595.31,Active
ACC006005,CUST01091,Savings,2025-12-22,BR0001,1323.92,Inactive
ACC006006,CUST01099,Current,2023-11-05,BR0019,10542.33,Active
ACC006007,CUST00082,Savings,2021-07-05,BR0032,17366.73,Active
ACC006008,CUST00885,Salary,2021-01-08,BR0006,104898.71,Active
ACC006009,CUST04116,Current,2026-07-11,BR0016,62402.87,Active
ACC006010,CUST00140,Salary,2022-12-29,BR0024,28937.28,Active
ACC006011,CUST01854,Current,2022-02-11,BR0001,7571.8,Active
ACC006012,CUST01229,Savings,2021-10-01,BR0013,6953.95,Active
ACC006013,CUST01545,Current,2019-10-25,BR0027,29880.26,Active
ACC006014,CUST02891,Current,2024-07-04,BR0030,50841.14,Active
ACC006015,CUST02371,Savings,2022-06-24,BR0050,35251.29,Active
ACC006016,CUST02535,Savings,2021-11-14,BR0001,6364.45,Active
ACC006017,CUST00069,Salary,2021-10-22,BR0003,48088.64,Active
ACC006018,CUST01306,Current,2024-07-24,BR0014,36720.6,Active
ACC006019,CUST01045,Current,2026-07-18,BR0050,6094.86,Active
ACC006020,CUST03642,Current,2026-03-29,BR0045,8593.96,Blocked
ACC006021,CUST01696,Salary,2023-11-20,BR0021,50321.88,Active
ACC006022,CUST01879,Current,2024-11-05,BR0027,16623.8,Active
ACC006023,CUST04562,Salary,2025-09-25,BR0045,148297.66,Active
ACC006024,CUST00106,Savings,2025-10-25,BR0035,40189.26,Active
ACC006025,CUST03517,Salary,2020-08-21,BR0046,12283.87,Active
ACC006026,CUST02700,Salary,2021-03-08,BR0043,21758.36,Blocked
ACC006027,CUST01137,Salary,2023-06-14,BR0005,23767.16,Active
ACC006028,CUST01638,Salary,2024-10-13,BR0043,9190.56,Active
ACC006029,CUST00844,Savings,2024-08-08,BR0042,7367.95,Active
ACC006030,CUST04117,Savings,2023-05-20,BR0030,51106.55,Active
ACC006031,CUST04939,Savings,2019-09-03,BR0014,60738.19,Active
ACC006032,CUST03473,Current,2021-03-28,BR0026,45457.71,Active
ACC006033,CUST02489,Current,2024-07-04,BR0012,135724.41,Active
ACC006034,CUST02018,Savings,2021-02-17,BR0027,11497.35,Inactive
ACC006035,CUST02674,Salary,2023-05-24,BR0033,164246.71,Active
ACC006036,CUST00084,Savings,2020-03-30,BR0013,7471.83,Inactive
ACC006037,CUST04026,Salary,2021-01-10,BR0004,6534.02,Active
ACC006038,CUST04926,Current,2020-02-14,BR0002,2665.24,Active
ACC006039,CUST04019,Current,2022-06-19,BR0014,12900.81,Active
ACC006040,CUST01622,Salary,2021-09-29,BR0048,12034.5,Active
ACC006041,CUST01646,Savings,2025-04-27,BR0046,41403.67,Active
ACC006042,CUST02810,Savings,2024-09-19,BR0045,29515.45,Active
ACC006043,CUST02704,Current,2023-08-20,BR0029,5262.87,Active
ACC006044,CUST04769,Salary,2026-02-10,BR0022,13749.1,Active
ACC006045,CUST02045,Savings,2024-02-18,BR0024,14104.45,Active
ACC006046,CUST03726,Salary,2023-11-19,BR0004,2614.48,Active
ACC006047,CUST00550,Savings,2025-10-06,BR0045,6787.68,Active
ACC006048,CUST03261,Current,2020-08-09,BR0010,8734.39,Active
ACC006049,CUST02393,Salary,2021-06-21,BR0039,123050.49,Active
ACC006050,CUST02913,Savings,2023-10-27,BR0047,27715.33,Active
ACC006051,CUST04140,Savings,2025-09-02,BR0033,48756.92,Active
ACC006052,CUST01387,Savings,2026-08-08,BR0046,3646.92,Active
ACC006053,CUST00990,Current,2022-06-06,BR0038,92323.81,Active
ACC006054,CUST04069,Current,2020-10-28,BR0018,104958.73,Active
ACC006055,CUST02016,Current,2024-07-30,BR0047,2002.17,Active
ACC006056,CUST02884,Current,2024-05-25,BR0027,9448.58,Active
ACC006057,CUST01128,Salary,2024-01-24,BR0011,39931.42,Inactive
ACC006058,CUST03169,Savings,2021-09-19,BR0037,47727.65,Active
ACC006059,CUST02203,Salary,2020-10-04,BR0037,9757.64,Active
ACC006060,CUST00195,Savings,2020-12-01,BR0037,15266.26,Active
ACC006061,CUST02159,Salary,2019-11-21,BR0050,10755.18,Active
ACC006062,CUST02098,Salary,2026-07-23,BR0021,25147.2,Active
ACC006063,CUST03353,Current,2025-05-23,BR0005,92652.78,Active
ACC006064,CUST01948,Salary,2026-01-19,BR0035,8732.0,Active
ACC006065,CUST02812,Salary,2020-06-27,BR0022,73202.48,Active
ACC006066,CUST00279,Salary,2020-10-17,BR0038,8621.32,Active
ACC006067,CUST03011,Salary,2026-05-25,BR0023,7965.28,Active
ACC006068,CUST03634,Salary,2022-09-30,BR0013,58824.49,Active
ACC006069,CUST01707,Salary,2023-01-10,BR0045,66590.93,Active
ACC006070,CUST02987,Salary,2025-11-07,BR0049,61187.12,Active
ACC006071,CUST00126,Savings,2026-05-17,BR0038,4541.64,Active
ACC006072,CUST00713,Savings,2025-10-28,BR0041,12592.53,Active
ACC006073,CUST03401,Current,2020-02-10,BR0007,59135.48,Active
ACC006074,CUST02681,Salary,2024-04-23,BR0015,23152.32,Active
ACC006075,CUST04351,Current,2021-04-02,BR0035,6072.76,Active
ACC006076,CUST03591,Savings,2021-02-14,BR0001,38176.73,Active
ACC006077,CUST00239,Savings,2019-12-20,BR0041,9341.59,Active
ACC006078,CUST04511,Salary,2020-01-11,BR0007,189743.76,Inactive
ACC006079,CUST01294,Savings,2021-11-27,BR0049,140619.05,Active
ACC006080,CUST03498,Current,2026-02-14,BR0031,45474.95,Active
ACC006081,CUST01801,Current,2024-05-12,BR0011,112781.55,Inactive
ACC006082,CUST01634,Salary,2023-10-23,BR0029,23807.35,Active
ACC006083,CUST02050,Salary,2024-10-22,BR0015,55189.33,Blocked
ACC006084,CUST03075,Current,2026-07-19,BR0027,129736.97,Active
ACC006085,CUST03769,Salary,2025-06-26,BR0007,29572.45,Active
ACC006086,CUST00021,Current,2023-08-11,BR0026,16216.35,Active
ACC006087,CUST02671,Current,2024-01-23,BR0019,2848.23,Active
ACC006088,CUST01588,Salary,2023-12-07,BR0027,19935.15,Active
ACC006089,CUST00279,Current,2023-12-14,BR0017,59166.32,Active
ACC006090,CUST03692,Savings,2024-06-27,BR0039,68511.72,Active
ACC006091,CUST03216,Current,2023-05-18,BR0047,40345.62,Active
ACC006092,CUST04837,Salary,2022-08-15,BR0022,11503.9,Active
ACC006093,CUST03488,Salary,2025-06-18,BR0042,2054.55,Active
ACC006094,CUST01975,Salary,2021-06-10,BR0043,12157.99,Active
ACC006095,CUST02899,Salary,2025-07-19,BR0033,15287.43,Active
ACC006096,CUST01021,Savings,2025-12-11,BR0011,15130.76,Active
ACC006097,CUST00775,Savings,2025-10-16,BR0038,46270.86,Active
ACC006098,CUST03461,Current,2025-08-24,BR0009,238663.93,Active
ACC006099,CUST04058,Salary,2022-10-25,BR0004,25545.97,Active
ACC006100,CUST04617,Current,2025-04-29,BR0034,16982.21,Active
ACC006101,CUST00116,Savings,2024-01-09,BR0050,16138.03,Active
ACC006102,CUST01001,Current,2022-09-09,BR0039,25572.22,Active
ACC006103,CUST00107,Savings,2021-03-21,BR0002,8152.24,Active
ACC006104,CUST04751,Salary,2021-08-30,BR0004,25444.08,Inactive
ACC006105,CUST00287,Current,2025-01-26,BR0014,37834.43,Active
ACC006106,CUST02624,Current,2024-03-14,BR0026,28328.49,Active
ACC006107,CUST01899,Salary,2023-01-02,BR0020,38141.2,Active
ACC006108,CUST02319,Savings,2020-03-02,BR0026,37067.55,Active
ACC006109,CUST01901,Salary,2026-06-11,BR0041,2627.33,Inactive
ACC006110,CUST04543,Salary,2026-01-13,BR0018,47298.99,Active
ACC006111,CUST00880,Salary,2026-05-16,BR0034,9845.62,Active
ACC006112,CUST04713,Current,2026-07-27,BR0032,5913.5,Active
ACC006113,CUST01795,Savings,2026-03-09,BR0007,5852.7,Active
ACC006114,CUST00109,Current,2019-12-29,BR0019,37058.39,Active
ACC006115,CUST04437,Salary,2021-05-14,BR0017,16863.56,Active
ACC006116,CUST01435,Current,2019-10-18,BR0041,2926.72,Active
ACC006117,CUST00710,Salary,2022-01-06,BR0042,39090.92,Active
ACC006118,CUST02895,Salary,2022-03-21,BR0020,3914.61,Active
ACC006119,CUST00118,Salary,2021-08-29,BR0019,26050.33,Active
ACC006120,CUST04731,Current,2022-12-13,BR0005,29325.09,Active
ACC006121,CUST02569,Salary,2025-02-20,BR0029,63747.96,Active
ACC006122,CUST04831,Savings,2020-05-06,BR0047,186842.58,Active
ACC006123,CUST01143,Savings,2026-07-31,BR0036,4282.91,Active
ACC006124,CUST03668,Salary,2024-07-09,BR0027,20682.26,Blocked
ACC006125,CUST03189,Current,2026-05-28,BR0003,15810.0,Blocked
ACC006126,CUST03173,Savings,2024-07-12,BR0047,37067.64,Active
ACC006127,CUST02623,Savings,2022-05-18,BR0013,28532.6,Active
ACC006128,CUST02538,Savings,2020-07-31,BR0042,14428.27,Active
ACC006129,CUST03854,Salary,2023-07-25,BR0014,12976.79,Active
ACC006130,CUST02350,Current,2020-03-19,BR0043,5769.03,Active
ACC006131,CUST01593,Savings,2022-08-07,BR0034,72072.94,Active
ACC006132,CUST01611,Current,2021-01-13,BR0016,38217.36,Active
ACC006133,CUST04657,Salary,2021-06-08,BR0014,66258.69,Active
ACC006134,CUST03668,Salary,2025-11-03,BR0001,15176.82,Active
ACC006135,CUST03129,Savings,2024-07-02,BR0033,10014.58,Active
ACC006136,CUST00037,Current,2020-06-11,BR0008,6039.17,Active
ACC006137,CUST02531,Salary,2019-11-04,BR0006,33884.1,Active
ACC006138,CUST00961,Savings,2026-04-11,BR0015,6324.89,Active
ACC006139,CUST00864,Savings,2020-12-01,BR0031,202479.86,Active
ACC006140,CUST00463,Current,2025-02-12,BR0029,4586.3,Active
ACC006141,CUST03326,Current,2024-07-23,BR0032,30588.89,Active
ACC006142,CUST01119,Salary,2021-01-27,BR0043,144383.13,Active
ACC006143,CUST04971,Savings,2026-04-11,BR0049,45202.5,Active
ACC006144,CUST01866,Savings,2025-11-09,BR0010,27195.55,Active
ACC006145,CUST03637,Current,2024-08-22,BR0029,6889.95,Active
ACC006146,CUST02929,Salary,2026-01-08,BR0040,4195.96,Active
ACC006147,CUST01522,Savings,2022-08-11,BR0044,55495.66,Active
ACC006148,CUST01714,Current,2025-04-19,BR0001,134238.95,Active
ACC006149,CUST04005,Salary,2019-11-08,BR0031,13008.78,Active
ACC006150,CUST01391,Current,2020-06-08,BR0049,5614.6,Active
ACC006151,CUST01434,Current,2022-03-23,BR0021,1153.09,Active
ACC006152,CUST03813,Savings,2021-05-04,BR0013,6789.16,Active
ACC006153,CUST02309,Salary,2023-09-18,BR0027,19218.18,Active
ACC006154,CUST02120,Salary,2022-01-03,BR0024,150083.62,Active
ACC006155,CUST02533,Current,2025-03-18,BR0015,49402.7,Active
ACC006156,CUST01456,Current,2025-11-25,BR0029,31764.43,Active
ACC006157,CUST02435,Salary,2023-12-31,BR0034,13627.65,Active
ACC006158,CUST02648,Savings,2021-04-16,BR0047,10940.22,Active
ACC006159,CUST04945,Salary,2020-02-18,BR0004,118987.9,Active
ACC006160,CUST04265,Current,2024-11-08,BR0007,28025.95,Active
ACC006161,CUST00844,Savings,2021-04-26,BR0021,1766.72,Active
ACC006162,CUST03903,Savings,2019-09-10,BR0015,9815.84,Active
ACC006163,CUST02821,Savings,2024-07-21,BR0021,7864.71,Active
ACC006164,CUST02350,Salary,2023-03-09,BR0027,11435.56,Active
ACC006165,CUST00304,Salary,2023-08-25,BR0024,43282.03,Active
ACC006166,CUST03390,Salary,2020-05-08,BR0001,19361.97,Inactive
ACC006167,CUST04462,Savings,2021-06-09,BR0033,20085.66,Active
ACC006168,CUST00555,Salary,2025-06-28,BR0015,106528.5,Active
ACC006169,CUST02652,Salary,2024-09-11,BR0004,9549.52,Active
ACC006170,CUST03973,Current,2023-11-26,BR0033,206290.25,Inactive
ACC006171,CUST00423,Savings,2020-06-09,BR0041,9842.16,Active
ACC006172,CUST02819,Current,2024-10-29,BR0013,24514.94,Active
ACC006173,CUST01693,Salary,2020-08-17,BR0037,15717.9,Active
ACC006174,CUST02463,Salary,2020-11-19,BR0024,25542.6,Active
ACC006175,CUST02630,Current,2023-01-12,BR0004,37553.07,Active
ACC006176,CUST02596,Current,2020-01-23,BR0047,37071.45,Active
ACC006177,CUST04346,Salary,2025-01-13,BR0009,8921.86,Active
ACC006178,CUST04387,Salary,2020-12-06,BR0001,5724.45,Active
ACC006179,CUST01660,Savings,2025-11-15,BR0018,444100.49,Blocked
ACC006180,CUST01191,Current,2020-12-09,BR0006,12322.95,Active
ACC006181,CUST04304,Salary,2020-08-19,BR0043,50973.18,Active
ACC006182,CUST01317,Salary,2021-05-30,BR0045,3199.76,Active
ACC006183,CUST03096,Salary,2020-12-27,BR0030,15747.94,Inactive
ACC006184,CUST02056,Current,2020-08-26,BR0027,18908.38,Active
ACC006185,CUST01474,Savings,2025-06-28,BR0041,38846.69,Active
ACC006186,CUST01714,Salary,2025-08-10,BR0036,839.71,Active
ACC006187,CUST02287,Current,2023-07-26,BR0036,26886.21,Active
ACC006188,CUST01519,Current,2023-02-20,BR0034,5543.11,Active
ACC006189,CUST01551,Savings,2023-08-14,BR0040,32507.13,Active
ACC006190,CUST04686,Current,2026-01-19,BR0006,6351.24,Active
ACC006191,CUST01440,Salary,2025-04-07,BR0015,7890.55,Active
ACC006192,CUST00008,Current,2020-11-01,BR0012,15861.45,Active
ACC006193,CUST04750,Current,2020-02-08,BR0047,6230.45,Active
ACC006194,CUST04111,Current,2020-08-17,BR0018,12448.54,Active
ACC006195,CUST02280,Savings,2024-10-20,BR0035,5260.33,Active
ACC006196,CUST02608,Salary,2026-03-18,BR0034,2441.08,Active
ACC006197,CUST01959,Savings,2025-12-29,BR0017,74723.39,Active
ACC006198,CUST00420,Savings,2025-05-18,BR0023,4650.55,Active
ACC006199,CUST00230,Savings,2020-05-29,BR0011,17775.62,Active
ACC006200,CUST03532,Current,2020-08-20,BR0013,54364.64,Active
ACC006201,CUST02481,Salary,2020-08-10,BR0001,10530.88,Active
ACC006202,CUST03660,Salary,2022-11-26,BR0049,8182.89,Active
ACC006203,CUST03116,Current,2023-01-28,BR0029,28896.79,Active
ACC006204,CUST04127,Salary,2020-07-15,BR0046,84248.04,Active
ACC006205,CUST01141,Savings,2020-10-01,BR0013,5414.42,Active
ACC006206,CUST03004,Savings,2021-03-09,BR0034,18394.79,Active
ACC006207,CUST04423,Current,2020-01-03,BR0035,2754.54,Active
ACC006208,CUST02394,Salary,2020-09-04,BR0014,13741.27,Active
ACC006209,CUST03168,Savings,2024-11-25,BR0044,22949.37,Active
ACC006210,CUST04410,Savings,2025-10-15,BR0014,7898.68,Active
ACC006211,CUST01393,Current,2019-12-03,BR0035,12728.64,Active
ACC006212,CUST04266,Salary,2023-06-13,BR0042,4064.83,Active
ACC006213,CUST03237,Current,2020-10-21,BR0043,24160.98,Active
ACC006214,CUST01715,Savings,2025-10-19,BR0026,78185.0,Active
ACC006215,CUST00135,Salary,2022-07-26,BR0019,5904.25,Active
ACC006216,CUST00845,Current,2025-04-11,BR0011,10433.68,Active
ACC006217,CUST01248,Salary,2025-12-19,BR0050,40257.66,Active
ACC006218,CUST01700,Salary,2024-02-25,BR0026,94325.69,Active
ACC006219,CUST00403,Salary,2026-02-11,BR0019,3670.83,Active
ACC006220,CUST04093,Current,2023-05-16,BR0037,17987.97,Active
ACC006221,CUST00740,Current,2021-10-06,BR0016,30938.51,Active
ACC006222,CUST01824,Salary,2021-05-02,BR0003,19487.57,Active
ACC006223,CUST00779,Savings,2024-12-12,BR0046,1127.6,Inactive
ACC006224,CUST00803,Current,2026-01-01,BR0027,40187.37,Active
ACC006225,CUST03075,Current,2025-11-09,BR0012,136380.44,Blocked
ACC006226,CUST01178,Salary,2021-06-21,BR0018,25336.32,Active
ACC006227,CUST02607,Current,2019-12-19,BR0005,6391.17,Active
ACC006228,CUST00022,Salary,2022-02-23,BR0041,11899.45,Active
ACC006229,CUST03100,Savings,2024-07-06,BR0011,184221.79,Active
ACC006230,CUST02884,Savings,2021-04-14,BR0049,65640.95,Active
ACC006231,CUST00016,Salary,2023-04-27,BR0020,47478.49,Active
ACC006232,CUST00654,Savings,2022-11-19,BR0025,33782.4,Active
ACC006233,CUST03397,Salary,2022-07-08,BR0003,9963.02,Active
ACC006234,CUST00493,Savings,2021-06-03,BR0025,17314.76,Active
ACC006235,CUST02427,Current,2024-03-17,BR0038,20060.19,Active
ACC006236,CUST00852,Current,2019-10-06,BR0017,42594.87,Active
ACC006237,CUST02749,Savings,2025-04-07,BR0033,134686.17,Active
ACC006238,CUST00868,Salary,2021-03-03,BR0025,84288.93,Active
ACC006239,CUST01099,Current,2023-07-10,BR0018,4010.77,Active
ACC006240,CUST00196,Current,2025-03-08,BR0025,28819.11,Active
ACC006241,CUST04471,Salary,2025-04-22,BR0019,53322.63,Active
ACC006242,CUST03856,Savings,2026-07-20,BR0010,46287.74,Active
ACC006243,CUST03528,Current,2022-03-19,BR0004,10351.84,Active
ACC006244,CUST02244,Savings,2026-04-03,BR0014,727181.27,Active
ACC006245,CUST04688,Savings,2024-01-30,BR0023,4757.6,Active
ACC006246,CUST02083,Savings,2020-07-12,BR0030,6003.96,Active
ACC006247,CUST00555,Salary,2020-12-02,BR0001,29153.03,Active
ACC006248,CUST01406,Salary,2026-02-24,BR0034,279334.05,Active
ACC006249,CUST01384,Savings,2026-04-29,BR0043,8075.31,Active
ACC006250,CUST02835,Salary,2022-01-18,BR0048,16010.59,Active
ACC006251,CUST03487,Current,2021-02-23,BR0029,80237.99,Active
ACC006252,CUST04431,Current,2020-07-03,BR0015,21559.36,Active
ACC006253,CUST01632,Savings,2020-05-31,BR0032,14742.29,Active
ACC006254,CUST02087,Current,2022-01-25,BR0037,43423.65,Active
ACC006255,CUST02924,Current,2019-11-04,BR0048,30546.99,Active
ACC006256,CUST01399,Salary,2026-05-14,BR0036,75851.03,Active
ACC006257,CUST02398,Salary,2024-05-25,BR0012,103752.41,Active
ACC006258,CUST01474,Salary,2025-06-17,BR0043,31837.61,Active
ACC006259,CUST00592,Current,2023-01-03,BR0042,31259.52,Active
ACC006260,CUST04170,Salary,2024-12-19,BR0044,28479.31,Active
ACC006261,CUST00907,Current,2024-02-11,BR0026,39614.74,Active
ACC006262,CUST00985,Savings,2020-11-04,BR0027,23534.08,Active
ACC006263,CUST01362,Current,2022-07-08,BR0003,22010.39,Active
ACC006264,CUST00468,Current,2019-09-22,BR0048,92591.49,Active
ACC006265,CUST01114,Current,2024-07-20,BR0048,135854.46,Active
ACC006266,CUST00520,Savings,2025-04-21,BR0039,3608.1,Active
ACC006267,CUST00444,Savings,2022-06-05,BR0045,22292.94,Active
ACC006268,CUST02994,Savings,2020-10-17,BR0048,9638.94,Active
ACC006269,CUST03985,Current,2020-12-04,BR0039,15166.35,Active
ACC006270,CUST01245,Savings,2024-09-20,BR0036,35704.05,Active
ACC006271,CUST02308,Current,2022-02-01,BR0004,49184.12,Active
ACC006272,CUST01901,Current,2022-11-04,BR0042,19253.5,Active
ACC006273,CUST02105,Savings,2020-09-29,BR0039,2217.18,Active
ACC006274,CUST02180,Savings,2019-10-18,BR0047,6918.44,Active
ACC006275,CUST02920,Salary,2024-09-05,BR0034,64589.01,Active
ACC006276,CUST01842,Savings,2021-04-18,BR0034,821.79,Active
ACC006277,CUST02087,Savings,2025-08-10,BR0019,91574.91,Active
ACC006278,CUST02014,Savings,2022-10-08,BR0038,41170.45,Active
ACC006279,CUST04222,Current,2022-08-17,BR0002,106874.58,Active
ACC006280,CUST00469,Current,2025-10-14,BR0043,17356.41,Active
ACC006281,CUST04060,Salary,2022-11-20,BR0007,1856.25,Active
ACC006282,CUST00228,Current,2026-05-18,BR0008,36917.29,Active
ACC006283,CUST01732,Current,2020-03-18,BR0032,101679.78,Active
ACC006284,CUST00487,Salary,2026-07-18,BR0004,66813.88,Active
ACC006285,CUST02367,Current,2025-12-17,BR0031,9944.45,Active
ACC006286,CUST01897,Salary,2025-11-28,BR0007,24443.35,Active
ACC006287,CUST03864,Savings,2025-03-22,BR0032,11621.32,Active
ACC006288,CUST00081,Savings,2019-08-29,BR0013,8241.03,Active
ACC006289,CUST02921,Current,2026-07-02,BR0034,69318.44,Active
ACC006290,CUST04130,Salary,2021-06-22,BR0018,5234.16,Active
ACC006291,CUST04342,Current,2025-09-26,BR0022,7535.8,Active
ACC006292,CUST03988,Savings,2025-04-28,BR0031,5855.69,Active
ACC006293,CUST02279,Salary,2024-06-27,BR0025,3683.81,Active
ACC006294,CUST00041,Current,2024-09-20,BR0009,26257.24,Active
ACC006295,CUST03101,Salary,2022-08-02,BR0004,88769.97,Active
ACC006296,CUST03850,Current,2020-09-27,BR0007,17643.94,Active
ACC006297,CUST04574,Savings,2026-04-11,BR0035,3615.92,Active
ACC006298,CUST03575,Salary,2025-07-22,BR0039,60351.04,Active
ACC006299,CUST01261,Current,2024-08-11,BR0009,166515.24,Active
ACC006300,CUST04798,Salary,2023-11-15,BR0019,10142.7,Active
ACC006301,CUST01770,Salary,2019-10-18,BR0016,12403.51,Active
ACC006302,CUST00959,Current,2026-04-03,BR0002,40896.21,Active
ACC006303,CUST04979,Salary,2020-06-22,BR0022,154237.44,Active
ACC006304,CUST03614,Current,2021-08-06,BR0009,11804.06,Active
ACC006305,CUST03528,Current,2023-07-05,BR0036,4451.78,Active
ACC006306,CUST04579,Savings,2020-08-28,BR0014,46990.57,Active
ACC006307,CUST00809,Current,2020-11-08,BR0013,57462.15,Active
ACC006308,CUST04287,Savings,2021-12-28,BR0030,22189.13,Active
ACC006309,CUST02144,Salary,2021-04-09,BR0036,11273.84,Active
ACC006310,CUST02772,Savings,2023-04-03,BR0032,72638.8,Active
ACC006311,CUST02193,Savings,2022-09-14,BR0040,41508.07,Active
ACC006312,CUST04221,Savings,2024-04-28,BR0049,8759.35,Active
ACC006313,CUST00094,Savings,2022-06-05,BR0040,23363.11,Active
ACC006314,CUST02932,Savings,2024-03-28,BR0039,4350.09,Active
ACC006315,CUST03254,Savings,2022-10-08,BR0034,50164.78,Active
ACC006316,CUST02833,Savings,2022-12-11,BR0012,16079.81,Active
ACC006317,CUST04579,Current,2022-04-05,BR0016,13057.88,Active
ACC006318,CUST00248,Savings,2026-02-19,BR0006,21174.45,Active
ACC006319,CUST04935,Current,2020-10-03,BR0047,23118.06,Active
ACC006320,CUST02696,Current,2021-06-14,BR0047,64467.47,Active
ACC006321,CUST03683,Current,2019-11-18,BR0003,44770.68,Active
ACC006322,CUST04821,Salary,2021-11-08,BR0003,18257.09,Active
ACC006323,CUST03417,Current,2020-04-14,BR0035,55072.28,Active
ACC006324,CUST02540,Current,2025-12-19,BR0025,35627.91,Inactive
ACC006325,CUST02756,Salary,2026-04-09,BR0031,13201.43,Inactive
ACC006326,CUST01909,Salary,2020-12-23,BR0025,18964.77,Active
ACC006327,CUST00257,Salary,2019-11-13,BR0013,18437.33,Active
ACC006328,CUST02055,Savings,2020-11-05,BR0022,40389.03,Active
ACC006329,CUST03289,Salary,2023-10-01,BR0047,14179.79,Active
ACC006330,CUST00420,Salary,2020-02-09,BR0048,13787.38,Active
ACC006331,CUST00898,Salary,2023-03-30,BR0044,233867.21,Active
ACC006332,CUST02571,Current,2020-09-11,BR0040,68028.54,Active
ACC006333,CUST01758,Savings,2022-09-23,BR0031,8842.1,Active
ACC006334,CUST01324,Savings,2024-11-15,BR0044,43701.13,Active
ACC006335,CUST04148,Current,2021-01-10,BR0043,25387.7,Active
ACC006336,CUST00560,Salary,2023-09-23,BR0047,35237.33,Active
ACC006337,CUST04721,Salary,2021-08-12,BR0007,25972.92,Active
ACC006338,CUST04148,Current,2024-05-23,BR0012,91818.69,Active
ACC006339,CUST02026,Current,2023-11-10,BR0049,33347.71,Active
ACC006340,CUST00263,Current,2022-01-05,BR0035,20445.0,Active
ACC006341,CUST03602,Salary,2020-02-29,BR0046,76928.27,Active
ACC006342,CUST00905,Savings,2021-01-23,BR0025,29142.18,Active
ACC006343,CUST03909,Salary,2024-09-29,BR0011,25483.19,Active
ACC006344,CUST00547,Salary,2024-12-01,BR0010,32106.93,Active
ACC006345,CUST04808,Savings,2020-03-04,BR0011,19686.12,Active
ACC006346,CUST04606,Salary,2023-06-02,BR0042,22271.71,Active
ACC006347,CUST04169,Current,2025-10-06,BR0042,10893.99,Active
ACC006348,CUST04731,Salary,2025-10-14,BR0038,8942.76,Active
ACC006349,CUST03313,Savings,2020-05-17,BR0041,6645.64,Active
ACC006350,CUST00819,Salary,2023-04-26,BR0045,4144.84,Active
ACC006351,CUST04590,Current,2023-04-11,BR0024,7664.38,Active
ACC006352,CUST01859,Savings,2024-09-03,BR0046,17870.02,Active
ACC006353,CUST01758,Current,2019-11-03,BR0027,24927.85,Active
ACC006354,CUST04339,Current,2023-02-27,BR0024,15905.88,Active
ACC006355,CUST04048,Savings,2021-08-03,BR0032,1303.95,Active
ACC006356,CUST03566,Salary,2020-10-02,BR0017,145728.94,Active
ACC006357,CUST00783,Current,2020-09-21,BR0048,81127.41,Active
ACC006358,CUST00040,Savings,2022-01-16,BR0048,37605.73,Active
ACC006359,CUST00297,Current,2024-03-01,BR0024,217290.14,Active
ACC006360,CUST01221,Savings,2025-03-06,BR0050,6816.92,Active
ACC006361,CUST01008,Savings,2020-07-23,BR0047,212171.49,Active
ACC006362,CUST00331,Current,2022-07-24,BR0050,6917.04,Blocked
ACC006363,CUST03984,Savings,2022-05-14,BR0038,29333.5,Active
ACC006364,CUST01322,Savings,2021-11-14,BR0047,4776.17,Active
ACC006365,CUST02705,Salary,2020-12-30,BR0020,22418.3,Active
ACC006366,CUST01689,Salary,2025-06-21,BR0018,35010.38,Active
ACC006367,CUST04823,Salary,2025-01-08,BR0032,18294.79,Active
ACC006368,CUST04909,Savings,2025-02-09,BR0024,51878.15,Active
ACC006369,CUST04888,Current,2019-09-18,BR0045,24805.42,Active
ACC006370,CUST03368,Current,2021-07-15,BR0041,11767.57,Active
ACC006371,CUST02636,Current,2025-08-12,BR0029,11157.02,Active
ACC006372,CUST03001,Salary,2025-09-09,BR0030,58284.79,Active
ACC006373,CUST01994,Salary,2022-01-28,BR0031,10051.83,Active
ACC006374,CUST00491,Salary,2019-12-04,BR0021,66070.89,Active
ACC006375,CUST04809,Salary,2021-10-09,BR0045,95535.59,Active
ACC006376,CUST04835,Savings,2020-02-24,BR0028,2973.64,Active
ACC006377,CUST04060,Current,2020-09-16,BR0008,85777.47,Active
ACC006378,CUST01598,Salary,2019-10-17,BR0026,261060.44,Active
ACC006379,CUST00876,Current,2024-11-21,BR0019,29804.2,Active
ACC006380,CUST00165,Current,2022-09-27,BR0004,45202.2,Inactive
ACC006381,CUST01293,Current,2023-02-05,BR0025,76451.08,Inactive
ACC006382,CUST00483,Savings,2023-11-15,BR0019,15826.19,Active
ACC006383,CUST00816,Current,2024-06-13,BR0044,27412.0,Active
ACC006384,CUST04049,Current,2026-03-09,BR0023,4550.36,Active
ACC006385,CUST00005,Current,2025-02-02,BR0008,26013.27,Blocked
ACC006386,CUST03670,Salary,2023-06-28,BR0046,40044.01,Active
ACC006387,CUST03840,Savings,2022-10-14,BR0029,40920.88,Active
ACC006388,CUST02669,Savings,2023-04-01,BR0027,79103.28,Active
ACC006389,CUST02422,Savings,2026-05-05,BR0045,8692.69,Active
ACC006390,CUST04666,Salary,2022-04-09,BR0039,11624.52,Active
ACC006391,CUST02410,Savings,2024-12-12,BR0033,214187.87,Active
ACC006392,CUST00825,Current,2020-03-14,BR0047,18390.8,Active
ACC006393,CUST03258,Savings,2022-10-21,BR0011,28002.26,Active
ACC006394,CUST03592,Savings,2023-06-01,BR0010,20324.61,Active
ACC006395,CUST02556,Savings,2024-09-01,BR0005,8217.19,Active
ACC006396,CUST01902,Salary,2025-05-29,BR0005,154544.14,Active
ACC006397,CUST02532,Current,2026-04-09,BR0018,11693.15,Active
ACC006398,CUST01034,Current,2022-08-11,BR0027,5694.51,Active
ACC006399,CUST02317,Current,2022-10-24,BR0030,12824.49,Blocked
ACC006400,CUST04198,Savings,2022-01-27,BR0042,1994.11,Active
ACC006401,CUST01673,Current,2023-04-07,BR0040,10081.48,Active
ACC006402,CUST00881,Current,2021-02-11,BR0046,6892.89,Active
ACC006403,CUST02875,Savings,2021-09-28,BR0043,46208.28,Active
ACC006404,CUST03219,Savings,2021-10-14,BR0016,9817.31,Active
ACC006405,CUST03861,Savings,2023-09-23,BR0006,63918.54,Active
ACC006406,CUST01268,Salary,2020-07-21,BR0004,117969.43,Active
ACC006407,CUST03539,Current,2020-10-24,BR0029,56241.51,Active
ACC006408,CUST02646,Current,2026-07-16,BR0042,17009.62,Active
ACC006409,CUST01920,Salary,2021-10-14,BR0041,26090.78,Active
ACC006410,CUST01285,Salary,2023-07-30,BR0042,3533.41,Active
ACC006411,CUST03375,Salary,2023-05-05,BR0018,18759.67,Active
ACC006412,CUST01833,Salary,2019-09-03,BR0011,7843.76,Inactive
ACC006413,CUST04101,Salary,2020-08-03,BR0028,50675.19,Active
ACC006414,CUST03821,Salary,2020-01-10,BR0043,482773.49,Active
ACC006415,CUST04539,Savings,2024-05-15,BR0016,40126.25,Inactive
ACC006416,CUST04255,Savings,2020-02-26,BR0022,2019.55,Active
ACC006417,CUST01531,Savings,2026-03-11,BR0015,14278.69,Active
ACC006418,CUST03634,Salary,2020-08-28,BR0049,25514.17,Active
ACC006419,CUST04589,Current,2026-06-06,BR0019,24460.84,Active
ACC006420,CUST03050,Savings,2026-04-25,BR0027,9163.87,Active
ACC006421,CUST00977,Savings,2024-01-09,BR0029,29565.11,Active
ACC006422,CUST02850,Salary,2020-09-10,BR0024,4959.2,Blocked
ACC006423,CUST00069,Current,2019-12-24,BR0011,7087.65,Active
ACC006424,CUST03060,Savings,2021-05-30,BR0036,47808.43,Active
ACC006425,CUST04037,Current,2019-11-16,BR0019,6510.71,Active
ACC006426,CUST01565,Current,2026-07-04,BR0044,42018.02,Active
ACC006427,CUST04475,Salary,2025-11-30,BR0028,4258.38,Active
ACC006428,CUST02605,Salary,2026-05-23,BR0026,183100.61,Active
ACC006429,CUST03270,Savings,2023-02-27,BR0021,8698.24,Active
ACC006430,CUST00287,Current,2024-05-11,BR0042,16841.48,Active
ACC006431,CUST02834,Savings,2021-08-09,BR0024,32752.54,Active
ACC006432,CUST04812,Current,2020-07-02,BR0045,11176.63,Inactive
ACC006433,CUST00619,Salary,2023-06-22,BR0013,26162.63,Active
ACC006434,CUST04268,Current,2023-01-15,BR0038,43933.31,Active
ACC006435,CUST00549,Savings,2021-12-31,BR0030,69754.41,Active
ACC006436,CUST02189,Current,2026-02-21,BR0022,56942.48,Active
ACC006437,CUST00163,Salary,2020-05-31,BR0005,17922.77,Active
ACC006438,CUST04035,Current,2023-10-23,BR0045,18472.56,Active
ACC006439,CUST01617,Current,2021-01-09,BR0027,369139.64,Active
ACC006440,CUST03250,Current,2023-04-03,BR0044,68862.49,Active
ACC006441,CUST02621,Savings,2024-01-16,BR0045,7286.74,Active
ACC006442,CUST03536,Current,2020-01-05,BR0016,24834.42,Active
ACC006443,CUST01157,Savings,2024-04-12,BR0044,14732.75,Active
ACC006444,CUST03684,Savings,2019-10-05,BR0048,18724.7,Active
ACC006445,CUST00777,Savings,2024-01-17,BR0007,5037.2,Active
ACC006446,CUST00886,Savings,2020-06-23,BR0038,13435.99,Active
ACC006447,CUST00593,Salary,2026-07-23,BR0036,193661.47,Active
ACC006448,CUST00357,Salary,2025-10-30,BR0039,44129.84,Active
ACC006449,CUST02057,Savings,2025-05-08,BR0029,1108.33,Active
ACC006450,CUST02475,Salary,2022-10-06,BR0043,94851.54,Active
ACC006451,CUST00979,Savings,2023-06-17,BR0026,81434.59,Active
ACC006452,CUST03994,Salary,2020-07-24,BR0016,14312.06,Active
ACC006453,CUST00117,Salary,2020-11-28,BR0002,52089.37,Active
ACC006454,CUST04439,Salary,2024-09-09,BR0039,7853.55,Active
ACC006455,CUST02701,Salary,2019-11-28,BR0033,12527.65,Active
ACC006456,CUST00990,Current,2025-10-09,BR0002,133020.11,Active
ACC006457,CUST02316,Salary,2020-07-27,BR0002,15897.61,Active
ACC006458,CUST00274,Salary,2022-07-25,BR0048,2336.3,Active
ACC006459,CUST00396,Current,2025-08-22,BR0025,20415.22,Blocked
ACC006460,CUST01814,Current,2020-03-01,BR0042,20044.18,Active
ACC006461,CUST03540,Salary,2023-08-04,BR0038,92785.19,Active
ACC006462,CUST01511,Savings,2020-05-14,BR0050,22408.68,Active
ACC006463,CUST00562,Savings,2021-04-24,BR0027,13281.15,Active
ACC006464,CUST04657,Current,2023-12-22,BR0027,77193.26,Active
ACC006465,CUST01124,Salary,2020-01-04,BR0005,25462.15,Active
ACC006466,CUST02381,Current,2023-02-15,BR0029,8955.05,Active
ACC006467,CUST02116,Savings,2023-07-03,BR0033,88079.67,Active
ACC006468,CUST02841,Salary,2020-07-06,BR0034,27788.96,Active
ACC006469,CUST03249,Savings,2021-09-29,BR0004,22103.94,Active
ACC006470,CUST02192,Salary,2020-02-09,BR0033,27268.57,Active
ACC006471,CUST02159,Salary,2023-07-31,BR0045,6094.84,Active
ACC006472,CUST04906,Savings,2025-09-17,BR0012,11693.82,Active
ACC006473,CUST04741,Savings,2021-08-07,BR0001,22121.36,Active
ACC006474,CUST00648,Salary,2022-06-22,BR0017,17437.94,Active
ACC006475,CUST03027,Current,2020-04-29,BR0044,101408.69,Active
ACC006476,CUST00983,Current,2020-01-21,BR0026,28592.14,Active
ACC006477,CUST04197,Salary,2026-07-25,BR0007,61444.2,Active
ACC006478,CUST02339,Salary,2022-02-04,BR0040,22276.21,Active
ACC006479,CUST00470,Current,2022-09-20,BR0016,78240.77,Active
ACC006480,CUST04668,Salary,2024-02-29,BR0049,35490.96,Active
ACC006481,CUST00823,Current,2021-12-29,BR0018,22384.06,Active
ACC006482,CUST04329,Current,2023-11-01,BR0010,21678.15,Active
ACC006483,CUST04617,Current,2022-03-15,BR0013,7007.06,Active
ACC006484,CUST01067,Savings,2021-05-06,BR0015,40469.3,Active
ACC006485,CUST01211,Current,2026-06-18,BR0047,20989.01,Inactive
ACC006486,CUST04527,Current,2023-01-21,BR0025,12059.52,Active
ACC006487,CUST01527,Current,2021-02-19,BR0007,83096.19,Active
ACC006488,CUST04658,Current,2020-08-14,BR0050,4913.49,Active
ACC006489,CUST02059,Current,2025-08-21,BR0035,13266.6,Active
ACC006490,CUST04129,Salary,2021-04-27,BR0001,75603.85,Active
ACC006491,CUST04129,Savings,2019-11-11,BR0037,32164.79,Active
ACC006492,CUST00297,Salary,2019-10-19,BR0015,20797.11,Active
ACC006493,CUST02288,Savings,2024-06-15,BR0044,29768.45,Active
ACC006494,CUST04219,Salary,2023-05-08,BR0023,27317.89,Active
ACC006495,CUST04178,Savings,2021-03-12,BR0038,3568.87,Active
ACC006496,CUST03551,Salary,2022-08-14,BR0025,14485.24,Active
ACC006497,CUST01607,Savings,2024-03-03,BR0024,153250.02,Active
ACC006498,CUST04899,Current,2024-02-21,BR0010,9984.72,Inactive
ACC006499,CUST03569,Salary,2025-05-27,BR0011,15033.54,Active
ACC006500,CUST03395,Salary,2022-09-02,BR0016,11499.46,Active
ACC006501,CUST01426,Current,2023-06-14,BR0022,19842.51,Active
ACC006502,CUST02084,Savings,2023-04-10,BR0035,10940.78,Active
ACC006503,CUST04976,Salary,2025-08-19,BR0049,39501.34,Blocked
ACC006504,CUST02779,Salary,2023-04-21,BR0031,27911.0,Active
ACC006505,CUST00269,Savings,2024-09-20,BR0009,55729.07,Active
ACC006506,CUST00146,Savings,2021-10-22,BR0030,6240.84,Active
ACC006507,CUST00220,Current,2023-11-14,BR0009,14641.15,Active
ACC006508,CUST02973,Savings,2019-11-26,BR0009,16799.98,Active
ACC006509,CUST04681,Current,2021-05-22,BR0018,38054.56,Active
ACC006510,CUST02989,Salary,2020-09-03,BR0014,8502.66,Active
ACC006511,CUST02310,Salary,2024-06-03,BR0016,66090.78,Active
ACC006512,CUST00252,Salary,2019-09-11,BR0014,91463.82,Active
ACC006513,CUST01953,Salary,2022-06-27,BR0045,6723.43,Active
ACC006514,CUST04331,Current,2021-05-05,BR0043,12221.51,Active
ACC006515,CUST03840,Salary,2025-05-10,BR0041,11633.94,Active
ACC006516,CUST03478,Current,2026-06-26,BR0041,518587.19,Active
ACC006517,CUST02106,Current,2026-04-05,BR0031,13149.25,Active
ACC006518,CUST01113,Savings,2021-05-09,BR0046,164909.24,Active
ACC006519,CUST00652,Salary,2024-10-23,BR0004,4817.65,Active
ACC006520,CUST04517,Savings,2023-01-27,BR0033,6717.15,Active
ACC006521,CUST03837,Salary,2020-12-24,BR0012,9663.15,Active
ACC006522,CUST00696,Salary,2026-08-24,BR0035,7983.82,Active
ACC006523,CUST03897,Salary,2026-07-16,BR0049,15970.87,Active
ACC006524,CUST01817,Savings,2023-05-22,BR0048,9409.42,Active
ACC006525,CUST01168,Savings,2021-10-23,BR0021,8240.28,Active
ACC006526,CUST01852,Salary,2023-05-16,BR0009,88447.67,Active
ACC006527,CUST01050,Current,2022-12-30,BR0049,95659.7,Active
ACC006528,CUST03695,Savings,2023-05-14,BR0030,68813.54,Active
ACC006529,CUST02967,Current,2020-11-30,BR0044,41307.47,Active
ACC006530,CUST01351,Savings,2020-04-27,BR0043,24619.44,Active
ACC006531,CUST04306,Current,2022-08-27,BR0012,12131.53,Active
ACC006532,CUST02310,Salary,2024-08-16,BR0020,7017.84,Active
ACC006533,CUST00286,Savings,2020-03-12,BR0046,34050.32,Active
ACC006534,CUST04352,Savings,2024-02-10,BR0038,5386.46,Active
ACC006535,CUST04377,Current,2021-09-11,BR0035,6682.82,Active
ACC006536,CUST02440,Savings,2020-10-28,BR0002,87859.65,Active
ACC006537,CUST02338,Current,2025-08-07,BR0022,215513.5,Active
ACC006538,CUST04816,Salary,2023-09-09,BR0016,35311.15,Active
ACC006539,CUST04121,Salary,2019-10-23,BR0020,83095.73,Active
ACC006540,CUST03890,Savings,2019-12-03,BR0025,16399.1,Active
ACC006541,CUST02003,Salary,2020-02-20,BR0038,4423.96,Active
ACC006542,CUST02789,Savings,2021-11-29,BR0009,45917.7,Active
ACC006543,CUST00448,Savings,2023-01-29,BR0021,43614.6,Active
ACC006544,CUST00666,Current,2023-03-06,BR0046,24004.64,Active
ACC006545,CUST03885,Salary,2023-04-09,BR0019,16467.59,Active
ACC006546,CUST03647,Salary,2020-07-02,BR0029,69888.24,Active
ACC006547,CUST00560,Salary,2022-04-17,BR0049,6748.8,Active
ACC006548,CUST03560,Savings,2022-06-17,BR0046,8703.35,Active
ACC006549,CUST00643,Savings,2024-12-24,BR0037,6570.02,Active
ACC006550,CUST02381,Salary,2024-08-29,BR0021,24390.95,Inactive
ACC006551,CUST04799,Savings,2019-11-11,BR0046,5970.16,Inactive
ACC006552,CUST00941,Salary,2026-01-27,BR0036,9690.58,Active
ACC006553,CUST03590,Savings,2020-03-23,BR0015,9443.61,Inactive
ACC006554,CUST02722,Salary,2026-05-31,BR0004,16111.2,Active
ACC006555,CUST02301,Current,2020-08-21,BR0014,3696.53,Active
ACC006556,CUST04678,Current,2020-01-30,BR0009,24456.37,Active
ACC006557,CUST01612,Salary,2023-06-14,BR0038,98396.88,Active
ACC006558,CUST02893,Current,2024-08-27,BR0050,25915.32,Inactive
ACC006559,CUST04043,Salary,2023-10-12,BR0030,140026.28,Active
ACC006560,CUST03922,Salary,2025-04-26,BR0041,109184.87,Active
ACC006561,CUST01108,Savings,2023-08-17,BR0003,56009.81,Active
ACC006562,CUST01011,Savings,2020-09-15,BR0002,24091.71,Active
ACC006563,CUST02094,Savings,2021-10-17,BR0033,22629.29,Active
ACC006564,CUST03410,Salary,2019-12-20,BR0004,55080.98,Active
ACC006565,CUST02620,Savings,2019-10-26,BR0021,13766.53,Active
ACC006566,CUST04802,Current,2026-01-08,BR0007,2300.71,Active
ACC006567,CUST04774,Savings,2025-03-22,BR0037,39751.58,Active
ACC006568,CUST03648,Savings,2021-11-19,BR0041,5668.71,Active
ACC006569,CUST00115,Salary,2024-08-18,BR0033,6942.59,Active
ACC006570,CUST02173,Salary,2021-08-28,BR0023,22032.39,Active
ACC006571,CUST03963,Savings,2024-04-10,BR0018,19650.34,Active
ACC006572,CUST01430,Current,2026-03-08,BR0044,4046.1,Active
ACC006573,CUST02401,Salary,2024-05-06,BR0045,26865.28,Active
ACC006574,CUST03229,Current,2020-03-24,BR0023,70218.54,Active
ACC006575,CUST01053,Salary,2026-08-18,BR0020,5687.3,Active
ACC006576,CUST01626,Savings,2025-09-24,BR0023,101415.38,Active
ACC006577,CUST01019,Salary,2024-06-08,BR0030,3387.32,Active
ACC006578,CUST02719,Savings,2026-02-02,BR0012,279508.78,Active
ACC006579,CUST02098,Savings,2025-08-08,BR0049,13446.68,Inactive
ACC006580,CUST02684,Savings,2025-09-01,BR0028,26232.13,Active
ACC006581,CUST03666,Salary,2025-01-06,BR0031,2274.6,Active
ACC006582,CUST01743,Current,2025-07-28,BR0047,20443.84,Active
ACC006583,CUST01066,Current,2021-12-10,BR0050,28974.71,Active
ACC006584,CUST03950,Current,2024-07-13,BR0004,19862.83,Active
ACC006585,CUST00571,Savings,2019-09-04,BR0020,11207.1,Active
ACC006586,CUST04836,Current,2022-04-30,BR0039,7073.58,Active
ACC006587,CUST00009,Current,2021-10-08,BR0031,85530.81,Active
ACC006588,CUST01494,Salary,2025-04-30,BR0002,22855.99,Inactive
ACC006589,CUST03383,Savings,2025-09-01,BR0043,139930.74,Blocked
ACC006590,CUST04886,Savings,2020-03-17,BR0031,11710.27,Active
ACC006591,CUST03231,Current,2022-05-05,BR0046,13072.24,Inactive
ACC006592,CUST04950,Current,2026-04-28,BR0043,58613.08,Active
ACC006593,CUST01242,Salary,2021-02-10,BR0006,3141.42,Active
ACC006594,CUST01395,Current,2020-01-04,BR0050,5135.05,Active
ACC006595,CUST03196,Current,2021-10-27,BR0033,82205.87,Active
ACC006596,CUST02007,Salary,2024-11-03,BR0004,5397.44,Active
ACC006597,CUST02853,Savings,2024-10-29,BR0025,2482.79,Active
ACC006598,CUST04693,Current,2023-12-02,BR0046,207364.34,Active
ACC006599,CUST02969,Current,2019-12-21,BR0035,4135.73,Active
ACC006600,CUST03111,Current,2026-07-09,BR0014,27472.57,Active
ACC006601,CUST00087,Current,2024-08-30,BR0036,23930.34,Active
ACC006602,CUST00454,Salary,2022-03-07,BR0032,755.4,Active
ACC006603,CUST01835,Salary,2025-02-23,BR0039,15982.02,Active
ACC006604,CUST03779,Current,2024-09-25,BR0018,37725.66,Inactive
ACC006605,CUST03402,Salary,2026-08-21,BR0044,33697.24,Inactive
ACC006606,CUST00590,Savings,2023-11-16,BR0044,65135.49,Active
ACC006607,CUST02133,Salary,2023-01-04,BR0045,13835.74,Active
ACC006608,CUST04977,Savings,2026-04-24,BR0043,51792.74,Active
ACC006609,CUST01938,Savings,2024-10-21,BR0050,9631.6,Active
ACC006610,CUST01443,Current,2024-02-25,BR0022,4053.92,Active
ACC006611,CUST02443,Current,2023-11-04,BR0015,4641.19,Active
ACC006612,CUST00314,Salary,2025-01-30,BR0021,3810.32,Active
ACC006613,CUST04958,Current,2021-07-20,BR0026,73976.53,Active
ACC006614,CUST03285,Savings,2025-02-28,BR0002,3577.83,Active
ACC006615,CUST03227,Savings,2020-03-15,BR0025,30602.79,Active
ACC006616,CUST00968,Savings,2021-05-04,BR0023,16008.75,Active
ACC006617,CUST03186,Current,2023-08-04,BR0004,19473.73,Active
ACC006618,CUST03788,Salary,2024-09-02,BR0046,113134.06,Active
ACC006619,CUST00455,Current,2023-05-20,BR0033,13015.38,Active
ACC006620,CUST01676,Salary,2025-06-23,BR0042,45886.3,Active
ACC006621,CUST01601,Salary,2020-09-02,BR0047,23042.05,Active
ACC006622,CUST02019,Salary,2026-07-27,BR0027,18353.53,Active
ACC006623,CUST01312,Current,2023-03-06,BR0041,348001.81,Active
ACC006624,CUST04880,Current,2022-11-25,BR0038,3906.47,Active
ACC006625,CUST03216,Current,2024-10-11,BR0030,103461.85,Active
ACC006626,CUST00502,Current,2024-05-20,BR0024,48420.95,Active
ACC006627,CUST04856,Salary,2026-01-10,BR0046,12389.07,Active
ACC006628,CUST03885,Savings,2022-02-20,BR0012,155621.53,Active
ACC006629,CUST04958,Current,2020-07-08,BR0039,2397.71,Active
ACC006630,CUST00788,Current,2023-02-22,BR0019,11776.72,Active
ACC006631,CUST01500,Current,2022-11-24,BR0001,5165.83,Active
ACC006632,CUST01043,Salary,2020-06-30,BR0016,36116.32,Active
ACC006633,CUST00860,Savings,2020-11-29,BR0009,5792.52,Active
ACC006634,CUST04686,Savings,2021-06-27,BR0031,37037.15,Active
ACC006635,CUST03447,Savings,2023-10-10,BR0011,17610.95,Active
ACC006636,CUST03560,Salary,2022-02-01,BR0035,12391.61,Active
ACC006637,CUST02947,Current,2020-01-25,BR0031,35114.76,Active
ACC006638,CUST01110,Salary,2023-10-10,BR0039,15957.02,Blocked
ACC006639,CUST04312,Current,2023-09-24,BR0012,5964.84,Active
ACC006640,CUST03068,Savings,2024-07-04,BR0047,635169.76,Active
ACC006641,CUST03389,Savings,2021-11-29,BR0031,12275.98,Active
ACC006642,CUST02987,Current,2021-10-05,BR0036,1538.97,Active
ACC006643,CUST01271,Savings,2021-08-19,BR0045,8018.3,Active
ACC006644,CUST01063,Salary,2021-02-17,BR0035,4813.92,Active
ACC006645,CUST04017,Salary,2026-02-18,BR0002,59359.93,Active
ACC006646,CUST03582,Savings,2022-05-23,BR0001,32402.25,Active
ACC006647,CUST01240,Savings,2023-05-14,BR0036,35541.47,Active
ACC006648,CUST01453,Salary,2021-03-16,BR0015,14128.84,Active
ACC006649,CUST02924,Savings,2021-06-11,BR0035,15752.9,Active
ACC006650,CUST04319,Salary,2025-12-01,BR0032,14113.44,Active
ACC006651,CUST01589,Current,2025-07-05,BR0039,19981.62,Active
ACC006652,CUST02461,Current,2024-01-13,BR0011,60018.02,Active
ACC006653,CUST02538,Salary,2025-05-06,BR0032,32967.93,Active
ACC006654,CUST02270,Salary,2024-09-04,BR0024,40140.27,Active
ACC006655,CUST03727,Salary,2024-09-16,BR0010,40113.6,Active
ACC006656,CUST02011,Savings,2022-02-09,BR0049,63661.22,Active
ACC006657,CUST01007,Salary,2024-08-09,BR0023,31125.42,Active
ACC006658,CUST00404,Salary,2024-06-26,BR0035,33881.27,Active
ACC006659,CUST04423,Current,2020-08-13,BR0021,91726.58,Active
ACC006660,CUST02544,Current,2024-11-03,BR0049,9916.4,Active
ACC006661,CUST02773,Salary,2023-06-11,BR0008,7888.09,Active
ACC006662,CUST02622,Salary,2026-07-07,BR0001,5307.59,Active
ACC006663,CUST04605,Salary,2019-10-10,BR0036,27432.88,Active
ACC006664,CUST03445,Current,2020-03-21,BR0039,2381.58,Active
ACC006665,CUST02130,Current,2025-09-13,BR0032,38352.88,Active
ACC006666,CUST04820,Savings,2026-08-24,BR0029,19321.39,Active
ACC006667,CUST04490,Current,2021-11-23,BR0025,85954.01,Active
ACC006668,CUST03147,Salary,2021-01-20,BR0019,9834.97,Active
ACC006669,CUST02708,Savings,2023-04-25,BR0015,17257.78,Active
ACC006670,CUST03639,Current,2025-04-07,BR0018,84680.79,Active
ACC006671,CUST03346,Savings,2020-11-01,BR0013,115816.55,Inactive
ACC006672,CUST04729,Savings,2019-11-15,BR0010,9738.25,Active
ACC006673,CUST03526,Savings,2021-06-21,BR0033,27395.59,Active
ACC006674,CUST00609,Current,2023-08-16,BR0001,31360.45,Active
ACC006675,CUST03973,Current,2020-01-31,BR0014,34488.6,Active
ACC006676,CUST04086,Savings,2024-01-13,BR0019,16073.21,Blocked
ACC006677,CUST00412,Current,2023-07-27,BR0011,102504.31,Active
ACC006678,CUST02374,Savings,2026-08-16,BR0021,2280.97,Active
ACC006679,CUST00032,Current,2024-03-31,BR0031,13288.36,Active
ACC006680,CUST03414,Savings,2021-02-08,BR0040,37703.83,Active
ACC006681,CUST04618,Current,2020-07-19,BR0011,38126.69,Active
ACC006682,CUST02210,Current,2020-05-28,BR0038,111670.83,Active
ACC006683,CUST01936,Current,2023-02-22,BR0025,92769.25,Active
ACC006684,CUST04364,Salary,2020-02-12,BR0021,15636.29,Active
ACC006685,CUST04969,Salary,2020-12-30,BR0006,104803.82,Active
ACC006686,CUST02442,Current,2025-04-08,BR0047,9350.17,Active
ACC006687,CUST03571,Current,2025-04-23,BR0014,67310.05,Active
ACC006688,CUST04332,Salary,2025-04-04,BR0023,193421.49,Active
ACC006689,CUST02454,Salary,2019-11-19,BR0048,94649.22,Active
ACC006690,CUST02838,Salary,2025-01-05,BR0024,25007.33,Active
ACC006691,CUST02005,Savings,2026-06-25,BR0041,14792.35,Active
ACC006692,CUST02074,Current,2025-04-07,BR0017,3518.15,Inactive
ACC006693,CUST04923,Current,2024-12-27,BR0005,31973.02,Active
ACC006694,CUST01992,Salary,2021-11-09,BR0021,5777.58,Active
ACC006695,CUST03924,Current,2020-06-16,BR0031,8503.54,Active
ACC006696,CUST02275,Savings,2024-04-16,BR0029,5276.96,Active
ACC006697,CUST00651,Savings,2026-06-12,BR0015,12676.8,Active
ACC006698,CUST04221,Current,2020-05-12,BR0029,21299.45,Active
ACC006699,CUST00596,Salary,2021-08-25,BR0006,30587.22,Active
ACC006700,CUST04611,Salary,2022-10-16,BR0031,10714.92,Active
ACC006701,CUST04037,Salary,2025-06-21,BR0043,79470.44,Active
ACC006702,CUST01810,Savings,2025-08-14,BR0047,17156.87,Active
ACC006703,CUST04872,Savings,2026-01-14,BR0041,8558.95,Active
ACC006704,CUST00490,Current,2024-11-18,BR0038,28898.67,Active
ACC006705,CUST02349,Current,2024-07-05,BR0048,232411.18,Active
ACC006706,CUST01886,Current,2024-01-05,BR0021,32931.76,Active
ACC006707,CUST02330,Savings,2024-09-18,BR0021,14250.87,Active
ACC006708,CUST00551,Salary,2023-12-10,BR0015,3522.92,Active
ACC006709,CUST01515,Current,2026-04-14,BR0027,16927.68,Active
ACC006710,CUST03845,Savings,2024-08-15,BR0009,29199.7,Active
ACC006711,CUST01920,Savings,2023-06-19,BR0004,13834.25,Active
ACC006712,CUST03330,Current,2020-11-23,BR0016,2985.55,Active
ACC006713,CUST01596,Salary,2020-08-07,BR0024,7937.25,Active
ACC006714,CUST03870,Current,2020-05-11,BR0038,126177.65,Active
ACC006715,CUST00165,Salary,2023-06-06,BR0026,123106.02,Blocked
ACC006716,CUST01282,Salary,2019-11-03,BR0012,7600.98,Active
ACC006717,CUST00984,Salary,2025-11-13,BR0026,49380.36,Active
ACC006718,CUST04304,Current,2024-03-21,BR0036,5354.61,Active
ACC006719,CUST02665,Salary,2023-12-07,BR0031,118797.96,Active
ACC006720,CUST04523,Savings,2024-12-21,BR0050,29563.12,Active
ACC006721,CUST03901,Savings,2024-08-24,BR0030,68842.03,Active
ACC006722,CUST03481,Savings,2022-02-11,BR0004,2812.67,Active
ACC006723,CUST03841,Current,2025-04-11,BR0015,49670.4,Active
ACC006724,CUST04223,Salary,2023-12-21,BR0016,21824.56,Active
ACC006725,CUST03153,Current,2019-11-28,BR0002,61225.25,Active
ACC006726,CUST04665,Current,2026-08-02,BR0033,66028.47,Active
ACC006727,CUST02745,Savings,2026-08-17,BR0049,23835.75,Active
ACC006728,CUST02395,Current,2020-04-01,BR0024,10710.76,Active
ACC006729,CUST03635,Salary,2024-04-19,BR0009,56141.77,Active
ACC006730,CUST01287,Salary,2023-01-16,BR0047,20492.51,Blocked
ACC006731,CUST00223,Salary,2021-11-10,BR0006,7728.41,Active
ACC006732,CUST03617,Salary,2022-03-27,BR0015,7301.37,Active
ACC006733,CUST01209,Current,2024-03-14,BR0023,3742.1,Active
ACC006734,CUST04234,Savings,2020-10-28,BR0023,11940.01,Active
ACC006735,CUST01947,Savings,2021-01-06,BR0022,82721.14,Active
ACC006736,CUST00643,Salary,2026-02-04,BR0023,27266.0,Active
ACC006737,CUST00992,Savings,2020-09-02,BR0030,11664.19,Active
ACC006738,CUST01666,Salary,2023-06-28,BR0036,57862.64,Active
ACC006739,CUST03624,Savings,2022-09-05,BR0018,8111.42,Active
ACC006740,CUST02587,Salary,2024-02-02,BR0006,24696.59,Active
ACC006741,CUST04836,Salary,2024-01-06,BR0030,17755.37,Active
ACC006742,CUST04146,Salary,2025-12-03,BR0033,56103.68,Active
ACC006743,CUST04054,Current,2021-08-19,BR0046,3318.69,Active
ACC006744,CUST01643,Salary,2024-07-04,BR0036,7940.75,Active
ACC006745,CUST02987,Savings,2023-05-25,BR0048,3084.38,Active
ACC006746,CUST03910,Savings,2023-12-17,BR0028,16130.77,Active
ACC006747,CUST03039,Savings,2022-10-30,BR0050,94250.65,Active
ACC006748,CUST00197,Current,2023-05-16,BR0006,12009.62,Active
ACC006749,CUST00373,Current,2019-09-30,BR0039,11934.39,Active
ACC006750,CUST01489,Savings,2024-03-26,BR0050,62697.03,Active
ACC006751,CUST00875,Current,2021-02-12,BR0025,79400.46,Active
ACC006752,CUST04529,Current,2020-03-04,BR0002,19805.5,Active
ACC006753,CUST01501,Current,2026-07-22,BR0034,50094.07,Active
ACC006754,CUST01839,Current,2019-11-13,BR0037,6049.04,Active
ACC006755,CUST04561,Savings,2021-11-09,BR0008,115101.45,Active
ACC006756,CUST04699,Savings,2024-03-30,BR0020,290235.39,Active
ACC006757,CUST03876,Savings,2020-01-18,BR0031,41169.75,Active
ACC006758,CUST03491,Salary,2023-03-19,BR0013,1805.88,Active
ACC006759,CUST04336,Current,2023-09-07,BR0034,11272.53,Active
ACC006760,CUST03343,Salary,2022-05-16,BR0017,45953.73,Active
ACC006761,CUST04112,Savings,2023-09-04,BR0028,13282.74,Active
ACC006762,CUST04227,Savings,2025-04-27,BR0028,101380.73,Active
ACC006763,CUST01630,Salary,2020-06-12,BR0026,44613.36,Active
ACC006764,CUST03390,Savings,2021-03-06,BR0026,9435.45,Active
ACC006765,CUST03043,Current,2021-04-03,BR0037,22896.01,Active
ACC006766,CUST01995,Salary,2022-11-19,BR0049,7535.65,Active
ACC006767,CUST02381,Savings,2024-06-10,BR0001,17692.54,Active
ACC006768,CUST03621,Current,2020-05-16,BR0043,11321.83,Active
ACC006769,CUST00098,Current,2022-03-13,BR0003,90193.64,Active
ACC006770,CUST04368,Salary,2024-09-18,BR0040,279069.04,Active
ACC006771,CUST04491,Savings,2023-01-29,BR0002,3954.36,Active
ACC006772,CUST02623,Current,2020-06-05,BR0034,2191.06,Active
ACC006773,CUST01731,Current,2026-02-25,BR0032,16412.41,Active
ACC006774,CUST02948,Current,2025-02-28,BR0041,3561.37,Active
ACC006775,CUST04313,Savings,2025-05-01,BR0010,23282.42,Active
ACC006776,CUST00936,Savings,2020-05-13,BR0019,54107.24,Active
ACC006777,CUST00486,Current,2020-12-28,BR0048,132318.91,Inactive
ACC006778,CUST02482,Salary,2023-12-30,BR0016,28048.02,Active
ACC006779,CUST03105,Savings,2023-11-25,BR0034,17469.53,Active
ACC006780,CUST03508,Salary,2025-05-21,BR0008,2050.7,Active
ACC006781,CUST03005,Salary,2026-08-07,BR0025,22729.57,Inactive
ACC006782,CUST00732,Savings,2024-09-02,BR0042,23993.66,Active
ACC006783,CUST02257,Current,2021-12-13,BR0043,47417.57,Active
ACC006784,CUST00369,Savings,2026-05-19,BR0003,9412.69,Active
ACC006785,CUST02555,Current,2021-01-20,BR0036,13068.2,Active
ACC006786,CUST04537,Salary,2024-10-01,BR0009,3738.34,Active
ACC006787,CUST03913,Savings,2025-05-08,BR0026,1408.74,Active
ACC006788,CUST04676,Salary,2023-04-02,BR0044,5824.35,Active
ACC006789,CUST03150,Current,2024-05-29,BR0039,3346.29,Active
ACC006790,CUST01983,Current,2023-12-11,BR0028,32993.13,Active
ACC006791,CUST04147,Savings,2020-12-05,BR0044,11828.17,Active
ACC006792,CUST03226,Savings,2023-08-04,BR0036,11546.24,Active
ACC006793,CUST02400,Current,2025-10-29,BR0009,6759.5,Active
ACC006794,CUST02494,Current,2026-01-17,BR0021,455.28,Active
ACC006795,CUST00797,Current,2022-12-26,BR0003,134587.91,Active
ACC006796,CUST01810,Savings,2024-07-27,BR0023,6632.09,Active
ACC006797,CUST02432,Salary,2025-05-08,BR0043,13427.98,Active
ACC006798,CUST02230,Salary,2023-09-16,BR0041,3843.46,Active
ACC006799,CUST03334,Current,2025-04-20,BR0045,70708.17,Active
ACC006800,CUST04977,Savings,2025-01-20,BR0050,26163.35,Active
ACC006801,CUST00286,Current,2020-01-28,BR0023,8171.12,Active
ACC006802,CUST04496,Savings,2021-12-02,BR0018,13757.29,Active
ACC006803,CUST04507,Salary,2020-01-07,BR0048,165019.0,Active
ACC006804,CUST01358,Current,2024-08-28,BR0007,20179.79,Active
ACC006805,CUST04714,Current,2022-08-31,BR0008,17710.62,Active
ACC006806,CUST00418,Salary,2021-08-07,BR0038,7117.72,Active
ACC006807,CUST03669,Savings,2025-09-19,BR0005,2267.66,Active
ACC006808,CUST00114,Salary,2020-08-26,BR0033,18177.75,Inactive
ACC006809,CUST03261,Current,2021-11-06,BR0035,32551.61,Active
ACC006810,CUST00841,Savings,2026-05-16,BR0002,82413.24,Active
ACC006811,CUST04470,Current,2020-05-26,BR0025,1482.97,Active
ACC006812,CUST01480,Salary,2026-05-15,BR0007,5709.49,Active
ACC006813,CUST00829,Current,2024-08-04,BR0017,10972.1,Active
ACC006814,CUST03350,Current,2023-04-02,BR0010,21934.65,Active
ACC006815,CUST01898,Savings,2020-08-09,BR0010,18508.02,Active
ACC006816,CUST01795,Current,2022-08-31,BR0007,19033.84,Active
ACC006817,CUST03297,Salary,2023-04-14,BR0033,35943.92,Active
ACC006818,CUST01411,Savings,2020-01-09,BR0049,7450.59,Inactive
ACC006819,CUST04785,Current,2023-11-08,BR0032,67573.4,Active
ACC006820,CUST04788,Current,2024-05-05,BR0032,37054.42,Active
ACC006821,CUST00305,Salary,2025-02-10,BR0004,15005.94,Active
ACC006822,CUST04142,Salary,2021-10-04,BR0029,150405.4,Active
ACC006823,CUST01897,Salary,2021-02-26,BR0015,142585.81,Active
ACC006824,CUST02760,Current,2023-10-18,BR0007,67472.44,Active
ACC006825,CUST00302,Current,2022-01-24,BR0012,588.59,Active
ACC006826,CUST00676,Current,2025-05-20,BR0050,146493.17,Active
ACC006827,CUST00718,Current,2026-07-11,BR0022,57165.75,Active
ACC006828,CUST02171,Current,2025-07-11,BR0050,244676.05,Active
ACC006829,CUST01519,Current,2024-05-09,BR0017,97241.95,Active
ACC006830,CUST02827,Salary,2024-05-25,BR0043,146387.31,Active
ACC006831,CUST01176,Salary,2021-07-22,BR0027,63220.62,Active
ACC006832,CUST02342,Salary,2022-06-26,BR0024,111127.32,Active
ACC006833,CUST04697,Savings,2025-10-18,BR0015,241095.52,Active
ACC006834,CUST03793,Salary,2022-11-10,BR0003,28562.95,Active
ACC006835,CUST04146,Current,2022-08-29,BR0028,3338.66,Active
ACC006836,CUST04940,Savings,2020-07-23,BR0036,15230.37,Active
ACC006837,CUST03640,Savings,2026-04-11,BR0039,35169.51,Active
ACC006838,CUST02665,Salary,2023-07-25,BR0011,24097.54,Active
ACC006839,CUST01423,Current,2024-08-04,BR0043,4935.09,Active
ACC006840,CUST03981,Current,2026-06-08,BR0043,3111.06,Active
ACC006841,CUST02548,Current,2026-06-30,BR0017,9050.77,Active
ACC006842,CUST02214,Savings,2025-04-02,BR0011,58063.21,Active
ACC006843,CUST01016,Savings,2025-05-07,BR0023,146738.55,Active
ACC006844,CUST01270,Current,2025-02-07,BR0023,66163.3,Active
ACC006845,CUST00708,Salary,2023-01-14,BR0013,78347.77,Active
ACC006846,CUST03525,Salary,2021-03-12,BR0010,19990.68,Active
ACC006847,CUST01703,Salary,2022-02-20,BR0017,2723.03,Active
ACC006848,CUST02950,Current,2025-02-03,BR0005,12755.72,Active
ACC006849,CUST04716,Salary,2020-01-13,BR0023,16146.89,Active
ACC006850,CUST01086,Salary,2024-10-16,BR0024,12131.21,Active
ACC006851,CUST03943,Current,2023-03-27,BR0001,23520.65,Active
ACC006852,CUST04434,Salary,2025-08-15,BR0041,37410.39,Active
ACC006853,CUST02244,Salary,2025-02-02,BR0034,61305.09,Active
ACC006854,CUST00109,Current,2022-01-21,BR0011,15776.17,Active
ACC006855,CUST01240,Current,2024-11-01,BR0013,2242.82,Active
ACC006856,CUST00268,Salary,2022-11-07,BR0043,12339.33,Active
ACC006857,CUST01736,Current,2022-11-30,BR0034,23212.65,Active
ACC006858,CUST02034,Savings,2024-04-19,BR0027,95546.61,Active
ACC006859,CUST03698,Savings,2021-10-06,BR0016,11143.71,Active
ACC006860,CUST03355,Savings,2025-10-11,BR0029,40743.53,Active
ACC006861,CUST03519,Current,2021-11-25,BR0019,31197.88,Active
ACC006862,CUST02751,Salary,2024-11-07,BR0033,23217.94,Active
ACC006863,CUST04757,Salary,2023-04-20,BR0019,67281.46,Active
ACC006864,CUST04403,Current,2019-11-13,BR0041,9966.56,Active
ACC006865,CUST02411,Salary,2021-11-28,BR0044,11045.48,Active
ACC006866,CUST04712,Current,2023-07-03,BR0018,21714.14,Active
ACC006867,CUST01589,Savings,2024-01-01,BR0013,10217.16,Active
ACC006868,CUST02840,Salary,2022-04-22,BR0032,40522.58,Active
ACC006869,CUST03304,Current,2020-12-09,BR0033,9359.71,Active
ACC006870,CUST04945,Savings,2020-03-14,BR0044,28899.08,Active
ACC006871,CUST03313,Salary,2023-06-05,BR0028,19531.67,Active
ACC006872,CUST04108,Savings,2019-10-01,BR0049,28507.18,Active
ACC006873,CUST01568,Savings,2020-12-13,BR0026,12686.71,Active
ACC006874,CUST01691,Savings,2024-06-02,BR0031,14663.17,Active
ACC006875,CUST00122,Current,2022-07-11,BR0016,24716.12,Active
ACC006876,CUST01699,Salary,2020-07-08,BR0044,28070.92,Active
ACC006877,CUST01552,Savings,2022-12-07,BR0007,21915.68,Active
ACC006878,CUST00786,Salary,2020-11-10,BR0002,170490.5,Active
ACC006879,CUST03300,Current,2021-01-03,BR0035,6708.4,Active
ACC006880,CUST01291,Savings,2022-09-03,BR0028,20393.17,Active
ACC006881,CUST00478,Savings,2024-07-31,BR0039,3333.06,Active
ACC006882,CUST04330,Salary,2026-02-11,BR0048,34423.6,Active
ACC006883,CUST02994,Savings,2021-09-19,BR0005,5777.37,Active
ACC006884,CUST02262,Salary,2025-01-04,BR0016,15772.57,Active
ACC006885,CUST04458,Savings,2023-02-09,BR0024,14094.26,Active
ACC006886,CUST02131,Savings,2021-12-28,BR0021,30855.47,Active
ACC006887,CUST00692,Savings,2024-04-06,BR0044,11346.34,Active
ACC006888,CUST03493,Savings,2024-04-19,BR0033,10782.0,Active
ACC006889,CUST01503,Savings,2020-09-17,BR0046,123380.43,Active
ACC006890,CUST00489,Current,2019-08-27,BR0026,30991.87,Active
ACC006891,CUST01157,Current,2023-12-04,BR0042,11234.44,Active
ACC006892,CUST01176,Current,2024-07-12,BR0032,16301.29,Active
ACC006893,CUST04958,Savings,2026-05-13,BR0010,158645.26,Active
ACC006894,CUST02760,Savings,2026-04-10,BR0041,16610.7,Active
ACC006895,CUST01200,Current,2021-07-15,BR0042,9632.21,Active
ACC006896,CUST02005,Current,2021-11-29,BR0003,9681.81,Inactive
ACC006897,CUST01028,Savings,2024-03-13,BR0004,11396.35,Active
ACC006898,CUST00272,Savings,2023-01-20,BR0021,10792.46,Active
ACC006899,CUST04768,Current,2024-03-07,BR0042,4742.99,Active
ACC006900,CUST01114,Salary,2025-07-29,BR0040,5715.63,Active
ACC006901,CUST00527,Savings,2023-12-02,BR0037,8142.2,Blocked
ACC006902,CUST03913,Salary,2021-08-03,BR0023,44796.5,Active
ACC006903,CUST03463,Salary,2024-11-14,BR0026,13939.97,Active
ACC006904,CUST03066,Savings,2019-12-31,BR0035,17178.36,Active
ACC006905,CUST04525,Savings,2023-05-11,BR0049,101124.29,Active
ACC006906,CUST01344,Savings,2020-10-26,BR0019,104193.87,Active
ACC006907,CUST01852,Current,2021-11-06,BR0013,15700.54,Active
ACC006908,CUST03715,Savings,2023-01-04,BR0018,10331.61,Active
ACC006909,CUST04740,Savings,2023-09-23,BR0013,7806.28,Active
ACC006910,CUST04938,Savings,2020-12-08,BR0002,50580.98,Active
ACC006911,CUST02796,Salary,2026-01-20,BR0043,17229.03,Active
ACC006912,CUST03259,Savings,2024-02-18,BR0031,13852.29,Active
ACC006913,CUST01453,Salary,2023-06-09,BR0019,8296.61,Active
ACC006914,CUST04208,Current,2024-10-08,BR0042,8746.42,Active
ACC006915,CUST04288,Salary,2024-07-18,BR0035,32340.31,Active
ACC006916,CUST01408,Savings,2020-03-24,BR0015,4543.6,Active
ACC006917,CUST01872,Salary,2023-04-07,BR0008,72681.52,Active
ACC006918,CUST01427,Savings,2019-11-02,BR0039,11607.26,Active
ACC006919,CUST01698,Savings,2024-12-13,BR0009,18406.09,Active
ACC006920,CUST01431,Current,2020-03-10,BR0017,4427.66,Active
ACC006921,CUST02431,Salary,2020-05-29,BR0043,21702.03,Active
ACC006922,CUST02039,Salary,2022-03-14,BR0044,14853.86,Inactive
ACC006923,CUST02423,Current,2020-04-11,BR0050,20741.74,Active
ACC006924,CUST02390,Savings,2021-06-22,BR0042,128804.45,Active
ACC006925,CUST04400,Current,2020-08-10,BR0020,27261.69,Active
ACC006926,CUST02198,Current,2024-08-21,BR0035,8488.0,Active
ACC006927,CUST03896,Salary,2026-01-31,BR0037,9380.76,Active
ACC006928,CUST02209,Current,2025-10-24,BR0014,44988.29,Active
ACC006929,CUST04905,Salary,2021-10-05,BR0016,104655.78,Active
ACC006930,CUST02871,Current,2022-09-10,BR0041,30893.52,Active
ACC006931,CUST00140,Current,2025-04-10,BR0022,50334.97,Active
ACC006932,CUST04421,Current,2026-01-28,BR0024,45783.78,Active
ACC006933,CUST04095,Salary,2024-10-01,BR0030,120919.14,Inactive
ACC006934,CUST04761,Savings,2025-02-03,BR0047,2122.8,Active
ACC006935,CUST03636,Savings,2026-07-31,BR0007,49053.3,Active
ACC006936,CUST00638,Savings,2021-01-14,BR0050,71717.01,Active
ACC006937,CUST04814,Salary,2026-08-18,BR0033,4418.39,Active
ACC006938,CUST01581,Savings,2021-05-22,BR0016,7609.85,Active
ACC006939,CUST03071,Salary,2025-09-23,BR0027,7935.18,Active
ACC006940,CUST02168,Savings,2023-02-11,BR0008,9186.15,Active
ACC006941,CUST02560,Current,2020-07-26,BR0002,12356.52,Active
ACC006942,CUST01638,Savings,2021-08-17,BR0021,29469.86,Active
ACC006943,CUST03562,Savings,2021-06-18,BR0012,62243.51,Active
ACC006944,CUST03140,Savings,2023-09-10,BR0044,80626.31,Active
ACC006945,CUST00633,Current,2025-10-09,BR0048,8059.54,Active
ACC006946,CUST03165,Current,2023-02-12,BR0015,7993.28,Active
ACC006947,CUST03106,Savings,2019-08-27,BR0019,106829.16,Active
ACC006948,CUST04504,Savings,2022-07-22,BR0013,47862.75,Active
ACC006949,CUST00523,Current,2021-03-27,BR0006,24329.33,Active
ACC006950,CUST00992,Salary,2021-10-06,BR0038,38871.01,Active
ACC006951,CUST03811,Salary,2020-01-09,BR0017,21252.62,Active
ACC006952,CUST00903,Salary,2021-10-24,BR0043,41336.52,Active
ACC006953,CUST02966,Savings,2022-05-19,BR0036,14716.43,Active
ACC006954,CUST00096,Savings,2024-05-19,BR0049,30411.19,Active
ACC006955,CUST03384,Current,2023-12-30,BR0015,3595.16,Active
ACC006956,CUST01289,Current,2020-06-14,BR0015,9649.48,Active
ACC006957,CUST03024,Savings,2023-01-21,BR0031,9775.03,Active
ACC006958,CUST01955,Current,2022-06-23,BR0012,14054.98,Active
ACC006959,CUST01965,Salary,2026-04-13,BR0002,7245.85,Active
ACC006960,CUST01522,Salary,2025-08-09,BR0049,11611.46,Active
ACC006961,CUST00802,Savings,2019-11-02,BR0026,3578.51,Active
ACC006962,CUST03469,Savings,2021-01-21,BR0011,42550.23,Active
ACC006963,CUST01374,Savings,2022-09-18,BR0024,19949.99,Active
ACC006964,CUST03607,Current,2022-01-07,BR0019,2846.23,Active
ACC006965,CUST02466,Salary,2026-01-12,BR0003,8088.54,Active
ACC006966,CUST00701,Current,2022-03-21,BR0022,32988.74,Active
ACC006967,CUST01053,Salary,2023-11-12,BR0032,11480.14,Active
ACC006968,CUST04041,Salary,2020-11-17,BR0044,9544.02,Active
ACC006969,CUST01338,Current,2021-11-17,BR0008,20140.52,Active
ACC006970,CUST03806,Salary,2020-09-16,BR0040,33266.86,Active
ACC006971,CUST04294,Salary,2024-11-21,BR0046,3929.93,Active
ACC006972,CUST04538,Savings,2020-06-23,BR0007,42623.21,Active
ACC006973,CUST00868,Current,2023-04-19,BR0008,8430.81,Active
ACC006974,CUST02115,Savings,2022-05-09,BR0047,21557.66,Active
ACC006975,CUST01288,Current,2025-03-07,BR0045,21109.87,Active
ACC006976,CUST02554,Current,2019-12-02,BR0020,11702.07,Inactive
ACC006977,CUST03602,Savings,2021-04-17,BR0005,6448.54,Active
ACC006978,CUST01671,Current,2025-07-30,BR0005,15633.58,Active
ACC006979,CUST03850,Salary,2022-02-09,BR0017,154878.52,Active
ACC006980,CUST00005,Salary,2021-12-23,BR0027,4298.36,Active
ACC006981,CUST02632,Current,2019-11-21,BR0021,167841.54,Active
ACC006982,CUST04447,Current,2026-05-08,BR0031,16128.36,Active
ACC006983,CUST00041,Savings,2024-06-22,BR0017,22981.52,Active
ACC006984,CUST01002,Salary,2023-03-11,BR0006,5978.63,Active
ACC006985,CUST03304,Savings,2023-01-26,BR0030,8729.62,Active
ACC006986,CUST00855,Savings,2020-03-09,BR0042,12046.25,Active
ACC006987,CUST00929,Savings,2023-08-25,BR0044,6280.26,Active
ACC006988,CUST01747,Salary,2026-01-28,BR0015,17142.2,Active
ACC006989,CUST04280,Salary,2025-12-12,BR0042,13515.34,Active
ACC006990,CUST01330,Savings,2023-10-08,BR0016,202995.15,Inactive
ACC006991,CUST03852,Salary,2026-01-03,BR0025,5436.18,Active
ACC006992,CUST03457,Current,2020-03-15,BR0001,24915.08,Active
ACC006993,CUST04668,Savings,2026-03-21,BR0043,29655.88,Active
ACC006994,CUST02599,Current,2024-01-14,BR0009,6097.39,Active
ACC006995,CUST00469,Salary,2020-09-22,BR0029,50221.22,Active
ACC006996,CUST01217,Current,2025-08-09,BR0005,13657.0,Active
ACC006997,CUST02296,Savings,2021-11-06,BR0018,1106.69,Active
ACC006998,CUST01414,Current,2024-09-15,BR0043,48621.42,Active
ACC006999,CUST00572,Savings,2024-03-24,BR0017,5765.64,Active
ACC007000,CUST03876,Current,2024-07-10,BR0019,6264.6,Active
