customer_id,first_name,last_name,date_of_birth,gender,city,state,customer_since,risk_category
CUST00001,Navya,Bhalla,1957-05-08,Male,Ahmedabad,Gujarat,2024-12-15,Low
CUST00002,Raghav,Das,1970-11-02,Male,Kochi,Kerala,2019-11-02,High
CUST00003,Sara,Behl,2001-09-12,Female,Nagpur,Maharashtra,2024-12-13,Medium
CUST00004,Inaaya ,Bassi,1995-10-31,Female,Nagpur,Maharashtra,2022-03-28,Low
CUST00005,Arhaan,Aurora,1962-01-09,Male,Hubballi,Karnataka,2020-07-05,Low
CUST00006,Mehul,Krishnan,1996-08-13,Female,Warangal,Telangana,2018-11-16,Low
CUST00007,Jhanvi,Chaudhary,2004-05-16,Male,Mumbai,Maharashtra,2024-03-06,Low
CUST00008,Rati,Mahajan,1984-03-13,Male,Kolkata,West Bengal,2020-07-10,Medium
CUST00009,Alia,Raja,1974-07-31,Male,Lucknow,Uttar Pradesh,2025-07-14,Low
CUST00010,Aarush,Sibal,1966-07-07,Female,Bengaluru,Karnataka,2024-08-03,Medium
CUST00011,Aarna,Garde,1974-07-23,Female,Nashik,Maharashtra,2019-12-22,Low
CUST00012,Madhav,Singh,1978-07-22,Male,Kolkata,West Bengal,2019-07-09,High
CUST00013,Divij,Gupta,1962-03-25,Male,Ahmedabad,Gujarat,2021-09-14,Medium
CUST00014,Shray,Ramakrishnan,1973-08-25,Male,Nagpur,Maharashtra,2025-07-07,Low
CUST00015,Azad,Sethi,1986-11-30,Female,Kochi,Kerala,2023-03-19,Low
CUST00016,Gatik,Gulati,1961-01-04,Female,Madurai,Tamil Nadu,2023-05-07,Low
CUST00017,Ritvik,Thakkar,1998-06-05,Male,Mumbai,Maharashtra,2023-11-29,Low
CUST00018,Taran,Mani,1968-09-25,Male,Kolkata,West Bengal,2024-08-23,Low
CUST00019,Darshit,Bajaj,2000-08-24,Male,Coimbatore,Tamil Nadu,2020-08-03,Low
CUST00020,Trisha,Dhillon,1961-01-29,Female,Hyderabad,Telangana,2020-08-18,Low
CUST00021,Divyansh,Gupta,1974-07-26,Male,Chennai,Tamil Nadu,2022-07-04,Low
CUST00022,Myra,Tiwari,1980-06-22,Female,New Delhi,Delhi,2020-01-13,Low
CUST00023,Tushar,Goel,1969-11-27,Female,Chennai,Tamil Nadu,2024-05-08,Low
CUST00024,Priyansh,Sarna,2002-03-01,Female,Pune,Maharashtra,2024-02-29,Low
CUST00025,Devansh,Ramanathan,1998-11-10,Female,Mangaluru,Karnataka,2020-02-08,Low
CUST00026,Hazel,Sethi,1972-04-22,Male,Jaipur,Rajasthan,2020-01-15,Medium
CUST00027,Anahi,Gupta,1974-01-07,Female,Kozhikode,Kerala,2024-02-04,Low
CUST00028,Prisha,Mallick,1970-08-05,Male,Warangal,Telangana,2024-06-22,Low
CUST00029,Shaan,Upadhyay,2007-12-07,Female,Pune,Maharashtra,2025-04-01,Low
CUST00030,Bhavin,Contractor,1957-10-31,Female,Lucknow,Uttar Pradesh,2025-07-01,Low
CUST00031,Saksham,Iyer,1973-11-13,Male,New Delhi,Delhi,2019-03-19,Low
CUST00032,Lakshit,Mander,2004-07-02,Male,Vadodara,Gujarat,2021-04-29,Low
CUST00033,Lakshit,Sagar,1989-08-15,Female,New Delhi,Delhi,2022-01-06,Low
CUST00034,Nayantara,Karnik,1965-05-16,Female,Mumbai,Maharashtra,2020-11-25,Medium
CUST00035,Hiran,Dasgupta,2006-05-06,Male,Mangaluru,Karnataka,2023-06-05,High
CUST00036,Heer,Deep,2006-06-26,Male,Bengaluru,Karnataka,2023-08-16,Medium
CUST00037,Aaryahi,Yadav,1995-05-11,Female,Udaipur,Rajasthan,2022-01-17,Low
CUST00038,Taran,Choudhary,1965-01-23,Female,Vadodara,Gujarat,2022-12-26,Low
CUST00039,Bhamini,Bath,2007-01-30,Female,Pune,Maharashtra,2019-01-19,Low
CUST00040,Faiyaz,Bose,1998-05-07,Female,Nagpur,Maharashtra,2020-01-05,Low
CUST00041,Vritika,Sangha,1984-05-17,Male,Jaipur,Rajasthan,2023-09-21,Low
CUST00042,Chirag,Hans,1981-08-14,Male,Udaipur,Rajasthan,2023-09-20,Low
CUST00043,Anahita,Lalla,1972-10-03,Female,Noida,Uttar Pradesh,2023-05-10,Low
CUST00044,Aayush,Sangha,2004-09-10,Male,Kozhikode,Kerala,2019-08-16,Medium
CUST00045,Pihu,Wali,1992-03-10,Female,Hyderabad,Telangana,2025-01-13,Low
CUST00046,Priyansh,Sodhi,1999-04-08,Male,Nashik,Maharashtra,2021-07-17,Low
CUST00047,Faiyaz,Din,1985-03-27,Male,Kolkata,West Bengal,2019-12-30,Low
CUST00048,Amani,Agarwal,2004-10-14,Female,Chennai,Tamil Nadu,2024-10-08,Low
CUST00049,Prerak,Krishna,2007-07-02,Male,Madurai,Tamil Nadu,2020-03-03,Low
CUST00050,Dishani,Bera,1998-03-14,Male,Coimbatore,Tamil Nadu,2021-03-10,Low
CUST00051,Navya,Kulkarni,1997-02-02,Female,Udaipur,Rajasthan,2020-05-04,High
CUST00052,Indrans,Grover,2007-07-16,Male,New Delhi,Delhi,2020-01-09,Medium
CUST00053,Hrishita,Sood,1991-09-28,Female,Mumbai,Maharashtra,2018-08-27,Medium
CUST00054,Kismat,Edwin,1988-11-24,Female,Surat,Gujarat,2018-10-25,Medium
CUST00055,Faiyaz,Golla,1976-07-29,Male,Kozhikode,Kerala,2020-09-07,Low
CUST00056,Bhavin,Dara,1994-04-04,Male,Kolkata,West Bengal,2019-04-27,Medium
CUST00057,Dharmajan,Setty,1988-09-20,Female,Hubballi,Karnataka,2025-08-04,Low
CUST00058,Darshit,Sidhu,1991-11-25,Male,New Delhi,Delhi,2025-03-01,Low
CUST00059,Gokul,Bhatt,2000-07-18,Female,Mumbai,Maharashtra,2022-09-10,Low
CUST00060,Ira,Butala,1973-09-08,Male,Jaipur,Rajasthan,2023-02-20,Low
CUST00061,Mahika,Kakar,1970-01-23,Male,Mysuru,Karnataka,2023-03-28,Low
CUST00062,Tanya,Sethi,2002-08-05,Male,Kolkata,West Bengal,2020-05-11,Low
CUST00063,Riya,Dugal,1982-10-20,Female,Chennai,Tamil Nadu,2024-05-12,Medium
CUST00064,Nehmat,Grover,1985-06-18,Male,Udaipur,Rajasthan,2023-01-20,Low
CUST00065,Alisha,Bhasin,1972-07-08,Male,New Delhi,Delhi,2020-07-24,Low
CUST00066,Chirag,Gara,1957-01-29,Female,New Delhi,Delhi,2023-08-27,Low
CUST00067,Ishita,Contractor,1995-09-10,Male,Kanpur,Uttar Pradesh,2020-07-10,Low
CUST00068,Aarush,Banik,2003-10-26,Male,Jaipur,Rajasthan,2024-01-07,Medium
CUST00069,Biju,Contractor,1960-03-27,Male,Hyderabad,Telangana,2018-12-01,Low
CUST00070,Shalv,Banik,1990-08-21,Female,Nashik,Maharashtra,2020-09-03,High
CUST00071,Ranbir,Sami,1988-09-06,Female,Thiruvananthapuram,Kerala,2020-06-21,Medium
CUST00072,Hrishita,Bhatti,2004-11-15,Male,Udaipur,Rajasthan,2023-07-05,Low
CUST00073,Kashvi,Khalsa,1972-03-08,Male,New Delhi,Delhi,2025-04-28,Low
CUST00074,Anika,Swamy,1983-05-08,Female,Kanpur,Uttar Pradesh,2020-04-08,Medium
CUST00075,Divit,Bava,2000-06-29,Male,Kolkata,West Bengal,2022-04-26,Medium
CUST00076,Sumer,Kakar,1983-08-17,Female,Hyderabad,Telangana,2022-08-15,Medium
CUST00077,Samiha,Bala,2001-06-21,Male,Hubballi,Karnataka,2024-03-17,Medium
CUST00078,Neelofar,Bawa,1959-10-10,Male,Warangal,Telangana,2022-01-27,Low
CUST00079,Samiha,Gara,1963-01-31,Male,New Delhi,Delhi,2020-10-06,Low
CUST00080,Kartik,Chandran,1992-02-22,Female,Kochi,Kerala,2022-06-19,Low
CUST00081,Hiran,Kakar,1968-02-19,Male,Jaipur,Rajasthan,2021-01-07,Medium
CUST00082,Anahi,Dash,1960-10-11,Female,Kolkata,West Bengal,2022-06-02,Low
CUST00083,Zara,Venkataraman,1993-02-05,Male,Kochi,Kerala,2019-06-26,Low
CUST00084,Badal,Sachdev,1992-06-08,Male,Warangal,Telangana,2018-10-10,Low
CUST00085,Divij,Shetty,1971-09-26,Female,Kolkata,West Bengal,2020-01-24,Low
CUST00086,Yuvraj ,Kibe,1988-05-28,Male,Jaipur,Rajasthan,2020-06-20,Low
CUST00087,Yakshit,Zacharia,1959-08-22,Female,Mumbai,Maharashtra,2020-01-19,Medium
CUST00088,Vaibhav,Agarwal,1982-03-20,Female,Chennai,Tamil Nadu,2020-11-26,Low
CUST00089,Vardaniya,Srinivasan,1986-08-12,Female,Thiruvananthapuram,Kerala,2021-01-28,Medium
CUST00090,Aarna,Sarin,2005-05-11,Female,New Delhi,Delhi,2025-04-24,Low
CUST00091,Ivana,Sahota,2004-07-15,Female,Kochi,Kerala,2022-10-16,Low
CUST00092,Indrans,Chandran,1975-11-03,Male,Hyderabad,Telangana,2020-07-02,Medium
CUST00093,Bhavin,Mann,2005-09-18,Male,Chennai,Tamil Nadu,2023-04-06,Medium
CUST00094,Biju,Shenoy,1976-12-27,Male,Kolkata,West Bengal,2019-02-19,Low
CUST00095,Badal,Master,1988-02-04,Female,Ahmedabad,Gujarat,2022-12-05,Medium
CUST00096,Eva,Brar,1959-07-09,Female,Warangal,Telangana,2022-12-20,Low
CUST00097,Dhanush,Varghese,1968-04-17,Female,Kolkata,West Bengal,2019-03-26,Low
CUST00098,Kimaya,Bandi,2001-08-06,Male,Pune,Maharashtra,2020-08-25,Low
CUST00099,Yuvaan,Bhasin,1994-06-01,Female,Lucknow,Uttar Pradesh,2020-09-28,Low
CUST00100,Kavya,Rajan,1958-05-09,Male,New Delhi,Delhi,2023-12-02,Low
CUST00101,Dhanush,Kadakia,2000-05-20,Male,Warangal,Telangana,2023-08-13,Low
CUST00102,Jivika,Lal,1977-03-06,Female,Jaipur,Rajasthan,2020-11-13,Low
CUST00103,Lagan,Sami,2004-05-21,Female,Kochi,Kerala,2021-04-28,Low
CUST00104,Nakul,Deo,1982-08-01,Male,Surat,Gujarat,2019-10-06,Low
CUST00105,Oorja,Roy,1976-01-24,Male,Nashik,Maharashtra,2022-07-16,Medium
CUST00106,Saksham,Sheth,1960-08-02,Male,Chennai,Tamil Nadu,2018-09-23,Low
CUST00107,Amira,Rastogi,1993-12-17,Male,Mysuru,Karnataka,2019-07-02,Low
CUST00108,Devansh,Luthra,1970-02-25,Male,Warangal,Telangana,2022-12-14,Medium
CUST00109,Prerak,Bhatti,1979-05-26,Female,Nagpur,Maharashtra,2019-03-27,Low
CUST00110,Nirvaan,Goyal,1975-01-16,Male,Bengaluru,Karnataka,2019-12-29,Low
CUST00111,Advika,Thaman,1992-08-12,Male,Kolkata,West Bengal,2024-08-19,Low
CUST00112,Romil,Ramesh,2000-02-25,Male,New Delhi,Delhi,2023-02-24,Low
CUST00113,Aayush,Sama,1993-05-22,Male,Kolkata,West Bengal,2021-03-13,Medium
CUST00114,Nitara,Ben,1964-10-14,Male,Kanpur,Uttar Pradesh,2020-11-24,Medium
CUST00115,Farhan,Walia,1962-12-07,Female,Kolkata,West Bengal,2024-12-18,Low
CUST00116,Ishita,Brahmbhatt,1974-03-08,Female,Ahmedabad,Gujarat,2021-01-17,Medium
CUST00117,Lavanya,Cheema,2004-06-25,Female,Hyderabad,Telangana,2021-07-26,Medium
CUST00118,Lagan,Sankar,1998-10-23,Female,Thiruvananthapuram,Kerala,2020-11-23,Low
CUST00119,Dishani,Konda,1972-09-26,Male,Mysuru,Karnataka,2019-01-30,Medium
CUST00120,Divij,Ravel,1984-06-22,Female,Kolkata,West Bengal,2021-01-01,Low
CUST00121,Azad,Agarwal,1978-05-07,Female,Bengaluru,Karnataka,2025-03-17,Medium
CUST00122,Hansh,Ray,1973-06-22,Female,Ahmedabad,Gujarat,2020-01-10,Medium
CUST00123,Seher,Kant,1993-03-11,Female,Hyderabad,Telangana,2024-08-26,Low
CUST00124,Aaryahi,Mand,1956-04-22,Male,Vadodara,Gujarat,2019-08-08,Low
CUST00125,Dhanuk,Wagle,2002-09-03,Female,Kolkata,West Bengal,2019-12-02,Low
CUST00126,Inaaya ,Badami,1980-10-09,Female,Noida,Uttar Pradesh,2023-08-09,Low
CUST00127,Ishita,Borah,1984-11-23,Female,Surat,Gujarat,2019-09-25,Medium
CUST00128,Arnav,Dube,1980-06-18,Male,Mangaluru,Karnataka,2025-06-03,Medium
CUST00129,Arnav,Yogi,1979-12-31,Male,Mangaluru,Karnataka,2020-06-08,Low
CUST00130,Pihu,Dash,2001-01-12,Male,Kolkata,West Bengal,2019-07-11,Low
CUST00131,Sumer,Sridhar,1993-09-30,Male,Chennai,Tamil Nadu,2022-02-08,Low
CUST00132,Miraya,Shere,1966-03-02,Male,Warangal,Telangana,2020-08-30,Low
CUST00133,Ishaan,Sura,1967-09-12,Male,Warangal,Telangana,2022-02-26,Low
CUST00134,Anay,Chakraborty,2005-10-09,Female,Chennai,Tamil Nadu,2021-06-23,Low
CUST00135,Vardaniya,Jha,2001-03-27,Male,Kanpur,Uttar Pradesh,2024-11-25,Medium
CUST00136,Zoya,Dash,1973-10-21,Female,Lucknow,Uttar Pradesh,2020-01-02,Low
CUST00137,Vedika,Sarna,1963-01-02,Female,Noida,Uttar Pradesh,2021-11-26,Low
CUST00138,Armaan,Varughese,1987-09-06,Male,Lucknow,Uttar Pradesh,2020-07-17,Medium
CUST00139,Krish,Taneja,1986-12-21,Female,Udaipur,Rajasthan,2021-08-16,Low
CUST00140,Ryan,Tara,1971-02-19,Male,Kolkata,West Bengal,2020-07-18,High
CUST00141,Anay,Sahni,1968-10-16,Male,Mysuru,Karnataka,2022-01-14,High
CUST00142,Shalv,Dewan,1960-05-16,Male,Hubballi,Karnataka,2025-03-24,Low
CUST00143,Ranbir,Gill,1999-04-21,Male,New Delhi,Delhi,2022-12-25,Low
CUST00144,Yakshit,Sane,1992-02-20,Male,New Delhi,Delhi,2021-06-19,Low
CUST00145,Aniruddh,Bhardwaj,1973-06-04,Female,Bengaluru,Karnataka,2020-03-02,Low
CUST00146,Kavya,Deo,1958-04-02,Male,Noida,Uttar Pradesh,2019-07-28,Low
CUST00147,Kimaya,Kalla,1979-03-05,Male,Nagpur,Maharashtra,2024-11-05,Low
CUST00148,Vedika,Dugar,1985-05-06,Male,New Delhi,Delhi,2023-10-22,Low
CUST00149,Diya,Bhardwaj,1981-11-11,Male,New Delhi,Delhi,2023-07-22,Low
CUST00150,Kanav,Datta,1958-09-02,Female,Chennai,Tamil Nadu,2024-09-05,Low
CUST00151,Adira,Acharya,1991-01-11,Female,Kolkata,West Bengal,2025-07-05,Medium
CUST00152,Heer,Sankar,2004-08-09,Male,Udaipur,Rajasthan,2024-12-17,Low
CUST00153,Sara,Sampath,1969-01-21,Male,Lucknow,Uttar Pradesh,2021-09-30,Low
CUST00154,Adah,Banerjee,2000-11-06,Female,Kozhikode,Kerala,2021-06-16,Low
CUST00155,Misha,Dugar,2000-10-16,Female,Chennai,Tamil Nadu,2019-09-17,High
CUST00156,Saira,Yogi,1976-02-01,Male,Kanpur,Uttar Pradesh,2022-12-18,Low
CUST00157,Sahil,Sama,1983-06-10,Male,Madurai,Tamil Nadu,2021-06-04,Low
CUST00158,Yuvaan,Sarin,1975-10-08,Female,Lucknow,Uttar Pradesh,2023-05-14,Medium
CUST00159,Gokul,Char,1984-04-05,Male,Kolkata,West Bengal,2024-04-21,Low
CUST00160,Vaibhav,Sandhu,2006-07-23,Female,Pune,Maharashtra,2020-02-17,Medium
CUST00161,Mannat,Mane,1976-02-17,Female,New Delhi,Delhi,2022-02-07,Low
CUST00162,Ira,Thaman,1955-09-05,Male,New Delhi,Delhi,2021-03-27,Low
CUST00163,Reyansh,Cheema,1984-11-25,Male,Kochi,Kerala,2025-05-02,Low
CUST00164,Kavya,Raman,2000-03-14,Male,Nagpur,Maharashtra,2021-05-23,Low
CUST00165,Anahita,Kant,1985-09-26,Female,Mumbai,Maharashtra,2024-05-25,Low
CUST00166,Lakshit,Kumer,1987-11-07,Male,Surat,Gujarat,2025-05-27,Medium
CUST00167,Yashvi,Shah,1967-03-13,Female,Coimbatore,Tamil Nadu,2024-04-02,Low
CUST00168,Dharmajan,Dhar,1990-09-22,Female,Surat,Gujarat,2024-04-18,Low
CUST00169,Myra,Rao,1978-06-17,Female,Nashik,Maharashtra,2019-06-12,Low
CUST00170,Suhana,Dalal,2001-06-07,Male,Coimbatore,Tamil Nadu,2021-04-16,Low
CUST00171,Mamooty,Swaminathan,1969-03-14,Male,Mangaluru,Karnataka,2019-11-26,Low
CUST00172,Anay,Bajaj,1972-04-23,Male,New Delhi,Delhi,2022-09-10,Low
CUST00173,Manjari,Varghese,2007-12-11,Male,Nagpur,Maharashtra,2019-04-09,Low
CUST00174,Amani,Johal,1998-07-03,Male,Ahmedabad,Gujarat,2023-07-19,Low
CUST00175,Kartik,Sekhon,2003-01-13,Male,Jaipur,Rajasthan,2021-11-30,Low
CUST00176,Bhamini,Iyengar,1972-04-02,Female,Noida,Uttar Pradesh,2019-11-27,Low
CUST00177,Neysa,Sankaran,1956-01-10,Female,Hubballi,Karnataka,2025-01-14,Low
CUST00178,Trisha,Wali,1962-11-26,Male,Kanpur,Uttar Pradesh,2025-04-09,Low
CUST00179,Aarna,Choudhary,1967-08-14,Male,Bengaluru,Karnataka,2025-06-28,Medium
CUST00180,Rasha,Lad,1987-04-06,Female,Hyderabad,Telangana,2019-01-29,Low
CUST00181,Ivana,Dash,1963-11-28,Female,Udaipur,Rajasthan,2022-07-14,Low
CUST00182,Himmat,Suresh,1987-04-08,Female,Kochi,Kerala,2024-04-30,Low
CUST00183,Eva,Mammen,1996-03-03,Male,Hubballi,Karnataka,2021-05-07,Medium
CUST00184,Tanya,Walla,1985-10-07,Female,Chennai,Tamil Nadu,2023-11-11,Medium
CUST00185,Saira,Walla,1989-12-31,Female,Hubballi,Karnataka,2022-04-12,Low
CUST00186,Ira,Kapoor,1966-06-24,Male,Kozhikode,Kerala,2024-12-22,Low
CUST00187,Anika,Kar,1973-04-15,Female,Hyderabad,Telangana,2025-01-16,Medium
CUST00188,Nishith,Trivedi,1999-01-16,Male,Hyderabad,Telangana,2021-01-03,Low
CUST00189,Tiya,Sood,1991-02-14,Female,Nashik,Maharashtra,2022-10-09,Low
CUST00190,Mishti,Dar,1974-05-03,Male,Thiruvananthapuram,Kerala,2022-05-23,Low
CUST00191,Dhanuk,Saxena,1975-02-03,Female,Kolkata,West Bengal,2020-08-23,Low
CUST00192,Purab,Ganesh,1977-05-28,Male,Udaipur,Rajasthan,2023-03-31,Medium
CUST00193,Dhanush,Biswas,1965-11-29,Male,New Delhi,Delhi,2020-08-13,Medium
CUST00194,Veer,Saran,1966-01-17,Female,Coimbatore,Tamil Nadu,2024-08-28,Low
CUST00195,Lakshit,Balay,1983-11-18,Male,Thiruvananthapuram,Kerala,2022-02-12,Low
CUST00196,Shalv,Madan,1987-05-10,Female,Kochi,Kerala,2022-03-09,Low
CUST00197,Biju,Chauhan,1984-03-28,Female,Lucknow,Uttar Pradesh,2021-12-18,Medium
CUST00198,Trisha,Master,2002-12-24,Male,Mumbai,Maharashtra,2018-10-25,Medium
CUST00199,Tarini,Mani,1981-07-14,Female,Udaipur,Rajasthan,2022-09-15,Medium
CUST00200,Aarush,Goda,1975-12-21,Male,Jaipur,Rajasthan,2025-01-21,Medium
CUST00201,Vidur,Varkey,1984-02-29,Female,Udaipur,Rajasthan,2023-03-25,Low
CUST00202,Siya,Shah,1992-10-24,Female,Lucknow,Uttar Pradesh,2025-06-15,Low
CUST00203,Lavanya,Yadav,1970-08-28,Female,Kochi,Kerala,2022-10-20,Low
CUST00204,Madhup,Deshpande,1985-04-22,Female,Mysuru,Karnataka,2022-10-12,Medium
CUST00205,Aniruddh,Hayer,1978-07-10,Male,Kolkata,West Bengal,2024-05-04,Low
CUST00206,Parinaaz,Sur,1983-03-01,Male,Hyderabad,Telangana,2024-10-22,Low
CUST00207,Ivan,Trivedi,1987-06-16,Male,Hubballi,Karnataka,2019-09-26,Low
CUST00208,Misha,Loke,1957-06-26,Male,Ahmedabad,Gujarat,2022-01-01,Low
CUST00209,Kiara,Manda,2000-10-06,Male,Kanpur,Uttar Pradesh,2018-11-18,Low
CUST00210,Dharmajan,Rout,1984-10-25,Female,Mumbai,Maharashtra,2019-10-21,Low
CUST00211,Anahi,Chand,1959-01-26,Female,Udaipur,Rajasthan,2020-11-11,Low
CUST00212,Vaibhav,Gade,1970-01-19,Female,Kozhikode,Kerala,2022-07-08,Low
CUST00213,Shaan,Ganguly,2007-06-14,Female,Hubballi,Karnataka,2021-11-15,Low
CUST00214,Ranbir,Shetty,1984-05-03,Male,Ahmedabad,Gujarat,2020-10-17,Low
CUST00215,Dhanush,Keer,1956-12-19,Male,Noida,Uttar Pradesh,2025-01-08,Medium
CUST00216,Hrishita,Bal,1979-06-19,Male,Mumbai,Maharashtra,2020-07-22,Low
CUST00217,Nehmat,Banerjee,2000-01-01,Female,Udaipur,Rajasthan,2018-12-29,Low
CUST00218,Tanya,Aurora,1972-06-23,Female,Thiruvananthapuram,Kerala,2020-05-06,Medium
CUST00219,Akarsh,Rastogi,1966-01-07,Female,Noida,Uttar Pradesh,2020-09-05,Low
CUST00220,Gokul,Khalsa,2001-03-16,Female,Mysuru,Karnataka,2019-08-16,Medium
CUST00221,Jivika,Chopra,1987-04-18,Female,Ahmedabad,Gujarat,2024-08-07,Low
CUST00222,Onkar,Sinha,1980-10-01,Female,Hubballi,Karnataka,2020-01-29,Low
CUST00223,Mahika,Raman,2006-07-18,Female,Hyderabad,Telangana,2024-10-04,Low
CUST00224,Farhan,Sood,1966-10-17,Female,Thiruvananthapuram,Kerala,2021-04-18,Low
CUST00225,Emir,Mann,1957-05-25,Male,New Delhi,Delhi,2021-04-21,Low
CUST00226,Kashvi,Sandhu,1981-03-10,Female,Thiruvananthapuram,Kerala,2022-01-09,Low
CUST00227,Saanvi,Chaudhary,1960-10-26,Male,Hyderabad,Telangana,2023-09-08,High
CUST00228,Prisha,Thakur,1998-05-02,Female,Kolkata,West Bengal,2020-09-18,Low
CUST00229,Ehsaan,Sarin,2008-03-20,Female,Vadodara,Gujarat,2021-03-19,Medium
CUST00230,Piya,Rama,1963-11-20,Male,Warangal,Telangana,2025-06-03,Low
CUST00231,Jivika,Srinivas,1958-06-11,Male,Vadodara,Gujarat,2021-08-08,Medium
CUST00232,Hazel,Kala,2000-08-31,Female,Udaipur,Rajasthan,2021-10-20,Low
CUST00233,Darshit,Kulkarni,1999-09-18,Male,Jaipur,Rajasthan,2021-07-21,Low
CUST00234,Abram,Vala,1984-03-26,Male,Kozhikode,Kerala,2025-08-23,Low
CUST00235,Ayesha,Bera,1985-02-24,Female,Madurai,Tamil Nadu,2021-09-24,Low
CUST00236,Myra,Walla,1986-12-07,Male,Chennai,Tamil Nadu,2024-08-31,Medium
CUST00237,Indrans,Kalla,1967-08-20,Male,Mysuru,Karnataka,2024-11-21,Low
CUST00238,Elakshi,Sachdev,1974-01-10,Male,Kolkata,West Bengal,2023-11-21,Low
CUST00239,Zara,Luthra,2008-05-12,Female,Warangal,Telangana,2022-10-06,Low
CUST00240,Anahita,Kamdar,2005-05-24,Female,Kolkata,West Bengal,2023-09-09,Low
CUST00241,Priyansh,Edwin,1972-05-09,Male,Mysuru,Karnataka,2019-05-22,Medium
CUST00242,Ranbir,Wadhwa,1986-04-29,Female,Kolkata,West Bengal,2020-09-21,High
CUST00243,Suhana,Kata,1994-06-05,Male,Kolkata,West Bengal,2023-11-04,Medium
CUST00244,Oorja,Gupta,1978-07-17,Female,Coimbatore,Tamil Nadu,2018-11-23,Low
CUST00245,Bhamini,Varghese,1977-10-07,Male,Kochi,Kerala,2020-03-12,Low
CUST00246,Aradhya,Cherian,1979-10-18,Female,Mysuru,Karnataka,2025-06-08,Medium
CUST00247,Pranay,Garde,1974-09-05,Male,Hyderabad,Telangana,2023-09-21,Low
CUST00248,Rati,Wable,1974-06-13,Male,Kozhikode,Kerala,2023-05-18,High
CUST00249,Aayush,Kuruvilla,1968-08-25,Female,Jaipur,Rajasthan,2019-05-18,High
CUST00250,Nakul,Sem,1983-04-22,Male,Kolkata,West Bengal,2022-10-21,Medium
CUST00251,Ivana,Sibal,1972-01-02,Male,Lucknow,Uttar Pradesh,2024-07-10,Low
CUST00252,Anika,Roy,2004-02-02,Male,Kozhikode,Kerala,2022-10-28,Low
CUST00253,Alia,Sule,1956-10-27,Female,Thiruvananthapuram,Kerala,2019-06-11,Medium
CUST00254,Ritvik,Choudhry,1983-03-03,Female,New Delhi,Delhi,2024-07-14,Low
CUST00255,Nirvaan,Dua,2000-10-30,Female,Warangal,Telangana,2023-08-06,Low
CUST00256,Tushar,Khalsa,1993-04-24,Female,Udaipur,Rajasthan,2023-03-02,Low
CUST00257,Shray,Kala,2006-05-30,Male,Mangaluru,Karnataka,2023-05-01,Medium
CUST00258,Shalv,Goda,2003-06-24,Female,Kozhikode,Kerala,2022-07-05,Low
CUST00259,Purab,Dua,1972-10-03,Male,Kolkata,West Bengal,2020-08-11,Low
CUST00260,Fateh,Sen,1968-10-02,Female,Kozhikode,Kerala,2021-05-02,Low
CUST00261,Fateh,Sharaf,1992-02-11,Female,Thiruvananthapuram,Kerala,2025-02-18,Low
CUST00262,Prisha,Chanda,1968-09-06,Female,Hyderabad,Telangana,2020-06-28,High
CUST00263,Seher,Khurana,1974-06-19,Male,Hubballi,Karnataka,2024-10-24,Low
CUST00264,Khushi,Sidhu,1991-05-08,Female,Madurai,Tamil Nadu,2023-09-23,Low
CUST00265,Raunak,Bedi,1968-11-09,Male,Kolkata,West Bengal,2021-03-03,Medium
CUST00266,Manikya,Gole,1967-11-11,Female,Surat,Gujarat,2021-03-22,Medium
CUST00267,Abram,Sathe,1991-12-30,Female,Mysuru,Karnataka,2019-09-23,Low
CUST00268,Raghav,Bajaj,1959-05-12,Female,Warangal,Telangana,2023-05-11,Medium
CUST00269,Riaan,Sarkar,1964-03-29,Female,Udaipur,Rajasthan,2024-01-28,Low
CUST00270,Suhana,Korpal,1962-08-18,Male,Jaipur,Rajasthan,2018-10-03,Low
CUST00271,Kaira,Dhar,1987-08-04,Female,Nashik,Maharashtra,2022-09-21,Medium
CUST00272,Advika,Garde,1968-03-12,Male,Kozhikode,Kerala,2019-02-01,Medium
CUST00273,Ojas,Venkataraman,1988-02-28,Male,New Delhi,Delhi,2019-08-15,Medium
CUST00274,Chirag,Iyer,1989-02-10,Male,New Delhi,Delhi,2019-04-13,Medium
CUST00275,Kashvi,Rau,2002-05-12,Female,Surat,Gujarat,2019-02-08,Low
CUST00276,Indrajit,Borde,1993-12-13,Female,Kozhikode,Kerala,2021-03-26,Low
CUST00277,Dharmajan,Dash,1963-09-17,Female,Kolkata,West Bengal,2023-05-25,Medium
CUST00278,Tarini,Joshi,1996-11-28,Female,Bengaluru,Karnataka,2023-09-21,Low
CUST00279,Vritika,Ranganathan,1971-01-03,Female,Hyderabad,Telangana,2025-03-31,Medium
CUST00280,Elakshi,Gupta,1986-04-22,Female,Udaipur,Rajasthan,2022-06-01,Medium
CUST00281,Rohan,Vasa,1995-09-12,Female,Mysuru,Karnataka,2022-04-19,Medium
CUST00282,Ryan,Mane,1997-11-28,Male,Warangal,Telangana,2019-03-01,Low
CUST00283,Manjari,Shankar,1962-05-27,Female,Kanpur,Uttar Pradesh,2025-02-19,Low
CUST00284,Lakshay,Rattan,1970-01-04,Male,New Delhi,Delhi,2020-11-25,Low
CUST00285,Nitara,Baria,1966-05-03,Male,Kolkata,West Bengal,2020-09-09,Low
CUST00286,Jayant,Majumdar,1960-10-03,Male,New Delhi,Delhi,2019-12-25,Low
CUST00287,Aarav,Jayaraman,1986-04-22,Male,Kolkata,West Bengal,2024-07-06,Low
CUST00288,Kimaya,Keer,1975-06-21,Male,Madurai,Tamil Nadu,2018-12-05,Low
CUST00289,Mehul,Dhawan,2003-10-04,Male,Kolkata,West Bengal,2021-01-20,Low
CUST00290,Rati,Vasa,1986-07-19,Male,Kanpur,Uttar Pradesh,2019-04-04,Low
CUST00291,Piya,Dada,1973-08-26,Female,Surat,Gujarat,2025-05-08,Low
CUST00292,Vritika,Rattan,1995-10-14,Female,Ahmedabad,Gujarat,2024-04-10,Low
CUST00293,Zaina,Chaudhary,1984-07-30,Male,Jaipur,Rajasthan,2019-08-17,Medium
CUST00294,Inaaya ,Chowdhury,1999-09-21,Female,Mangaluru,Karnataka,2019-12-01,Low
CUST00295,Priyansh,Thaker,1965-04-30,Male,Bengaluru,Karnataka,2019-04-04,Low
CUST00296,Biju,Butala,1976-07-31,Male,Warangal,Telangana,2023-09-17,Low
CUST00297,Siya,Tella,1994-05-20,Female,Chennai,Tamil Nadu,2021-02-07,Medium
CUST00298,Advika,Bhatia,1987-07-18,Female,Udaipur,Rajasthan,2024-07-04,Low
CUST00299,Romil,Sarma,1983-01-15,Male,Mumbai,Maharashtra,2020-12-18,Low
CUST00300,Damini,Madan,1989-04-02,Female,Thiruvananthapuram,Kerala,2022-05-17,Low
CUST00301,Dhanush,Ram,1958-05-12,Female,Vadodara,Gujarat,2022-04-29,Low
CUST00302,Sara,Edwin,1996-09-24,Male,New Delhi,Delhi,2020-10-11,Low
CUST00303,Anay,Bath,1971-03-24,Female,Hyderabad,Telangana,2024-05-20,Low
CUST00304,Kashvi,Raj,1957-01-22,Female,Mysuru,Karnataka,2025-02-26,Low
CUST00305,Pari,Tara,1973-12-27,Male,Chennai,Tamil Nadu,2023-07-21,Medium
CUST00306,Arnav,Singh,2007-02-11,Male,Noida,Uttar Pradesh,2020-02-21,High
CUST00307,Anaya,Lad,1999-12-26,Male,Nagpur,Maharashtra,2022-05-30,Low
CUST00308,Ranbir,Chana,1995-06-25,Male,Vadodara,Gujarat,2022-05-11,Low
CUST00309,Myra,Talwar,1989-02-09,Female,Jaipur,Rajasthan,2019-06-05,Medium
CUST00310,Anaya,Ghosh,1983-06-09,Male,Mumbai,Maharashtra,2021-06-26,Low
CUST00311,Samarth,Sampath,1962-10-07,Male,Nashik,Maharashtra,2020-01-07,Low
CUST00312,Shalv,Jha,2002-11-08,Female,Ahmedabad,Gujarat,2022-11-12,Low
CUST00313,Reyansh,Saini,1982-11-25,Female,Kolkata,West Bengal,2025-07-27,Low
CUST00314,Tara,Maharaj,1958-02-23,Male,Mangaluru,Karnataka,2022-07-09,High
CUST00315,Dhruv,Dugar,1972-10-28,Female,Nagpur,Maharashtra,2021-05-26,Medium
CUST00316,Farhan,Som,1983-02-25,Male,Ahmedabad,Gujarat,2023-01-10,Low
CUST00317,Aarav,Saha,1992-07-28,Male,Kochi,Kerala,2022-07-31,Low
CUST00318,Zain,Bala,1968-05-31,Male,Kolkata,West Bengal,2023-01-22,Low
CUST00319,Taran,Rastogi,2007-02-15,Male,Kozhikode,Kerala,2022-11-21,Low
CUST00320,Mishti,Kant,2007-05-14,Male,New Delhi,Delhi,2019-02-02,Low
CUST00321,Lagan,Deol,1993-01-08,Female,Chennai,Tamil Nadu,2019-10-07,Low
CUST00322,Reyansh,Kanda,2003-03-02,Female,Warangal,Telangana,2022-10-09,Medium
CUST00323,Gatik,Atwal,1998-07-10,Female,Hyderabad,Telangana,2023-10-30,Low
CUST00324,Yasmin,Dar,2003-12-13,Male,Mumbai,Maharashtra,2019-12-31,Low
CUST00325,Sahil,Majumdar,1956-07-30,Female,Chennai,Tamil Nadu,2023-05-07,High
CUST00326,Yuvraj ,Batra,1970-12-09,Male,Nagpur,Maharashtra,2019-08-13,Medium
CUST00327,Anahi,Bhargava,1999-09-22,Male,Kolkata,West Bengal,2019-12-17,Low
CUST00328,Charvi,Sehgal,1975-07-06,Female,Kolkata,West Bengal,2022-12-24,Low
CUST00329,Renee,Deshpande,1983-12-04,Male,Chennai,Tamil Nadu,2022-10-03,Low
CUST00330,Anaya,Dara,1986-09-25,Female,New Delhi,Delhi,2023-05-04,Low
CUST00331,Hunar,Handa,1968-08-14,Female,Mumbai,Maharashtra,2023-10-01,Low
CUST00332,Diya,Shenoy,1964-12-08,Male,Mysuru,Karnataka,2019-03-30,Medium
CUST00333,Raghav,Som,1983-11-20,Male,New Delhi,Delhi,2021-07-16,Low
CUST00334,Vedika,Kulkarni,1973-10-30,Female,Kanpur,Uttar Pradesh,2025-08-18,Low
CUST00335,Aarav,Dhaliwal,2005-01-21,Male,New Delhi,Delhi,2021-03-10,Low
CUST00336,Khushi,Mann,2000-07-22,Male,Nashik,Maharashtra,2022-10-25,Low
CUST00337,Indrajit,Kapoor,1992-04-19,Female,Kolkata,West Bengal,2022-10-08,Medium
CUST00338,Shray,Ganesan,1993-03-16,Female,Kolkata,West Bengal,2025-02-20,Medium
CUST00339,Inaaya ,Gulati,1986-08-20,Male,Pune,Maharashtra,2021-05-21,Low
CUST00340,Kanav,Sarkar,1971-11-25,Male,Chennai,Tamil Nadu,2023-07-07,Low
CUST00341,Veer,Dada,2008-06-04,Female,Kanpur,Uttar Pradesh,2022-02-22,Low
CUST00342,Azad,Dutt,2006-04-29,Female,Madurai,Tamil Nadu,2022-09-03,Low
CUST00343,Renee,Tak,1981-08-04,Female,New Delhi,Delhi,2021-12-07,Low
CUST00344,Nitara,Sule,2000-01-08,Male,Kolkata,West Bengal,2019-12-11,Low
CUST00345,Bhamini,Badami,1964-03-28,Male,Surat,Gujarat,2022-12-03,Low
CUST00346,Kiara,Gandhi,1962-06-24,Male,Nagpur,Maharashtra,2022-05-24,Low
CUST00347,Divyansh,Lall,1986-09-29,Female,Mysuru,Karnataka,2018-10-12,Low
CUST00348,Saira,Bora,1983-07-20,Female,Jaipur,Rajasthan,2024-03-21,Low
CUST00349,Indrans,Barad,1987-08-07,Female,Warangal,Telangana,2025-04-19,Low
CUST00350,Prerak,Gara,1998-01-23,Female,Ahmedabad,Gujarat,2024-07-17,Low
CUST00351,Vivaan,Sachar,1961-02-11,Male,Mysuru,Karnataka,2021-06-11,Low
CUST00352,Pari,Varughese,1991-12-18,Female,Kolkata,West Bengal,2021-11-18,Medium
CUST00353,Samar,Rattan,2004-07-22,Male,Kolkata,West Bengal,2025-02-09,Low
CUST00354,Aradhya,Viswanathan,1992-06-19,Male,New Delhi,Delhi,2018-12-15,Low
CUST00355,Miraya,Banerjee,1971-08-17,Male,Jaipur,Rajasthan,2024-01-07,Low
CUST00356,Piya,Dhawan,1971-02-17,Female,Ahmedabad,Gujarat,2025-01-01,Low
CUST00357,Divij,Kalla,1962-05-07,Male,Kolkata,West Bengal,2025-02-12,Low
CUST00358,Myra,Sarraf,1962-06-28,Female,Nashik,Maharashtra,2022-06-04,Low
CUST00359,Ivan,Saran,1976-01-11,Female,New Delhi,Delhi,2018-11-23,Medium
CUST00360,Azad,Gaba,1959-06-20,Female,Bengaluru,Karnataka,2021-02-22,Low
CUST00361,Taimur,Grover,1984-12-15,Female,Ahmedabad,Gujarat,2019-11-21,Low
CUST00362,Nirvaan,Lanka,1983-09-09,Male,Nagpur,Maharashtra,2023-06-19,Low
CUST00363,Pihu,Sule,1967-11-26,Male,Kolkata,West Bengal,2020-02-05,Low
CUST00364,Jayant,Baral,1997-02-15,Female,Mysuru,Karnataka,2021-11-26,Low
CUST00365,Miraya,Sanghvi,1972-01-14,Female,New Delhi,Delhi,2022-11-19,Medium
CUST00366,Keya,Bora,1971-06-14,Female,Kolkata,West Bengal,2022-07-28,Low
CUST00367,Navya,Datta,1986-12-03,Male,Hyderabad,Telangana,2020-10-27,High
CUST00368,Nitya,Agrawal,1987-04-23,Female,New Delhi,Delhi,2021-02-04,Medium
CUST00369,Parinaaz,Mahajan,1966-05-26,Female,Mumbai,Maharashtra,2019-04-12,Low
CUST00370,Ahana ,Gera,1995-08-20,Male,Kolkata,West Bengal,2021-03-12,Low
CUST00371,Navya,Kala,2002-08-16,Female,Nagpur,Maharashtra,2020-10-11,Low
CUST00372,Amani,Uppal,1976-03-17,Male,Hyderabad,Telangana,2020-05-05,Low
CUST00373,Veer,Varkey,1988-07-13,Female,Warangal,Telangana,2019-07-23,Low
CUST00374,Miraan,Halder,1994-07-27,Male,New Delhi,Delhi,2021-09-14,Low
CUST00375,Kashvi,Divan,2003-03-27,Female,Bengaluru,Karnataka,2021-02-28,Low
CUST00376,Akarsh,Thakkar,2000-06-10,Female,Kolkata,West Bengal,2022-01-06,Low
CUST00377,Raghav,Agrawal,1994-02-28,Female,Bengaluru,Karnataka,2024-06-25,Medium
CUST00378,Vanya,Sharma,1958-12-27,Female,Kanpur,Uttar Pradesh,2023-10-23,Low
CUST00379,Shanaya,Kothari,1975-02-15,Male,Lucknow,Uttar Pradesh,2025-04-01,Medium
CUST00380,Yasmin,Contractor,1996-12-16,Male,Nashik,Maharashtra,2025-06-21,Low
CUST00381,Sumer,Choudhary,1998-12-21,Female,Udaipur,Rajasthan,2020-04-07,Low
CUST00382,Miraya,Dass,2001-10-08,Female,Noida,Uttar Pradesh,2025-01-28,Low
CUST00383,Saira,Sinha,2000-07-04,Male,Thiruvananthapuram,Kerala,2024-06-10,Low
CUST00384,Hiran,Ratti,1962-04-06,Female,Thiruvananthapuram,Kerala,2023-12-27,Medium
CUST00385,Neelofar,Bahri,1976-09-02,Male,Coimbatore,Tamil Nadu,2025-05-11,Medium
CUST00386,Advika,Badal,1995-02-02,Female,Udaipur,Rajasthan,2021-10-02,Medium
CUST00387,Sana,Bhatti,1961-10-13,Male,Hyderabad,Telangana,2021-02-27,Low
CUST00388,Shaan,Shenoy,1983-12-04,Female,New Delhi,Delhi,2020-02-22,Low
CUST00389,Krish,Bhatti,1992-05-10,Male,Udaipur,Rajasthan,2021-10-05,Medium
CUST00390,Eva,Krishna,1974-03-12,Male,New Delhi,Delhi,2020-01-19,Medium
CUST00391,Onkar,Tella,1988-06-09,Female,Udaipur,Rajasthan,2025-07-05,High
CUST00392,Ritvik,Shenoy,1978-09-12,Female,Bengaluru,Karnataka,2025-06-28,Low
CUST00393,Farhan,Kaur,1960-10-09,Male,Ahmedabad,Gujarat,2019-11-06,Low
CUST00394,Tanya,Chowdhury,2001-09-03,Male,Mysuru,Karnataka,2024-10-23,Medium
CUST00395,Pari,Issac,1993-07-29,Female,Coimbatore,Tamil Nadu,2021-10-05,Low
CUST00396,Divij,Subramanian,1982-07-02,Female,Chennai,Tamil Nadu,2018-10-08,Medium
CUST00397,Prerak,Loyal,1964-01-22,Female,Hyderabad,Telangana,2022-07-08,Medium
CUST00398,Tushar,Samra,2006-08-14,Female,Kolkata,West Bengal,2024-05-14,Low
CUST00399,Prerak,Master,1981-07-30,Male,Udaipur,Rajasthan,2025-08-24,Medium
CUST00400,Navya,Grewal,1963-01-08,Male,Udaipur,Rajasthan,2024-05-22,Medium
CUST00401,Mehul,Keer,1957-05-08,Male,Surat,Gujarat,2023-12-02,Low
CUST00402,Jhanvi,Gade,1997-03-01,Female,New Delhi,Delhi,2020-07-13,Medium
CUST00403,Neelofar,Balay,1998-11-21,Male,Kochi,Kerala,2022-08-07,Low
CUST00404,Rati,Dora,1999-10-30,Female,Warangal,Telangana,2022-02-14,Medium
CUST00405,Farhan,Boase,1958-09-26,Male,Warangal,Telangana,2018-12-19,Low
CUST00406,Romil,Koshy,1963-07-21,Female,Madurai,Tamil Nadu,2019-06-23,Medium
CUST00407,Miraan,Wali,1992-03-24,Male,Chennai,Tamil Nadu,2019-10-21,Low
CUST00408,Vidur,Karan,1980-11-23,Male,Ahmedabad,Gujarat,2024-05-09,Low
CUST00409,Shanaya,Sarin,1992-05-29,Female,Kozhikode,Kerala,2022-03-20,Medium
CUST00410,Khushi,Sharaf,2005-02-03,Female,Chennai,Tamil Nadu,2019-12-19,Low
CUST00411,Zeeshan,Sagar,1962-05-22,Female,Mangaluru,Karnataka,2022-10-24,Low
CUST00412,Mannat,Jani,1974-09-07,Female,Chennai,Tamil Nadu,2018-12-05,High
CUST00413,Prisha,Goyal,1970-06-08,Male,New Delhi,Delhi,2022-06-03,High
CUST00414,Ahana ,Dalal,1980-04-30,Female,Kolkata,West Bengal,2019-06-30,Low
CUST00415,Piya,Gour,1992-09-12,Male,New Delhi,Delhi,2024-02-19,Low
CUST00416,Taimur,Balasubramanian,1982-09-28,Male,Jaipur,Rajasthan,2020-12-30,Low
CUST00417,Kanav,Bhat,1986-08-05,Male,Vadodara,Gujarat,2019-06-06,Low
CUST00418,Nitara,Cherian,1999-04-26,Female,Nagpur,Maharashtra,2024-02-02,Low
CUST00419,Kimaya,Anne,1959-02-03,Male,Warangal,Telangana,2025-05-05,Low
CUST00420,Shamik,Dara,1964-03-20,Female,New Delhi,Delhi,2025-05-06,Medium
CUST00421,Jivika,Chauhan,1960-04-26,Male,Noida,Uttar Pradesh,2025-02-27,Medium
CUST00422,Ishita,Chawla,1995-07-21,Female,Jaipur,Rajasthan,2020-06-26,Medium
CUST00423,Mehul,Gala,2008-05-06,Male,New Delhi,Delhi,2019-11-27,Low
CUST00424,Vedika,Yohannan,1996-03-16,Male,Noida,Uttar Pradesh,2018-09-03,Low
CUST00425,Raghav,Varughese,1965-06-30,Male,Mangaluru,Karnataka,2019-10-03,Low
CUST00426,Hrishita,Dass,1967-07-11,Female,Nashik,Maharashtra,2019-08-02,Low
CUST00427,Nitara,Verma,1957-05-27,Female,Udaipur,Rajasthan,2019-10-09,Low
CUST00428,Abram,Gola,1971-11-03,Male,Udaipur,Rajasthan,2023-08-29,Medium
CUST00429,Samarth,Anand,1967-07-04,Female,Kolkata,West Bengal,2020-11-27,Low
CUST00430,Baiju,Bhatnagar,2006-02-14,Female,Warangal,Telangana,2022-03-25,Low
CUST00431,Eshani,Bhandari,2006-05-23,Male,Pune,Maharashtra,2019-03-11,Low
CUST00432,Anika,Kapur,2008-08-04,Male,Pune,Maharashtra,2021-09-23,Medium
CUST00433,Drishya,Rajagopalan,1963-01-26,Male,Ahmedabad,Gujarat,2022-06-30,Low
CUST00434,Damini,Choudhry,1997-07-04,Male,Udaipur,Rajasthan,2019-01-07,Low
CUST00435,Samiha,Srinivasan,2000-06-27,Male,Chennai,Tamil Nadu,2023-02-01,Low
CUST00436,Romil,Karnik,1999-06-06,Female,New Delhi,Delhi,2018-11-30,Medium
CUST00437,Biju,Khatri,1982-12-24,Male,Mumbai,Maharashtra,2022-04-11,Low
CUST00438,Piya,Bhagat,1989-01-04,Male,Kozhikode,Kerala,2024-09-16,Medium
CUST00439,Ahana ,Bansal,1961-02-23,Male,Lucknow,Uttar Pradesh,2021-05-22,Medium
CUST00440,Mahika,Borah,1960-02-13,Female,Surat,Gujarat,2019-09-22,Low
CUST00441,Raghav,Ratta,1998-09-24,Female,Surat,Gujarat,2023-08-18,Low
CUST00442,Ira,Sawhney,1977-10-11,Female,Hubballi,Karnataka,2021-11-21,High
CUST00443,Kimaya,Lanka,1975-09-19,Male,Jaipur,Rajasthan,2022-07-05,Low
CUST00444,Dishani,Ramakrishnan,1984-12-03,Male,Lucknow,Uttar Pradesh,2019-06-30,Low
CUST00445,Yashvi,Sarna,1963-06-08,Male,New Delhi,Delhi,2024-03-21,Medium
CUST00446,Nehmat,Vyas,2007-12-23,Female,Kozhikode,Kerala,2023-05-04,Medium
CUST00447,Saira,Verma,1970-04-13,Male,Thiruvananthapuram,Kerala,2022-04-23,High
CUST00448,Alisha,Wali,1971-03-14,Female,Vadodara,Gujarat,2022-03-03,Medium
CUST00449,Shayak,Thaker,1986-07-05,Male,Kolkata,West Bengal,2022-01-15,Low
CUST00450,Zeeshan,Sethi,1962-02-13,Male,Madurai,Tamil Nadu,2021-04-23,Low
CUST00451,Aaryahi,Dugar,2000-11-28,Female,Udaipur,Rajasthan,2020-10-25,Medium
CUST00452,Umang,Bose,2002-05-22,Male,Kozhikode,Kerala,2022-09-07,Low
CUST00453,Darshit,Bath,1961-06-16,Female,Mysuru,Karnataka,2019-06-11,Low
CUST00454,Adah,Bava,2006-04-26,Male,Bengaluru,Karnataka,2024-12-07,Medium
CUST00455,Umang,Tak,1964-07-03,Female,Jaipur,Rajasthan,2023-05-20,Low
CUST00456,Biju,Raj,1993-11-12,Female,Warangal,Telangana,2023-06-06,Low
CUST00457,Shalv,Sampath,1963-12-20,Male,Vadodara,Gujarat,2022-02-22,Low
CUST00458,Sumer,Vohra,2000-12-04,Male,Chennai,Tamil Nadu,2025-01-12,Low
CUST00459,Aarna,Vig,2004-09-19,Male,Kanpur,Uttar Pradesh,2019-02-01,Low
CUST00460,Reyansh,Rama,1976-11-28,Male,Pune,Maharashtra,2021-08-22,Low
CUST00461,Ehsaan,Mani,1990-03-06,Male,Udaipur,Rajasthan,2020-06-16,Low
CUST00462,Indrans,Saha,1988-06-17,Male,Kozhikode,Kerala,2020-07-22,Low
CUST00463,Emir,Gill,1993-07-03,Male,Kochi,Kerala,2021-10-10,Medium
CUST00464,Farhan,Singh,1974-08-09,Male,Kanpur,Uttar Pradesh,2023-07-14,Low
CUST00465,Mamooty,Swamy,1984-11-06,Female,New Delhi,Delhi,2023-06-03,High
CUST00466,Tiya,Tank,1997-12-16,Male,Nagpur,Maharashtra,2023-11-14,Low
CUST00467,Pari,Rout,1993-07-14,Male,Warangal,Telangana,2018-11-15,Low
CUST00468,Mahika,Saha,2002-11-03,Female,Kolkata,West Bengal,2020-12-03,Medium
CUST00469,Aniruddh,Chana,1974-03-31,Female,Lucknow,Uttar Pradesh,2024-08-17,Low
CUST00470,Tarini,Dubey,1978-10-10,Female,New Delhi,Delhi,2021-08-20,High
CUST00471,Aarush,Chana,1965-05-25,Male,Mangaluru,Karnataka,2023-06-20,Low
CUST00472,Nirvi,Iyer,1960-05-20,Male,Warangal,Telangana,2019-11-09,High
CUST00473,Seher,Ravel,1957-09-25,Female,New Delhi,Delhi,2019-06-07,Low
CUST00474,Siya,Lanka,1970-04-16,Female,Kolkata,West Bengal,2021-11-06,Medium
CUST00475,Aaina,Karan,1978-11-06,Female,New Delhi,Delhi,2019-12-28,Low
CUST00476,Tushar,Dugal,2004-10-02,Female,Jaipur,Rajasthan,2021-05-29,High
CUST00477,Urvi,Mander,1996-03-22,Male,Lucknow,Uttar Pradesh,2019-05-16,Low
CUST00478,Baiju,Brahmbhatt,1966-05-12,Female,Madurai,Tamil Nadu,2025-01-24,Low
CUST00479,Miraya,Bakshi,2001-07-06,Male,Kozhikode,Kerala,2019-05-06,High
CUST00480,Purab,Kant,2000-09-10,Male,Mumbai,Maharashtra,2022-04-04,Low
CUST00481,Aradhya,Raman,1985-09-24,Male,Noida,Uttar Pradesh,2022-03-04,Low
CUST00482,Purab,Chokshi,2007-01-09,Female,Lucknow,Uttar Pradesh,2023-01-03,Low
CUST00483,Farhan,Gera,1984-11-26,Male,Udaipur,Rajasthan,2019-08-05,Low
CUST00484,Raunak,Sane,2001-10-26,Female,Coimbatore,Tamil Nadu,2023-09-11,Low
CUST00485,Aradhya,Lall,2001-01-17,Female,Warangal,Telangana,2021-04-10,Low
CUST00486,Azad,Choudhary,1982-07-19,Male,Kolkata,West Bengal,2023-10-01,Medium
CUST00487,Bhavin,Aggarwal,1969-07-23,Female,New Delhi,Delhi,2021-03-19,Low
CUST00488,Lakshit,Sinha,1964-12-26,Male,Noida,Uttar Pradesh,2025-02-24,Low
CUST00489,Onkar,Dhillon,1977-12-23,Male,Jaipur,Rajasthan,2019-09-02,High
CUST00490,Aarush,Kothari,2006-06-26,Female,Chennai,Tamil Nadu,2022-04-24,Medium
CUST00491,Jayant,Bhattacharyya,1981-07-10,Male,Kolkata,West Bengal,2023-03-07,Low
CUST00492,Renee,Contractor,1989-09-10,Male,Warangal,Telangana,2023-05-27,Low
CUST00493,Oorja,Swaminathan,1979-10-01,Male,Nagpur,Maharashtra,2019-04-06,Low
CUST00494,Vivaan,Venkataraman,2006-02-22,Female,Hyderabad,Telangana,2019-01-04,Low
CUST00495,Adira,Andra,1986-12-08,Male,Udaipur,Rajasthan,2019-04-24,Low
CUST00496,Saksham,Mani,1984-11-10,Female,Kolkata,West Bengal,2023-07-12,Low
CUST00497,Yuvaan,Savant,1999-03-18,Male,Mangaluru,Karnataka,2022-03-15,Low
CUST00498,Riaan,Bhandari,1983-03-19,Male,Udaipur,Rajasthan,2018-10-29,Low
CUST00499,Shaan,Chada,1997-09-17,Female,Noida,Uttar Pradesh,2022-07-25,High
CUST00500,Prisha,Golla,1961-08-24,Male,Vadodara,Gujarat,2022-05-13,High
CUST00501,Emir,Dara,1985-04-18,Female,New Delhi,Delhi,2023-08-29,Low
CUST00502,Yakshit,Lala,1960-12-31,Female,Ahmedabad,Gujarat,2022-01-06,Low
CUST00503,Sahil,Sharma,1978-10-02,Female,New Delhi,Delhi,2020-07-14,Low
CUST00504,Shamik,Sood,1967-02-02,Female,Kolkata,West Bengal,2019-04-20,Medium
CUST00505,Diya,Ravel,1963-05-30,Male,Kolkata,West Bengal,2023-03-01,Low
CUST00506,Diya,Chatterjee,2008-06-21,Male,Nagpur,Maharashtra,2021-08-15,Low
CUST00507,Stuvan,Seth,1999-07-28,Male,Chennai,Tamil Nadu,2025-08-01,Medium
CUST00508,Hunar,Dalal,1962-08-24,Male,New Delhi,Delhi,2019-11-23,Medium
CUST00509,Onkar,Chaudhary,1967-06-16,Male,Surat,Gujarat,2023-10-10,Medium
CUST00510,Indrans,Sidhu,2007-04-23,Male,Kolkata,West Bengal,2024-03-23,Medium
CUST00511,Dhanuk,Chakrabarti,2008-03-29,Female,Hyderabad,Telangana,2023-12-28,Low
CUST00512,Bhamini,Kata,2006-12-27,Female,Mysuru,Karnataka,2023-06-12,Low
CUST00513,Tara,Mann,1986-03-13,Male,Madurai,Tamil Nadu,2024-06-11,Medium
CUST00514,Jivika,Rout,1998-11-18,Male,Madurai,Tamil Nadu,2023-12-18,Medium
CUST00515,Samarth,Venkatesh,1998-05-01,Male,Lucknow,Uttar Pradesh,2021-05-04,Low
CUST00516,Indrajit,Kannan,1960-04-18,Male,Coimbatore,Tamil Nadu,2022-08-21,Low
CUST00517,Ahana ,Raval,1976-04-03,Male,Udaipur,Rajasthan,2025-06-04,Low
CUST00518,Raghav,Rajagopal,1959-06-22,Male,Kochi,Kerala,2021-08-23,Medium
CUST00519,Dishani,Bansal,1976-10-09,Male,Kolkata,West Bengal,2022-07-30,High
CUST00520,Alisha,Bahl,1959-07-10,Female,Chennai,Tamil Nadu,2021-10-14,Low
CUST00521,Reyansh,Barad,1999-07-09,Female,Lucknow,Uttar Pradesh,2019-06-02,Low
CUST00522,Mannat,Rajan,1990-02-26,Male,Noida,Uttar Pradesh,2021-12-02,Low
CUST00523,Anahi,Mannan,1993-05-15,Female,Madurai,Tamil Nadu,2025-05-21,High
CUST00524,Seher,Wason,1958-06-10,Female,Kolkata,West Bengal,2022-06-23,Medium
CUST00525,Zoya,Mangal,2000-01-03,Male,Surat,Gujarat,2020-04-01,Medium
CUST00526,Samarth,Ramakrishnan,1988-01-06,Male,Mumbai,Maharashtra,2022-11-30,Low
CUST00527,Indrajit,Balasubramanian,1986-04-22,Male,Udaipur,Rajasthan,2019-07-13,Low
CUST00528,Zoya,Yogi,1979-01-08,Male,Lucknow,Uttar Pradesh,2024-09-22,Low
CUST00529,Dharmajan,Krishnan,1999-08-14,Male,Kolkata,West Bengal,2020-02-13,Low
CUST00530,Arnav,Dasgupta,2003-10-21,Male,Nashik,Maharashtra,2022-05-17,Medium
CUST00531,Advika,Lala,1991-03-22,Male,Noida,Uttar Pradesh,2023-11-02,Medium
CUST00532,Indranil,Gopal,1981-01-08,Male,Vadodara,Gujarat,2021-01-20,High
CUST00533,Vidur,Jayaraman,2008-05-08,Female,New Delhi,Delhi,2021-07-12,High
CUST00534,Parinaaz,Ram,1959-03-19,Female,Warangal,Telangana,2025-05-13,Low
CUST00535,Mohanlal,Sabharwal,1978-06-03,Female,New Delhi,Delhi,2019-03-18,Medium
CUST00536,Shalv,Batta,1993-08-14,Female,Coimbatore,Tamil Nadu,2024-06-02,Medium
CUST00537,Veer,Dhar,1972-10-18,Female,Hyderabad,Telangana,2024-10-21,Medium
CUST00538,Nirvi,Ramachandran,1965-11-18,Female,Noida,Uttar Pradesh,2021-06-26,Low
CUST00539,Dhanush,Manne,2000-10-22,Female,Kochi,Kerala,2019-11-08,Low
CUST00540,Stuvan,Dubey,2000-04-17,Male,Bengaluru,Karnataka,2024-08-04,Low
CUST00541,Nitara,Hayre,1964-06-04,Male,Vadodara,Gujarat,2023-09-17,High
CUST00542,Rhea,Basak,1976-09-18,Male,New Delhi,Delhi,2023-05-28,Low
CUST00543,Uthkarsh,Rout,1978-01-01,Female,Pune,Maharashtra,2025-07-26,Low
CUST00544,Gokul,Sampath,2003-06-23,Female,Kanpur,Uttar Pradesh,2024-12-07,Low
CUST00545,Piya,Lall,1962-01-03,Female,Udaipur,Rajasthan,2024-02-23,Low
CUST00546,Oorja,Kakar,1990-04-02,Female,Kanpur,Uttar Pradesh,2021-09-23,Low
CUST00547,Advik,Golla,1976-08-31,Female,Warangal,Telangana,2020-03-08,Low
CUST00548,Lakshit,Garde,2007-10-14,Female,Coimbatore,Tamil Nadu,2022-10-14,Low
CUST00549,Kartik,Chowdhury,1965-01-04,Female,Thiruvananthapuram,Kerala,2019-12-20,Low
CUST00550,Dhanuk,Divan,1962-07-13,Female,Vadodara,Gujarat,2022-12-20,Medium
CUST00551,Trisha,Madan,2005-11-30,Male,Pune,Maharashtra,2023-02-16,Low
CUST00552,Armaan,Sahota,1978-07-26,Female,Chennai,Tamil Nadu,2025-03-02,Medium
CUST00553,Miraya,Bhatti,1996-04-16,Male,Udaipur,Rajasthan,2021-11-08,Low
CUST00554,Indrans,Bumb,1967-12-15,Female,Jaipur,Rajasthan,2024-07-17,Low
CUST00555,Trisha,Ratta,1966-11-30,Male,Vadodara,Gujarat,2024-10-13,Medium
CUST00556,Advika,Bains,1983-08-10,Male,Pune,Maharashtra,2021-09-30,Low
CUST00557,Parinaaz,Sem,1971-10-24,Female,Kanpur,Uttar Pradesh,2022-06-06,Low
CUST00558,Manjari,Dhar,2006-11-06,Male,Nagpur,Maharashtra,2025-01-06,Low
CUST00559,Vardaniya,Kapur,1971-07-29,Male,New Delhi,Delhi,2023-03-12,Medium
CUST00560,Nakul,Dubey,1987-07-26,Male,Surat,Gujarat,2020-04-19,Low
CUST00561,Tushar,Sane,1994-06-19,Female,Lucknow,Uttar Pradesh,2022-05-25,Medium
CUST00562,Anahi,Sodhi,1974-10-28,Male,Kolkata,West Bengal,2025-04-08,Low
CUST00563,Vaibhav,Krishnamurthy,1991-07-18,Male,Warangal,Telangana,2022-03-18,Low
CUST00564,Ishaan,Taneja,1969-03-28,Male,Mysuru,Karnataka,2025-06-19,Low
CUST00565,Lavanya,Biswas,1972-08-29,Male,Mangaluru,Karnataka,2019-02-04,Low
CUST00566,Nayantara,Khosla,1980-11-28,Male,Mysuru,Karnataka,2023-05-14,Low
CUST00567,Ehsaan,Sawhney,1990-10-03,Male,Thiruvananthapuram,Kerala,2019-09-17,Low
CUST00568,Raunak,Barman,2007-07-31,Female,Surat,Gujarat,2020-01-06,Low
CUST00569,Purab,Kar,1990-08-01,Male,Jaipur,Rajasthan,2019-11-26,Medium
CUST00570,Adira,Bath,1970-10-04,Male,Nagpur,Maharashtra,2025-08-06,Low
CUST00571,Alisha,Wagle,1979-06-09,Female,New Delhi,Delhi,2018-11-16,Low
CUST00572,Zeeshan,Bala,1982-08-17,Male,Lucknow,Uttar Pradesh,2022-12-02,Medium
CUST00573,Umang,Dalal,1981-12-05,Female,Vadodara,Gujarat,2019-05-06,Low
CUST00574,Umang,Choudhury,1957-07-26,Male,Kochi,Kerala,2021-05-12,Low
CUST00575,Divyansh,Tripathi,2004-04-14,Female,Jaipur,Rajasthan,2024-03-06,Medium
CUST00576,Shamik,Sule,1965-08-03,Male,Udaipur,Rajasthan,2019-10-27,Medium
CUST00577,Armaan,Dhar,1987-10-19,Female,Nagpur,Maharashtra,2024-07-27,Low
CUST00578,Hiran,Sibal,2003-08-30,Female,Kolkata,West Bengal,2022-08-22,Medium
CUST00579,Alia,Randhawa,1956-01-03,Female,Warangal,Telangana,2019-04-29,Low
CUST00580,Advik,Dave,1970-04-29,Female,Kolkata,West Bengal,2019-12-03,Low
CUST00581,Ira,Seth,1997-01-30,Female,Nagpur,Maharashtra,2023-02-20,Low
CUST00582,Aarna,Bhakta,2008-06-19,Male,Vadodara,Gujarat,2021-02-06,High
CUST00583,Miraan,Dora,1963-12-10,Male,Warangal,Telangana,2019-01-21,Low
CUST00584,Nakul,Kadakia,1999-02-17,Female,New Delhi,Delhi,2025-05-27,Low
CUST00585,Misha,Karnik,1959-12-04,Female,Warangal,Telangana,2019-08-05,Low
CUST00586,Charvi,Raju,1992-02-16,Male,Vadodara,Gujarat,2018-10-16,Low
CUST00587,Mohanlal,Kurian,1994-10-12,Female,Pune,Maharashtra,2020-09-15,Low
CUST00588,Saanvi,Bora,1975-06-21,Female,New Delhi,Delhi,2022-04-20,Low
CUST00589,Aarav,Rana,1979-08-29,Male,Kanpur,Uttar Pradesh,2020-09-11,Low
CUST00590,Kaira,Joshi,1968-05-24,Male,Warangal,Telangana,2024-04-20,Low
CUST00591,Oorja,Basak,1991-04-10,Male,Hyderabad,Telangana,2021-09-19,Low
CUST00592,Darshit,Lall,1992-09-03,Female,Hyderabad,Telangana,2022-12-19,Low
CUST00593,Vedika,Kulkarni,1993-05-11,Male,Warangal,Telangana,2018-10-28,Low
CUST00594,Vidur,Vohra,1987-08-23,Male,Mumbai,Maharashtra,2019-01-08,Low
CUST00595,Myra,Hari,1981-01-19,Male,Kolkata,West Bengal,2020-10-22,Medium
CUST00596,Siya,Anand,1979-12-13,Male,Kolkata,West Bengal,2025-05-10,Low
CUST00597,Darshit,Gera,1972-01-22,Female,Kolkata,West Bengal,2024-11-19,Low
CUST00598,Nirvi,Ratti,1962-09-14,Female,Madurai,Tamil Nadu,2025-03-18,Low
CUST00599,Kavya,Shah,2007-02-21,Female,Ahmedabad,Gujarat,2021-06-24,Low
CUST00600,Himmat,Bains,1979-08-16,Male,Hubballi,Karnataka,2023-04-18,Low
CUST00601,Shayak,Talwar,1999-05-23,Female,Jaipur,Rajasthan,2020-02-20,Low
CUST00602,Vanya,Sani,1987-04-08,Female,Vadodara,Gujarat,2024-07-25,Low
CUST00603,Anvi,Raval,1968-01-20,Male,Kolkata,West Bengal,2025-07-21,Low
CUST00604,Himmat,Balay,2004-05-17,Female,New Delhi,Delhi,2025-04-02,Low
CUST00605,Amira,Badami,1975-08-14,Male,Warangal,Telangana,2020-05-13,Low
CUST00606,Azad,Sule,1969-03-22,Male,New Delhi,Delhi,2019-01-03,Low
CUST00607,Saksham,Dubey,1990-09-20,Female,Madurai,Tamil Nadu,2022-01-14,Low
CUST00608,Inaaya ,Khalsa,1972-11-20,Female,Warangal,Telangana,2018-12-17,Low
CUST00609,Suhana,Sabharwal,1968-08-26,Female,Kanpur,Uttar Pradesh,2021-01-30,Low
CUST00610,Taimur,Venkataraman,1958-11-26,Female,Coimbatore,Tamil Nadu,2024-03-24,Low
CUST00611,Shalv,Deshpande,1964-02-13,Female,Warangal,Telangana,2025-06-13,Low
CUST00612,Tushar,Kamdar,1982-11-14,Female,New Delhi,Delhi,2024-12-21,Medium
CUST00613,Advika,Wason,1981-12-17,Female,Kolkata,West Bengal,2021-07-14,Low
CUST00614,Kabir,Kothari,2002-09-29,Male,Noida,Uttar Pradesh,2022-11-18,Low
CUST00615,Tushar,Sur,1990-12-26,Male,Nagpur,Maharashtra,2020-12-01,Medium
CUST00616,Zaina,Barman,2005-02-15,Male,Udaipur,Rajasthan,2022-04-05,Medium
CUST00617,Dhanush,Kale,1996-08-24,Female,Hyderabad,Telangana,2025-08-23,Low
CUST00618,Jivin,Mahajan,1975-08-22,Male,Kolkata,West Bengal,2021-05-19,Low
CUST00619,Ehsaan,Baral,1977-12-18,Male,Surat,Gujarat,2024-04-09,Medium
CUST00620,Ritvik,Dua,1985-12-29,Male,Udaipur,Rajasthan,2023-10-11,Medium
CUST00621,Saanvi,Kala,1966-12-27,Female,Thiruvananthapuram,Kerala,2024-07-08,Low
CUST00622,Ahana ,Gill,1986-01-28,Male,Ahmedabad,Gujarat,2019-01-04,Low
CUST00623,Samiha,Virk,1979-08-22,Male,Mysuru,Karnataka,2023-11-18,Low
CUST00624,Adira,Devan,1999-03-02,Female,Kolkata,West Bengal,2025-05-20,Low
CUST00625,Bhavin,Barad,2001-04-28,Female,New Delhi,Delhi,2024-01-27,Low
CUST00626,Yuvaan,Gopal,1990-07-25,Female,New Delhi,Delhi,2025-06-18,Low
CUST00627,Siya,Sane,1966-07-15,Female,Hubballi,Karnataka,2018-11-30,Low
CUST00628,Hridaan,Vala,1996-12-29,Male,New Delhi,Delhi,2024-06-01,Medium
CUST00629,Vardaniya,Kanda,1958-01-06,Male,Thiruvananthapuram,Kerala,2019-09-22,Low
CUST00630,Darshit,Dalal,2008-08-17,Female,Udaipur,Rajasthan,2024-02-20,Low
CUST00631,Tejas,Golla,1981-09-13,Female,Nashik,Maharashtra,2023-06-23,Medium
CUST00632,Arhaan,Ramakrishnan,1966-02-02,Female,Kolkata,West Bengal,2024-06-04,Medium
CUST00633,Alisha,Goyal,1980-12-18,Male,New Delhi,Delhi,2022-06-05,Low
CUST00634,Tarini,Barad,1994-09-14,Female,Mumbai,Maharashtra,2019-10-27,Low
CUST00635,Eva,Goswami,1982-09-26,Male,New Delhi,Delhi,2021-04-28,Low
CUST00636,Nehmat,Dewan,1972-08-20,Female,New Delhi,Delhi,2019-08-13,Low
CUST00637,Anay,Shah,1968-04-23,Female,Noida,Uttar Pradesh,2022-11-23,Low
CUST00638,Ela,Hari,1993-11-14,Female,Thiruvananthapuram,Kerala,2019-08-26,Low
CUST00639,Prerak,Soman,1973-05-12,Female,Noida,Uttar Pradesh,2024-08-21,Low
CUST00640,Alia,Chhabra,1997-04-15,Female,Ahmedabad,Gujarat,2021-01-29,Low
CUST00641,Rania,Korpal,1969-04-09,Male,Mysuru,Karnataka,2019-09-11,Low
CUST00642,Himmat,Varkey,1960-09-08,Male,Kozhikode,Kerala,2022-06-30,Low
CUST00643,Jayant,Yogi,2004-03-11,Male,Hyderabad,Telangana,2022-06-08,Low
CUST00644,Dhruv,Tailor,2002-01-20,Female,Mumbai,Maharashtra,2021-05-14,Low
CUST00645,Nitya,Ghose,2003-12-07,Male,Kolkata,West Bengal,2019-03-15,Low
CUST00646,Ira,Madan,1975-05-29,Male,Vadodara,Gujarat,2021-03-14,Medium
CUST00647,Indranil,Sawhney,2003-12-08,Male,Nagpur,Maharashtra,2024-08-09,Low
CUST00648,Navya,Chahal,1980-03-31,Male,Nashik,Maharashtra,2022-12-23,Low
CUST00649,Mamooty,Bhat,1969-04-29,Female,Hyderabad,Telangana,2025-05-21,Medium
CUST00650,Hiran,Dani,1989-04-07,Female,Kolkata,West Bengal,2018-11-15,Low
CUST00651,Taran,Malhotra,1994-08-05,Male,Jaipur,Rajasthan,2021-10-15,Low
CUST00652,Anahita,Suri,1993-03-10,Male,Mangaluru,Karnataka,2019-10-03,Low
CUST00653,Manjari,Wagle,1961-07-07,Female,Kolkata,West Bengal,2019-03-18,Low
CUST00654,Sahil,Issac,2004-06-08,Female,Udaipur,Rajasthan,2024-10-06,Medium
CUST00655,Anvi,Lall,1983-08-09,Male,Jaipur,Rajasthan,2025-03-11,Low
CUST00656,Yuvraj ,Tata,1994-10-09,Female,Kanpur,Uttar Pradesh,2019-04-12,Low
CUST00657,Gokul,Dutt,1999-05-12,Female,New Delhi,Delhi,2019-04-13,Low
CUST00658,Alisha,Kaul,2001-12-06,Male,Nashik,Maharashtra,2023-01-19,Low
CUST00659,Shray,Bhatt,1993-03-01,Female,New Delhi,Delhi,2024-02-03,Low
CUST00660,Khushi,Chand,2007-11-24,Female,Coimbatore,Tamil Nadu,2019-09-30,Low
CUST00661,Adah,Krishnamurthy,1959-06-03,Male,Mysuru,Karnataka,2019-09-15,Low
CUST00662,Ela,Bose,1976-05-06,Female,Thiruvananthapuram,Kerala,2020-01-19,High
CUST00663,Ishaan,Edwin,2003-12-02,Male,Kolkata,West Bengal,2020-07-26,Low
CUST00664,Shray,Lad,1974-12-24,Female,Hubballi,Karnataka,2019-04-28,Low
CUST00665,Ojas,Chaudhari,1998-11-12,Female,Lucknow,Uttar Pradesh,2023-05-03,Low
CUST00666,Raghav,Bhatnagar,1998-03-08,Male,Udaipur,Rajasthan,2021-03-23,Low
CUST00667,Mannat,Loke,1962-01-03,Male,Vadodara,Gujarat,2022-12-04,Low
CUST00668,Nayantara,Chad,1995-12-03,Female,Ahmedabad,Gujarat,2023-08-04,Low
CUST00669,Indrans,Chada,2000-06-22,Male,Surat,Gujarat,2023-12-18,Low
CUST00670,Saira,Yohannan,1996-10-29,Male,Kochi,Kerala,2021-07-09,Low
CUST00671,Jivika,Bail,1957-07-31,Female,Warangal,Telangana,2019-05-05,Low
CUST00672,Azad,Rege,2008-02-12,Female,Udaipur,Rajasthan,2023-07-22,Medium
CUST00673,Prerak,Sachdev,1969-12-29,Female,Hyderabad,Telangana,2025-03-04,Low
CUST00674,Kaira,Joshi,1997-09-17,Male,Coimbatore,Tamil Nadu,2024-02-01,Low
CUST00675,Aniruddh,Kothari,1998-04-30,Male,Kolkata,West Bengal,2023-04-17,Low
CUST00676,Riaan,Rege,1976-03-16,Female,Kanpur,Uttar Pradesh,2022-10-04,High
CUST00677,Nirvaan,Swaminathan,2002-04-06,Male,New Delhi,Delhi,2022-02-07,Low
CUST00678,Rohan,Karan,1960-08-12,Male,Bengaluru,Karnataka,2024-07-04,Low
CUST00679,Biju,Brar,1985-07-25,Male,Nagpur,Maharashtra,2022-03-09,High
CUST00680,Anya,Kata,1969-07-14,Female,Madurai,Tamil Nadu,2021-07-17,Medium
CUST00681,Mahika,Bora,1976-12-02,Female,Mysuru,Karnataka,2024-10-04,Medium
CUST00682,Samar,Sha,1979-02-25,Male,Chennai,Tamil Nadu,2022-01-15,Low
CUST00683,Hansh,Sidhu,1980-11-11,Female,Warangal,Telangana,2023-01-11,Low
CUST00684,Jhanvi,Bera,1977-05-13,Female,Thiruvananthapuram,Kerala,2020-09-15,Low
CUST00685,Anahita,Bhat,1973-11-07,Female,Kolkata,West Bengal,2022-06-22,Medium
CUST00686,Nishith,Bobal,1962-03-28,Female,Pune,Maharashtra,2019-01-30,Low
CUST00687,Riaan,Handa,1997-07-11,Male,Thiruvananthapuram,Kerala,2022-03-17,Low
CUST00688,Nishith,Verma,1966-07-08,Male,Udaipur,Rajasthan,2025-07-27,Low
CUST00689,Shaan,Mani,2004-09-20,Male,Warangal,Telangana,2021-04-23,Medium
CUST00690,Kanav,Singh,1966-06-29,Female,Bengaluru,Karnataka,2022-11-21,Low
CUST00691,Drishya,Kaur,1989-08-03,Male,Surat,Gujarat,2021-04-10,Low
CUST00692,Charvi,Apte,1961-10-11,Male,Mysuru,Karnataka,2021-12-29,Low
CUST00693,Dishani,Karnik,1972-01-12,Female,Pune,Maharashtra,2020-06-24,Low
CUST00694,Keya,Goda,1958-12-17,Female,Vadodara,Gujarat,2019-01-30,Low
CUST00695,Raunak,Kota,1996-04-23,Female,New Delhi,Delhi,2024-03-19,Low
CUST00696,Pari,Keer,1975-02-04,Male,Jaipur,Rajasthan,2023-03-20,Low
CUST00697,Aayush,Vaidya,1962-12-18,Female,Kolkata,West Bengal,2022-04-25,Low
CUST00698,Himmat,Wadhwa,1973-08-24,Male,New Delhi,Delhi,2024-11-02,Low
CUST00699,Tejas,Singhal,1983-02-02,Male,Pune,Maharashtra,2021-10-05,Low
CUST00700,Azad,Iyer,1959-02-17,Female,New Delhi,Delhi,2023-07-02,Low
CUST00701,Jhanvi,Chatterjee,1980-04-26,Male,Kozhikode,Kerala,2023-05-10,Low
CUST00702,Reyansh,Bansal,1981-12-09,Male,Ahmedabad,Gujarat,2022-12-09,Low
CUST00703,Alisha,Singhal,1993-01-24,Male,Hubballi,Karnataka,2021-01-11,Low
CUST00704,Misha,Sangha,1997-03-25,Male,New Delhi,Delhi,2019-08-30,Low
CUST00705,Gokul,Bava,1982-06-15,Male,Coimbatore,Tamil Nadu,2021-10-28,Low
CUST00706,Yashvi,Gara,1993-08-10,Male,Kanpur,Uttar Pradesh,2021-10-04,High
CUST00707,Tanya,Bora,1969-03-12,Male,Mangaluru,Karnataka,2023-10-10,Low
CUST00708,Diya,Iyer,1989-09-05,Male,Jaipur,Rajasthan,2018-12-29,Medium
CUST00709,Azad,Bahl,1964-12-22,Male,Kolkata,West Bengal,2024-09-20,Low
CUST00710,Shamik,Suri,1987-11-20,Female,Udaipur,Rajasthan,2023-01-25,Low
CUST00711,Amani,Borde,1996-11-26,Female,Hyderabad,Telangana,2023-01-13,Medium
CUST00712,Hiran,Gade,1997-05-14,Female,New Delhi,Delhi,2021-05-11,Low
CUST00713,Ishaan,Hegde,1997-08-08,Female,Hubballi,Karnataka,2024-12-08,Low
CUST00714,Rohan,Rajagopalan,1978-07-16,Female,Udaipur,Rajasthan,2022-12-19,Low
CUST00715,Diya,Lata,1988-12-25,Female,Hyderabad,Telangana,2024-09-04,Low
CUST00716,Jivika,Doctor,1987-12-19,Female,New Delhi,Delhi,2025-08-03,Medium
CUST00717,Advik,Gour,1978-03-11,Female,Noida,Uttar Pradesh,2024-05-19,Medium
CUST00718,Faiyaz,Joshi,1995-05-15,Male,Pune,Maharashtra,2021-04-07,High
CUST00719,Yashvi,Yogi,2005-01-03,Female,Thiruvananthapuram,Kerala,2024-07-02,Low
CUST00720,Mohanlal,Arya,1996-04-08,Female,Kolkata,West Bengal,2022-09-08,Medium
CUST00721,Prerak,Sagar,2008-06-19,Female,Chennai,Tamil Nadu,2023-07-28,Medium
CUST00722,Kashvi,Comar,2004-09-27,Female,Lucknow,Uttar Pradesh,2019-02-01,Low
CUST00723,Keya,Khatri,1967-04-03,Female,Nashik,Maharashtra,2023-02-09,Low
CUST00724,Mohanlal,Sen,1997-10-27,Male,Udaipur,Rajasthan,2025-03-28,Medium
CUST00725,Vaibhav,Borah,2001-12-21,Male,Kanpur,Uttar Pradesh,2020-09-16,Low
CUST00726,Arhaan,Mangat,2003-04-27,Female,Vadodara,Gujarat,2019-08-02,Medium
CUST00727,Kanav,Andra,1985-08-30,Female,Mumbai,Maharashtra,2021-04-26,Low
CUST00728,Aaina,Borra,1983-10-02,Male,Mysuru,Karnataka,2024-07-10,Medium
CUST00729,Lagan,Jha,1989-10-18,Male,Mysuru,Karnataka,2025-03-29,Low
CUST00730,Manjari,Keer,2005-09-21,Male,Kolkata,West Bengal,2024-11-01,Low
CUST00731,Biju,Sastry,1965-01-17,Male,Hubballi,Karnataka,2023-01-23,Low
CUST00732,Lakshay,Mand,1977-10-08,Female,Udaipur,Rajasthan,2024-04-13,Medium
CUST00733,Anvi,Lall,1981-04-17,Male,New Delhi,Delhi,2021-04-26,Low
CUST00734,Jayant,Karpe,1991-12-05,Male,Mysuru,Karnataka,2021-07-24,Low
CUST00735,Inaaya ,Goel,2001-08-22,Female,Nashik,Maharashtra,2025-03-20,Low
CUST00736,Saira,Sangha,1999-06-05,Male,New Delhi,Delhi,2025-06-26,Medium
CUST00737,Rania,Deo,1997-03-01,Female,Mangaluru,Karnataka,2022-10-08,Low
CUST00738,Kartik,Dasgupta,1974-08-20,Male,Nagpur,Maharashtra,2023-05-25,Medium
CUST00739,Rohan,Chowdhury,1975-11-26,Male,Hyderabad,Telangana,2025-03-17,Low
CUST00740,Reyansh,Sarraf,1969-10-02,Male,Warangal,Telangana,2024-07-09,Low
CUST00741,Renee,Konda,1977-03-23,Male,Hyderabad,Telangana,2022-09-24,Low
CUST00742,Stuvan,Mammen,2004-10-04,Male,Udaipur,Rajasthan,2020-12-22,Low
CUST00743,Reyansh,Bhat,1994-09-03,Male,Kanpur,Uttar Pradesh,2024-05-28,Medium
CUST00744,Inaaya ,Gupta,1982-07-01,Female,Ahmedabad,Gujarat,2025-08-11,Low
CUST00745,Shray,Som,1965-08-13,Male,Madurai,Tamil Nadu,2021-02-13,Low
CUST00746,Arnav,Dhawan,2004-03-31,Female,Udaipur,Rajasthan,2019-04-28,Medium
CUST00747,Shray,Kant,2000-04-15,Male,Udaipur,Rajasthan,2020-10-30,Low
CUST00748,Siya,Khatri,1970-03-18,Female,New Delhi,Delhi,2020-05-14,Low
CUST00749,Heer,Deshmukh,1993-11-23,Female,Vadodara,Gujarat,2024-07-27,Medium
CUST00750,Purab,Biswas,1963-01-30,Female,New Delhi,Delhi,2023-11-20,Low
CUST00751,Seher,Raj,1971-12-07,Male,Vadodara,Gujarat,2020-09-17,Low
CUST00752,Badal,Sami,1991-10-15,Female,New Delhi,Delhi,2020-07-27,Medium
CUST00753,Navya,Dada,1959-03-22,Female,Ahmedabad,Gujarat,2019-07-03,Low
CUST00754,Zain,Gandhi,2004-06-19,Male,Kozhikode,Kerala,2022-09-01,Low
CUST00755,Divyansh,Sangha,2008-02-06,Male,Jaipur,Rajasthan,2019-10-27,Low
CUST00756,Aarush,Maharaj,1966-05-25,Female,Mangaluru,Karnataka,2022-02-10,Medium
CUST00757,Neysa,Wable,1988-01-08,Male,Warangal,Telangana,2022-09-17,Low
CUST00758,Nehmat,Chaudhry,2007-02-02,Male,Kozhikode,Kerala,2021-02-03,Low
CUST00759,Samarth,Dhar,1999-08-08,Male,Mumbai,Maharashtra,2019-02-25,Medium
CUST00760,Tiya,Basu,2000-01-14,Female,New Delhi,Delhi,2023-07-14,Medium
CUST00761,Mehul,Loke,2005-12-01,Male,Thiruvananthapuram,Kerala,2024-10-19,Low
CUST00762,Armaan,Chahal,1984-02-01,Male,Warangal,Telangana,2020-02-23,Low
CUST00763,Armaan,Toor,1982-08-31,Female,Nashik,Maharashtra,2025-05-09,Low
CUST00764,Bhamini,Chander,2006-08-14,Male,Nagpur,Maharashtra,2021-02-10,Medium
CUST00765,Armaan,Agrawal,1975-12-15,Female,Coimbatore,Tamil Nadu,2023-06-25,Low
CUST00766,Lavanya,Bera,1978-06-13,Male,Noida,Uttar Pradesh,2021-01-26,Low
CUST00767,Amani,Rege,1992-08-14,Female,Hubballi,Karnataka,2023-02-10,Medium
CUST00768,Bhamini,Walia,1964-10-12,Male,Mangaluru,Karnataka,2022-12-09,Medium
CUST00769,Anahita,Deshpande,1968-10-08,Female,Surat,Gujarat,2025-07-12,Low
CUST00770,Faiyaz,Gandhi,1966-09-15,Male,Hyderabad,Telangana,2024-11-13,Medium
CUST00771,Amira,Sabharwal,1973-02-26,Female,Mangaluru,Karnataka,2024-10-05,Low
CUST00772,Kabir,Amble,2005-10-10,Male,New Delhi,Delhi,2021-07-08,Medium
CUST00773,Vritika,Divan,1994-04-15,Female,Jaipur,Rajasthan,2024-05-21,Low
CUST00774,Tanya,Char,1967-08-04,Male,Hubballi,Karnataka,2023-11-06,Low
CUST00775,Navya,Yadav,1983-03-30,Female,Noida,Uttar Pradesh,2022-04-15,Medium
CUST00776,Drishya,Gade,1961-07-20,Male,Warangal,Telangana,2022-01-22,Low
CUST00777,Oorja,Batta,1968-03-22,Female,Ahmedabad,Gujarat,2019-11-05,Low
CUST00778,Anvi,Edwin,1972-07-12,Male,New Delhi,Delhi,2018-09-16,Medium
CUST00779,Pranay,Handa,1971-09-04,Female,Noida,Uttar Pradesh,2022-06-13,Medium
CUST00780,Suhana,Deol,1978-01-29,Male,Udaipur,Rajasthan,2021-03-21,Low
CUST00781,Keya,Sengupta,1994-08-19,Female,Nashik,Maharashtra,2018-09-30,Low
CUST00782,Pranay,Sachdeva,1980-02-12,Female,Chennai,Tamil Nadu,2024-07-17,Low
CUST00783,Miraan,Balasubramanian,2001-02-02,Female,Jaipur,Rajasthan,2019-08-28,Low
CUST00784,Anahita,Dube,1966-07-08,Female,Vadodara,Gujarat,2022-02-05,Low
CUST00785,Piya,Krishnamurthy,2003-07-12,Male,Jaipur,Rajasthan,2025-03-13,Low
CUST00786,Sahil,Sant,1963-08-22,Male,Nagpur,Maharashtra,2024-01-31,Medium
CUST00787,Ritvik,Gour,1997-06-22,Female,New Delhi,Delhi,2020-07-12,Low
CUST00788,Madhup,Bhavsar,1988-03-10,Male,Surat,Gujarat,2019-12-14,Low
CUST00789,Amani,Shenoy,1996-11-13,Female,New Delhi,Delhi,2021-10-29,Low
CUST00790,Zeeshan,Sarna,1993-01-09,Female,New Delhi,Delhi,2022-08-27,Medium
CUST00791,Tanya,Luthra,2000-11-03,Female,Coimbatore,Tamil Nadu,2020-07-04,Low
CUST00792,Tarini,Dasgupta,2001-12-11,Female,Lucknow,Uttar Pradesh,2025-01-25,Low
CUST00793,Kimaya,Vohra,1961-03-21,Female,Mysuru,Karnataka,2023-02-13,Low
CUST00794,Alia,Lalla,2003-07-17,Male,New Delhi,Delhi,2021-09-23,Low
CUST00795,Dhanuk,Manda,1963-04-14,Male,Mumbai,Maharashtra,2019-03-05,Low
CUST00796,Ira,Zacharia,1990-01-17,Male,Lucknow,Uttar Pradesh,2020-05-15,Medium
CUST00797,Kaira,Loyal,1965-11-05,Female,Mangaluru,Karnataka,2020-01-19,Medium
CUST00798,Shaan,Varma,1991-01-22,Male,Thiruvananthapuram,Kerala,2022-05-29,Low
CUST00799,Farhan,Sangha,1969-08-17,Female,Mangaluru,Karnataka,2024-09-30,Low
CUST00800,Keya,Konda,1961-11-02,Male,Jaipur,Rajasthan,2022-12-28,Medium
CUST00801,Alia,Tailor,1959-06-08,Male,Udaipur,Rajasthan,2022-07-04,Medium
CUST00802,Hansh,Kunda,1983-12-02,Female,Noida,Uttar Pradesh,2022-07-15,Low
CUST00803,Jivika,Balakrishnan,1993-09-03,Male,Hubballi,Karnataka,2022-08-01,Low
CUST00804,Pari,Swamy,1976-08-14,Male,Kochi,Kerala,2024-10-20,Low
CUST00805,Akarsh,Hora,1972-12-18,Male,Kochi,Kerala,2025-08-05,Low
CUST00806,Aarav,Sharma,1970-06-23,Female,Hubballi,Karnataka,2023-07-27,Medium
CUST00807,Devansh,Bajaj,1984-06-25,Male,Nashik,Maharashtra,2021-07-31,Medium
CUST00808,Rati,Balay,1992-06-22,Female,New Delhi,Delhi,2019-03-01,Medium
CUST00809,Darshit,Keer,1957-10-22,Male,Kozhikode,Kerala,2021-02-02,Low
CUST00810,Yuvraj ,Chana,2007-12-23,Female,Warangal,Telangana,2019-10-20,Low
CUST00811,Tiya,Rege,2005-04-11,Male,New Delhi,Delhi,2024-02-22,High
CUST00812,Aaina,Grover,1981-09-04,Male,Chennai,Tamil Nadu,2022-06-19,Medium
CUST00813,Uthkarsh,Guha,1961-02-09,Female,Jaipur,Rajasthan,2024-06-16,Low
CUST00814,Nitara,Vohra,1992-05-07,Male,Warangal,Telangana,2019-10-13,Medium
CUST00815,Neysa,Vasa,1979-04-25,Female,Kolkata,West Bengal,2019-08-29,Medium
CUST00816,Jayesh,Luthra,1982-05-25,Male,Mangaluru,Karnataka,2023-02-24,Low
CUST00817,Gokul,Seth,1970-10-20,Female,New Delhi,Delhi,2018-09-05,Low
CUST00818,Tanya,Apte,1975-12-14,Male,Udaipur,Rajasthan,2022-08-03,Low
CUST00819,Pari,Sem,1992-09-12,Male,Thiruvananthapuram,Kerala,2022-04-04,Low
CUST00820,Hazel,Gupta,1971-04-12,Male,Udaipur,Rajasthan,2020-10-02,Low
CUST00821,Amira,Ghose,1966-03-16,Male,Coimbatore,Tamil Nadu,2020-12-29,Medium
CUST00822,Kanav,Vora,2004-12-26,Female,Chennai,Tamil Nadu,2025-02-28,Low
CUST00823,Faiyaz,Babu,2000-07-29,Female,Jaipur,Rajasthan,2022-03-20,Low
CUST00824,Mannat,Sinha,1956-09-17,Female,Hyderabad,Telangana,2020-09-11,Low
CUST00825,Lagan,Bandi,1962-07-07,Female,Kozhikode,Kerala,2023-09-14,Low
CUST00826,Arhaan,Kapoor,1996-04-30,Female,Kolkata,West Bengal,2024-05-13,Medium
CUST00827,Renee,Viswanathan,1958-12-17,Male,Madurai,Tamil Nadu,2020-09-24,Low
CUST00828,Seher,Bains,1983-01-09,Male,Coimbatore,Tamil Nadu,2022-05-20,Low
CUST00829,Mehul,Madan,1970-06-08,Male,Ahmedabad,Gujarat,2025-01-24,Medium
CUST00830,Urvi,Bala,1965-03-09,Male,New Delhi,Delhi,2022-12-08,Low
CUST00831,Riaan,Dada,2005-06-05,Male,Coimbatore,Tamil Nadu,2023-07-20,Low
CUST00832,Samar,Mani,1996-05-03,Male,Mangaluru,Karnataka,2025-03-22,Low
CUST00833,Pari,Tank,1977-06-21,Female,Surat,Gujarat,2020-08-31,Low
CUST00834,Romil,Vora,1965-05-25,Female,Kochi,Kerala,2024-04-07,Low
CUST00835,Elakshi,Choudhry,1983-10-17,Male,Pune,Maharashtra,2021-03-16,Low
CUST00836,Raghav,Balasubramanian,1993-07-14,Male,Mangaluru,Karnataka,2023-09-07,Low
CUST00837,Sara,Chahal,1998-04-01,Male,Lucknow,Uttar Pradesh,2024-06-03,Medium
CUST00838,Aaryahi,Mall,1989-05-17,Male,Mangaluru,Karnataka,2019-01-18,Low
CUST00839,Shray,Rout,2001-05-02,Male,Kolkata,West Bengal,2021-11-22,Low
CUST00840,Vedika,Lala,1977-05-04,Female,New Delhi,Delhi,2024-07-28,Low
CUST00841,Zeeshan,Jayaraman,1965-10-20,Female,Kolkata,West Bengal,2021-03-14,Low
CUST00842,Uthkarsh,Chanda,2006-12-27,Male,Chennai,Tamil Nadu,2023-03-24,Low
CUST00843,Anika,Dara,1970-12-25,Male,Hubballi,Karnataka,2021-03-17,Low
CUST00844,Rhea,Bora,1987-02-27,Male,Thiruvananthapuram,Kerala,2019-02-21,High
CUST00845,Jhanvi,Jhaveri,1983-12-29,Male,Hyderabad,Telangana,2023-05-23,Low
CUST00846,Eva,Bhavsar,1982-01-30,Male,Coimbatore,Tamil Nadu,2020-09-18,Low
CUST00847,Onkar,Chaudry,1978-02-14,Female,New Delhi,Delhi,2024-02-25,Low
CUST00848,Dhanush,Kar,1980-11-25,Male,Surat,Gujarat,2019-06-09,High
CUST00849,Heer,Sengupta,1968-08-11,Male,Noida,Uttar Pradesh,2019-02-02,Low
CUST00850,Priyansh,Gulati,2001-06-29,Female,New Delhi,Delhi,2023-10-18,Low
CUST00851,Lavanya,Bahri,1960-08-08,Male,Jaipur,Rajasthan,2020-04-01,Low
CUST00852,Zaina,Sidhu,1995-08-20,Female,Kolkata,West Bengal,2024-10-23,Medium
CUST00853,Oorja,Mammen,1970-06-01,Male,Udaipur,Rajasthan,2022-09-23,Low
CUST00854,Lakshay,Virk,1978-04-22,Male,Udaipur,Rajasthan,2021-03-24,Medium
CUST00855,Abram,Cherian,1968-07-31,Male,Warangal,Telangana,2024-12-15,Low
CUST00856,Fateh,Shenoy,2006-12-24,Female,Surat,Gujarat,2022-09-21,Low
CUST00857,Nirvaan,Sarin,1996-10-11,Female,Kolkata,West Bengal,2024-08-20,Low
CUST00858,Lagan,Issac,1971-12-08,Female,Kozhikode,Kerala,2023-05-07,Low
CUST00859,Samarth,Soni,1974-11-29,Male,Jaipur,Rajasthan,2021-11-20,Low
CUST00860,Anahita,Loke,1999-10-18,Female,Kolkata,West Bengal,2021-09-15,Low
CUST00861,Ryan,De,1980-02-15,Male,Madurai,Tamil Nadu,2023-01-05,Medium
CUST00862,Charvi,Kaul,1962-05-11,Male,Surat,Gujarat,2025-06-24,Low
CUST00863,Saira,Keer,2007-06-24,Female,Kolkata,West Bengal,2021-05-16,Low
CUST00864,Lagan,Goyal,1976-12-10,Male,Kolkata,West Bengal,2022-03-04,Low
CUST00865,Azad,Manda,1970-09-15,Female,Nagpur,Maharashtra,2024-12-14,Low
CUST00866,Hunar,Anand,1973-05-24,Female,Madurai,Tamil Nadu,2023-05-11,Low
CUST00867,Keya,Mann,2004-08-23,Male,Mumbai,Maharashtra,2022-03-15,Low
CUST00868,Ritvik,Bose,1968-12-31,Female,New Delhi,Delhi,2021-06-15,Low
CUST00869,Manikya,Gupta,1994-06-04,Female,Jaipur,Rajasthan,2020-09-27,Medium
CUST00870,Charvi,Maharaj,2000-03-12,Female,Udaipur,Rajasthan,2024-06-22,Medium
CUST00871,Shayak,Dave,2007-08-06,Male,Coimbatore,Tamil Nadu,2025-08-21,Low
CUST00872,Ayesha,Sengupta,1999-04-26,Male,Chennai,Tamil Nadu,2024-12-09,Low
CUST00873,Ayesha,Karpe,1967-02-05,Male,Hubballi,Karnataka,2024-11-18,Low
CUST00874,Yashvi,Goda,1967-03-03,Female,Kozhikode,Kerala,2019-11-03,Low
CUST00875,Saira,Mahajan,1988-11-17,Female,Kozhikode,Kerala,2020-03-19,Low
CUST00876,Hrishita,Rege,1959-08-24,Male,Pune,Maharashtra,2023-02-08,Low
CUST00877,Arhaan,Tripathi,1960-09-15,Male,Mangaluru,Karnataka,2025-08-10,Medium
CUST00878,Oorja,Bajwa,2007-08-30,Male,Kolkata,West Bengal,2018-09-14,Low
CUST00879,Zain,Biswas,1998-07-27,Female,Jaipur,Rajasthan,2020-08-14,Low
CUST00880,Darshit,Sathe,1965-12-04,Female,Hyderabad,Telangana,2018-09-23,Low
CUST00881,Madhav,Krishnan,1986-09-06,Female,Kolkata,West Bengal,2021-10-28,Low
CUST00882,Biju,Ranganathan,1999-01-17,Female,Mumbai,Maharashtra,2024-04-27,Low
CUST00883,Mannat,Khurana,2000-07-06,Male,Udaipur,Rajasthan,2022-10-19,Low
CUST00884,Advik,Aggarwal,1991-11-13,Male,Mysuru,Karnataka,2023-05-05,Low
CUST00885,Zain,Ahuja,1956-10-14,Male,Mangaluru,Karnataka,2023-02-25,Medium
CUST00886,Saira,Devan,1992-02-08,Male,Chennai,Tamil Nadu,2021-02-01,Low
CUST00887,Advik,Krishnamurthy,2003-02-20,Female,New Delhi,Delhi,2024-05-20,Low
CUST00888,Adah,Swaminathan,1967-11-06,Male,Nashik,Maharashtra,2019-07-24,Low
CUST00889,Divit,Lala,1965-10-12,Male,Madurai,Tamil Nadu,2020-09-12,Low
CUST00890,Kartik,Rao,1991-06-23,Female,Noida,Uttar Pradesh,2020-10-18,Low
CUST00891,Sumer,Deol,1982-08-28,Male,Kolkata,West Bengal,2019-04-28,Medium
CUST00892,Umang,Jain,1986-11-19,Male,Nagpur,Maharashtra,2023-06-16,Medium
CUST00893,Nirvaan,Sarin,1971-01-07,Female,New Delhi,Delhi,2021-03-14,Medium
CUST00894,Piya,Thaker,1961-02-18,Male,Vadodara,Gujarat,2024-03-18,Low
CUST00895,Nehmat,Sibal,1957-10-21,Male,Thiruvananthapuram,Kerala,2019-06-12,Low
CUST00896,Yuvaan,Gupta,1981-04-25,Male,Nagpur,Maharashtra,2023-05-09,Low
CUST00897,Anika,Bala,1998-12-24,Female,Udaipur,Rajasthan,2018-09-24,Low
CUST00898,Rati,Chada,1961-04-11,Male,Hyderabad,Telangana,2022-11-26,Medium
CUST00899,Adira,Roy,1978-03-11,Male,Noida,Uttar Pradesh,2023-06-19,Low
CUST00900,Divit,Wason,1991-08-04,Male,Kolkata,West Bengal,2019-01-05,Low
CUST00901,Manikya,Cherian,2002-10-04,Female,Kanpur,Uttar Pradesh,2023-06-21,Low
CUST00902,Anika,Deshmukh,1958-10-26,Female,Udaipur,Rajasthan,2019-04-13,Low
CUST00903,Piya,Dey,1992-08-08,Male,Noida,Uttar Pradesh,2023-06-11,Low
CUST00904,Nirvi,Babu,1967-11-08,Female,Udaipur,Rajasthan,2021-04-29,Low
CUST00905,Advik,Chawla,1995-08-06,Female,Madurai,Tamil Nadu,2019-11-16,Low
CUST00906,Suhana,Tara,2004-02-24,Male,Kochi,Kerala,2025-08-19,Medium
CUST00907,Vivaan,Barad,1976-01-06,Male,Mumbai,Maharashtra,2020-01-12,Medium
CUST00908,Jivika,Dara,1994-03-19,Female,Pune,Maharashtra,2021-12-17,Low
CUST00909,Parinaaz,Yadav,1992-06-07,Female,Ahmedabad,Gujarat,2021-06-21,Low
CUST00910,Veer,Shroff,2005-12-27,Female,New Delhi,Delhi,2019-11-03,Low
CUST00911,Vritika,Sankaran,2004-12-05,Male,Warangal,Telangana,2019-04-26,Low
CUST00912,Damini,Sharma,1979-03-09,Female,Nagpur,Maharashtra,2019-02-08,Low
CUST00913,Divyansh,Kamdar,1971-06-12,Female,Udaipur,Rajasthan,2019-04-19,Low
CUST00914,Shlok,Ramakrishnan,2007-12-24,Male,Nagpur,Maharashtra,2023-11-15,Low
CUST00915,Kimaya,Issac,2008-04-15,Female,Vadodara,Gujarat,2021-06-05,Low
CUST00916,Aniruddh,Ravel,1974-04-01,Male,Chennai,Tamil Nadu,2025-04-25,Low
CUST00917,Alisha,Korpal,1971-03-05,Female,New Delhi,Delhi,2021-09-04,Low
CUST00918,Ishita,Guha,1985-01-13,Female,Mysuru,Karnataka,2020-03-25,Medium
CUST00919,Pihu,Master,2000-08-10,Female,Madurai,Tamil Nadu,2021-11-18,Medium
CUST00920,Dharmajan,Som,1997-09-29,Female,Udaipur,Rajasthan,2021-02-28,Low
CUST00921,Yasmin,Dasgupta,2004-03-05,Female,Vadodara,Gujarat,2019-04-11,Medium
CUST00922,Dharmajan,Desai,1966-02-22,Male,Udaipur,Rajasthan,2021-11-18,Low
CUST00923,Riya,Srinivasan,1998-10-14,Female,Jaipur,Rajasthan,2019-12-18,Medium
CUST00924,Seher,Hayer,1977-03-14,Male,Noida,Uttar Pradesh,2021-09-19,Medium
CUST00925,Emir,Bath,1956-01-02,Female,New Delhi,Delhi,2021-04-09,Low
CUST00926,Ahana ,Gole,2007-06-17,Male,Kochi,Kerala,2020-12-11,Low
CUST00927,Ehsaan,Bhatti,1961-08-03,Female,Vadodara,Gujarat,2020-03-30,Low
CUST00928,Adah,Kapur,1993-07-20,Male,Noida,Uttar Pradesh,2023-05-15,Low
CUST00929,Drishya,Jani,1962-09-05,Female,Madurai,Tamil Nadu,2018-11-15,Low
CUST00930,Dhruv,Goel,1993-05-13,Male,Kozhikode,Kerala,2019-06-11,Low
CUST00931,Kimaya,Ram,1977-09-22,Female,Mangaluru,Karnataka,2021-12-04,Low
CUST00932,Abram,Dhingra,1983-10-23,Female,Nashik,Maharashtra,2021-12-12,Medium
CUST00933,Vanya,Basak,2004-12-22,Male,New Delhi,Delhi,2023-05-30,High
CUST00934,Nirvaan,Mangal,1991-02-10,Female,Warangal,Telangana,2020-02-03,Low
CUST00935,Piya,Gupta,1967-03-08,Male,Nagpur,Maharashtra,2019-10-31,Low
CUST00936,Priyansh,Dora,1973-11-30,Male,Hyderabad,Telangana,2022-11-05,Low
CUST00937,Hunar,Balay,1967-01-10,Female,Jaipur,Rajasthan,2022-05-07,Low
CUST00938,Raghav,Kade,1976-01-18,Female,Jaipur,Rajasthan,2022-10-08,Medium
CUST00939,Vardaniya,Barad,1980-03-22,Male,New Delhi,Delhi,2020-10-16,Low
CUST00940,Nishith,Sen,1998-03-08,Female,New Delhi,Delhi,2022-11-13,Low
CUST00941,Kimaya,Randhawa,1968-12-15,Male,Jaipur,Rajasthan,2022-07-18,Low
CUST00942,Emir,Bir,1976-05-19,Male,Hubballi,Karnataka,2018-09-16,Low
CUST00943,Vivaan,Ganesan,1997-11-07,Female,Jaipur,Rajasthan,2021-11-18,Low
CUST00944,Zaina,Venkataraman,1978-01-27,Male,Kochi,Kerala,2022-05-24,Medium
CUST00945,Shamik,Kale,1999-12-14,Male,New Delhi,Delhi,2023-09-15,Low
CUST00946,Himmat,Doctor,1977-06-21,Male,Nagpur,Maharashtra,2023-10-13,Low
CUST00947,Rania,Chaudhry,1988-03-30,Male,Kanpur,Uttar Pradesh,2021-04-28,Low
CUST00948,Jayesh,Issac,1977-05-14,Male,New Delhi,Delhi,2021-02-16,Medium
CUST00949,Sara,Saran,1998-09-19,Male,Thiruvananthapuram,Kerala,2022-10-29,Medium
CUST00950,Kashvi,Srinivas,1972-02-23,Female,Kolkata,West Bengal,2021-06-03,Low
CUST00951,Uthkarsh,Dey,1982-05-22,Female,Chennai,Tamil Nadu,2021-10-03,Low
CUST00952,Farhan,Manda,1969-03-31,Female,Mumbai,Maharashtra,2023-09-08,Low
CUST00953,Inaaya ,Chana,2002-01-15,Male,Warangal,Telangana,2025-03-06,Low
CUST00954,Ira,Arya,2005-02-18,Female,Kochi,Kerala,2022-07-30,Medium
CUST00955,Rhea,Cheema,1985-06-26,Female,Lucknow,Uttar Pradesh,2025-06-08,Low
CUST00956,Riaan,Thakur,2002-10-18,Male,Nagpur,Maharashtra,2019-03-28,Low
CUST00957,Yashvi,Sunder,1983-06-29,Female,Udaipur,Rajasthan,2024-05-16,Low
CUST00958,Charvi,Boase,1998-09-30,Male,Chennai,Tamil Nadu,2021-03-23,Low
CUST00959,Nakul,Date,2000-06-21,Female,Bengaluru,Karnataka,2019-12-17,Low
CUST00960,Saanvi,Kakar,1981-04-21,Female,Bengaluru,Karnataka,2019-04-12,Medium
CUST00961,Alia,Ram,1988-04-05,Female,Ahmedabad,Gujarat,2023-08-08,Low
CUST00962,Yakshit,Loke,1990-02-14,Female,Kanpur,Uttar Pradesh,2024-07-14,Low
CUST00963,Aaina,Magar,1958-02-24,Female,New Delhi,Delhi,2025-05-17,Low
CUST00964,Taran,Sarna,1992-03-08,Male,Kolkata,West Bengal,2023-09-13,Low
CUST00965,Navya,Basak,1963-02-03,Male,Kolkata,West Bengal,2025-03-11,Low
CUST00966,Nishith,Saha,2000-11-18,Female,Kozhikode,Kerala,2021-09-01,Low
CUST00967,Ivan,Sabharwal,1997-05-05,Female,Kolkata,West Bengal,2019-01-10,Medium
CUST00968,Jivika,Roy,2001-10-01,Male,Madurai,Tamil Nadu,2024-02-25,Low
CUST00969,Yakshit,Shetty,1978-03-19,Female,New Delhi,Delhi,2025-06-03,Low
CUST00970,Adah,Bera,1956-05-14,Male,New Delhi,Delhi,2019-06-28,Low
CUST00971,Pranay,Choudhry,1990-05-26,Female,Kolkata,West Bengal,2025-01-01,Low
CUST00972,Ela,Mallick,1995-02-25,Male,Kolkata,West Bengal,2024-07-01,Medium
CUST00973,Kashvi,Choudhry,1985-12-25,Female,Kolkata,West Bengal,2021-10-31,Medium
CUST00974,Vihaan,Kata,2008-03-16,Male,Thiruvananthapuram,Kerala,2024-06-06,Low
CUST00975,Khushi,Sant,1989-09-15,Male,Jaipur,Rajasthan,2019-12-07,Low
CUST00976,Shray,Arora,1988-07-02,Female,Nagpur,Maharashtra,2019-07-16,Low
CUST00977,Ritvik,Johal,1961-06-28,Male,Kozhikode,Kerala,2019-08-21,Low
CUST00978,Samiha,Bobal,1979-05-09,Female,Vadodara,Gujarat,2021-04-21,Low
CUST00979,Shlok,Kari,1969-09-22,Female,Hyderabad,Telangana,2023-01-31,Low
CUST00980,Anya,Ghosh,1988-01-20,Male,Kolkata,West Bengal,2019-06-25,Low
CUST00981,Advika,Sen,2003-01-24,Male,New Delhi,Delhi,2022-07-01,Low
CUST00982,Samar,Bandi,1976-01-31,Female,Vadodara,Gujarat,2019-01-11,Medium
CUST00983,Zoya,Savant,1963-06-25,Female,Jaipur,Rajasthan,2018-11-04,Low
CUST00984,Shlok,Sabharwal,1963-02-03,Male,Nashik,Maharashtra,2024-05-29,Low
CUST00985,Yasmin,Butala,2006-01-14,Male,Noida,Uttar Pradesh,2020-09-21,Medium
CUST00986,Ela,Chahal,1993-03-16,Female,New Delhi,Delhi,2020-01-05,Low
CUST00987,Shalv,Mammen,1984-08-30,Female,Coimbatore,Tamil Nadu,2022-07-31,Low
CUST00988,Mehul,Sur,1983-03-19,Female,Mumbai,Maharashtra,2024-01-03,Low
CUST00989,Kabir,Chander,1999-03-27,Female,New Delhi,Delhi,2024-03-29,Low
CUST00990,Adah,Hora,1957-08-20,Male,Pune,Maharashtra,2024-12-02,Medium
CUST00991,Mannat,Wagle,1969-01-28,Male,Noida,Uttar Pradesh,2022-06-22,Medium
CUST00992,Kiara,Kala,1982-02-09,Male,Madurai,Tamil Nadu,2018-09-08,Low
CUST00993,Renee,Chhabra,1969-08-26,Male,Kolkata,West Bengal,2021-01-06,Low
CUST00994,Suhana,Sarraf,1959-11-28,Female,Noida,Uttar Pradesh,2023-07-24,Low
CUST00995,Ehsaan,Sura,1992-03-08,Female,Hyderabad,Telangana,2020-03-28,Low
CUST00996,Tejas,Gaba,1969-01-22,Female,Kozhikode,Kerala,2022-07-17,Low
CUST00997,Farhan,Deep,2001-04-16,Female,Vadodara,Gujarat,2022-10-24,Medium
CUST00998,Eva,Reddy,1976-12-22,Female,Mumbai,Maharashtra,2023-09-23,Low
CUST00999,Vidur,Ramaswamy,1982-05-12,Female,Coimbatore,Tamil Nadu,2023-08-23,High
CUST01000,Farhan,Ghosh,1979-08-08,Male,New Delhi,Delhi,2022-07-18,Low
CUST01001,Miraya,Chadha,2001-06-27,Male,Udaipur,Rajasthan,2024-08-27,Low
CUST01002,Yasmin,Dixit,1997-06-19,Male,Kochi,Kerala,2023-09-02,Low
CUST01003,Dharmajan,Samra,1964-10-06,Male,Vadodara,Gujarat,2021-04-25,Medium
CUST01004,Fateh,Dar,1976-06-06,Female,New Delhi,Delhi,2019-08-24,Medium
CUST01005,Jivin,Grover,2002-11-02,Female,Surat,Gujarat,2019-11-08,Medium
CUST01006,Diya,Hari,1984-02-10,Male,Coimbatore,Tamil Nadu,2023-09-22,Low
CUST01007,Hiran,Mani,1981-10-05,Male,Warangal,Telangana,2022-04-01,Low
CUST01008,Kabir,Kohli,1998-11-23,Female,Ahmedabad,Gujarat,2023-03-22,Medium
CUST01009,Rania,Roy,1967-06-09,Female,Chennai,Tamil Nadu,2023-05-16,Low
CUST01010,Ivan,Konda,1975-04-22,Male,Mumbai,Maharashtra,2019-11-04,Low
CUST01011,Kabir,Dugar,1986-05-04,Male,Kolkata,West Bengal,2023-12-02,Low
CUST01012,Baiju,Verma,1980-01-30,Male,Pune,Maharashtra,2018-09-24,High
CUST01013,Aradhya,Bir,1968-12-04,Female,Kolkata,West Bengal,2025-08-01,Medium
CUST01014,Veer,Mand,1990-01-16,Male,Kolkata,West Bengal,2024-03-16,Low
CUST01015,Bhamini,Jayaraman,2002-03-30,Female,Surat,Gujarat,2022-10-31,Medium
CUST01016,Zeeshan,Savant,1985-11-07,Male,Coimbatore,Tamil Nadu,2022-10-22,Medium
CUST01017,Ivan,Barman,1994-02-15,Male,Kanpur,Uttar Pradesh,2018-11-29,Low
CUST01018,Yashvi,Sidhu,1970-08-28,Male,Udaipur,Rajasthan,2021-02-18,Low
CUST01019,Arhaan,Devan,1970-12-13,Female,Udaipur,Rajasthan,2023-03-23,Medium
CUST01020,Reyansh,Chad,1986-10-08,Male,Hubballi,Karnataka,2023-06-18,Low
CUST01021,Shanaya,Som,2007-10-09,Female,Nashik,Maharashtra,2022-11-11,Low
CUST01022,Ira,Kumer,1963-05-09,Male,Madurai,Tamil Nadu,2023-07-10,Low
CUST01023,Farhan,Desai,2008-05-24,Female,Kolkata,West Bengal,2023-04-09,Medium
CUST01024,Tejas,Madan,2007-02-24,Male,Warangal,Telangana,2019-01-02,High
CUST01025,Tara,Sem,1985-09-07,Male,Udaipur,Rajasthan,2023-04-19,Medium
CUST01026,Madhav,Kala,1962-08-14,Male,New Delhi,Delhi,2024-11-28,Low
CUST01027,Neysa,Sheth,1972-06-29,Female,Kolkata,West Bengal,2021-03-07,Medium
CUST01028,Arhaan,Kar,1973-07-14,Female,Surat,Gujarat,2021-08-12,Medium
CUST01029,Dhruv,Kanda,1963-08-21,Female,Kochi,Kerala,2025-03-31,Low
CUST01030,Zoya,Dani,1969-12-06,Male,Noida,Uttar Pradesh,2025-07-18,Medium
CUST01031,Sara,Raja,2002-07-18,Female,Kanpur,Uttar Pradesh,2021-08-19,Low
CUST01032,Rhea,Ramaswamy,1998-09-16,Male,Kolkata,West Bengal,2022-04-17,Low
CUST01033,Ivan,Randhawa,1965-02-14,Male,Kozhikode,Kerala,2025-04-29,Low
CUST01034,Lagan,Talwar,1969-09-24,Male,Thiruvananthapuram,Kerala,2025-07-02,Low
CUST01035,Biju,Mane,1979-07-10,Male,Madurai,Tamil Nadu,2023-03-06,Low
CUST01036,Ranbir,Raju,1992-04-24,Male,Thiruvananthapuram,Kerala,2020-01-31,Low
CUST01037,Samarth,Sarraf,1975-07-25,Male,Kanpur,Uttar Pradesh,2021-02-09,Low
CUST01038,Kaira,Deol,1990-08-27,Female,Kochi,Kerala,2024-06-05,Medium
CUST01039,Divit,Bir,2006-09-10,Male,Lucknow,Uttar Pradesh,2025-05-02,Low
CUST01040,Zain,Balan,1974-07-09,Male,Kolkata,West Bengal,2024-03-24,Low
CUST01041,Gokul,Sarna,1964-09-05,Male,Kozhikode,Kerala,2020-10-09,Low
CUST01042,Hunar,Sawhney,1977-07-26,Male,Kolkata,West Bengal,2020-10-03,Medium
CUST01043,Tara,Upadhyay,2001-08-31,Male,New Delhi,Delhi,2021-12-28,Low
CUST01044,Ayesha,Bobal,1994-12-10,Male,Lucknow,Uttar Pradesh,2024-01-11,Low
CUST01045,Priyansh,Ratti,1983-11-02,Female,Surat,Gujarat,2021-11-03,Medium
CUST01046,Alisha,Barad,1998-10-07,Male,Kolkata,West Bengal,2025-05-29,Low
CUST01047,Tiya,Batra,1983-01-23,Male,Noida,Uttar Pradesh,2023-01-13,Low
CUST01048,Siya,Dewan,2002-12-03,Female,Mangaluru,Karnataka,2021-10-15,Low
CUST01049,Amani,Kohli,1977-12-02,Male,Mysuru,Karnataka,2023-08-08,Medium
CUST01050,Aarav,Vig,2008-04-30,Female,Surat,Gujarat,2024-11-18,Low
CUST01051,Divij,Setty,1986-11-05,Female,Kolkata,West Bengal,2024-01-19,Medium
CUST01052,Nitya,Sarkar,1980-01-10,Female,Surat,Gujarat,2019-03-10,Low
CUST01053,Yashvi,Loke,1982-09-18,Female,Madurai,Tamil Nadu,2020-07-02,Medium
CUST01054,Aaryahi,Tella,1970-01-24,Female,Mangaluru,Karnataka,2022-11-10,Medium
CUST01055,Priyansh,Edwin,1974-12-12,Female,Vadodara,Gujarat,2021-07-10,High
CUST01056,Ira,Mani,1964-07-14,Female,Jaipur,Rajasthan,2023-06-19,Low
CUST01057,Aradhya,Subramaniam,1979-01-15,Male,Udaipur,Rajasthan,2024-06-15,Medium
CUST01058,Tarini,Bajwa,1958-10-10,Female,Noida,Uttar Pradesh,2019-07-01,Low
CUST01059,Mishti,Srinivasan,1986-12-03,Female,New Delhi,Delhi,2018-10-15,Low
CUST01060,Gatik,Varughese,1966-05-26,Female,Nagpur,Maharashtra,2022-05-28,Low
CUST01061,Amani,Acharya,1984-10-05,Female,Kolkata,West Bengal,2020-05-15,Medium
CUST01062,Prisha,Bhatti,1999-11-18,Male,Udaipur,Rajasthan,2021-03-20,High
CUST01063,Indranil,Vohra,1974-04-18,Male,New Delhi,Delhi,2019-06-11,Medium
CUST01064,Neysa,Gole,1972-09-08,Male,Mumbai,Maharashtra,2019-05-09,Low
CUST01065,Umang,Salvi,1999-10-22,Female,Mumbai,Maharashtra,2020-01-22,Low
CUST01066,Baiju,Hora,1998-03-22,Female,New Delhi,Delhi,2021-04-01,Medium
CUST01067,Samaira,Sarma,2007-01-16,Female,Kochi,Kerala,2020-08-22,Low
CUST01068,Aaryahi,Sagar,1961-11-08,Male,Bengaluru,Karnataka,2024-08-20,Low
CUST01069,Divit,Acharya,1970-03-04,Male,Noida,Uttar Pradesh,2022-09-15,Low
CUST01070,Dhanuk,Bhatti,1996-01-18,Male,Noida,Uttar Pradesh,2020-07-28,Low
CUST01071,Ela,Sangha,1985-12-08,Male,Mumbai,Maharashtra,2018-09-23,Low
CUST01072,Aayush,Sarin,1979-01-11,Male,Vadodara,Gujarat,2025-08-07,Low
CUST01073,Fateh,Vasa,1984-05-21,Male,Pune,Maharashtra,2024-07-21,Low
CUST01074,Hansh,Khare,1960-06-20,Female,Thiruvananthapuram,Kerala,2020-08-06,Low
CUST01075,Veer,Basu,2005-05-18,Male,Kolkata,West Bengal,2025-07-04,High
CUST01076,Ehsaan,Behl,1976-12-21,Female,New Delhi,Delhi,2021-10-10,Low
CUST01077,Rohan,Biswas,1981-09-10,Male,Nagpur,Maharashtra,2025-03-25,Low
CUST01078,Suhana,Vohra,1964-09-16,Male,Surat,Gujarat,2024-02-09,Low
CUST01079,Parinaaz,Bora,1960-04-21,Female,Mangaluru,Karnataka,2023-03-01,Low
CUST01080,Jivika,Agrawal,1997-03-07,Female,Coimbatore,Tamil Nadu,2024-03-06,Medium
CUST01081,Ivan,Kannan,1979-07-19,Male,Kolkata,West Bengal,2024-10-17,Medium
CUST01082,Lakshit,Ratti,2006-07-27,Female,Madurai,Tamil Nadu,2019-12-09,Low
CUST01083,Zain,Randhawa,2002-05-15,Female,Pune,Maharashtra,2022-05-31,Low
CUST01084,Madhav,Bassi,1962-06-27,Female,Hyderabad,Telangana,2019-11-04,Medium
CUST01085,Suhana,Bhatia,1995-10-08,Female,Kochi,Kerala,2024-11-10,Medium
CUST01086,Veer,Gill,1984-11-13,Male,Mumbai,Maharashtra,2021-04-29,Low
CUST01087,Vritika,Boase,1972-07-05,Female,Kolkata,West Bengal,2021-01-02,Low
CUST01088,Neelofar,Basak,1972-07-15,Female,Madurai,Tamil Nadu,2023-05-11,Low
CUST01089,Kismat,Rama,2004-09-22,Male,Hubballi,Karnataka,2023-10-26,High
CUST01090,Raunak,Sood,2002-08-20,Female,Madurai,Tamil Nadu,2018-11-17,Low
CUST01091,Nirvi,Vora,1976-03-05,Female,Vadodara,Gujarat,2020-05-25,Medium
CUST01092,Ela,Raman,1990-04-28,Male,Udaipur,Rajasthan,2020-04-03,Low
CUST01093,Siya,Hayre,1975-10-05,Female,Surat,Gujarat,2024-02-23,Low
CUST01094,Baiju,Srinivasan,1971-12-08,Male,Jaipur,Rajasthan,2022-11-10,Low
CUST01095,Veer,Bhalla,1972-01-21,Male,Vadodara,Gujarat,2022-11-25,Low
CUST01096,Navya,Rajan,1960-06-25,Female,Nagpur,Maharashtra,2023-02-22,Low
CUST01097,Abram,Gole,1977-03-08,Female,Thiruvananthapuram,Kerala,2019-10-10,Low
CUST01098,Vidur,Vasa,1994-04-30,Male,Nagpur,Maharashtra,2022-03-25,Low
CUST01099,Tejas,Mahajan,2002-02-14,Female,Nashik,Maharashtra,2020-02-13,Medium
CUST01100,Tarini,Keer,2008-01-27,Female,Hyderabad,Telangana,2019-04-09,Low
CUST01101,Advik,Raj,1960-03-30,Male,Vadodara,Gujarat,2018-10-07,Low
CUST01102,Prerak,Chokshi,1958-05-11,Male,Kozhikode,Kerala,2019-03-01,High
CUST01103,Vritika,Issac,1990-02-14,Female,Nagpur,Maharashtra,2021-02-01,Medium
CUST01104,Mishti,Sawhney,1989-09-29,Female,Nashik,Maharashtra,2025-03-05,Medium
CUST01105,Zeeshan,Kakar,2003-05-29,Male,Chennai,Tamil Nadu,2022-01-26,High
CUST01106,Dharmajan,Reddy,1992-02-29,Male,Mysuru,Karnataka,2023-03-23,Low
CUST01107,Mannat,Bose,1974-07-13,Female,Ahmedabad,Gujarat,2019-05-12,Low
CUST01108,Sahil,Baral,1990-06-11,Female,Kolkata,West Bengal,2020-05-18,Medium
CUST01109,Zara,Brahmbhatt,1992-02-25,Male,Mangaluru,Karnataka,2021-06-06,Low
CUST01110,Vihaan,Raj,1998-10-24,Male,New Delhi,Delhi,2025-02-21,Low
CUST01111,Nehmat,Sangha,1999-06-01,Female,Pune,Maharashtra,2019-03-19,Medium
CUST01112,Sahil,Sarkar,1985-06-02,Female,Jaipur,Rajasthan,2024-11-09,Low
CUST01113,Nakul,Balakrishnan,1972-04-14,Male,Mumbai,Maharashtra,2019-05-20,Low
CUST01114,Adira,Bhardwaj,1986-07-02,Male,Kolkata,West Bengal,2023-11-10,Low
CUST01115,Mahika,Bala,1976-09-11,Female,Lucknow,Uttar Pradesh,2024-04-25,Low
CUST01116,Seher,Saha,2006-01-19,Male,Chennai,Tamil Nadu,2020-02-22,Low
CUST01117,Fateh,Ahuja,2003-10-27,Male,Mangaluru,Karnataka,2019-10-26,Low
CUST01118,Rati,Ahluwalia,1966-10-19,Male,Kolkata,West Bengal,2022-11-15,Medium
CUST01119,Shray,Lal,1990-11-05,Male,Mumbai,Maharashtra,2025-04-23,Low
CUST01120,Saira,Dayal,1967-01-04,Female,Noida,Uttar Pradesh,2021-10-24,Low
CUST01121,Gokul,Shere,1973-12-09,Male,Pune,Maharashtra,2024-11-19,Medium
CUST01122,Fateh,Solanki,1957-08-24,Female,New Delhi,Delhi,2021-07-01,High
CUST01123,Zara,Kala,1974-02-27,Female,Pune,Maharashtra,2023-02-08,Medium
CUST01124,Chirag,Deep,2004-02-14,Female,Hyderabad,Telangana,2023-07-22,Medium
CUST01125,Mishti,Barad,1989-05-30,Male,New Delhi,Delhi,2022-07-10,Low
CUST01126,Diya,Gole,1959-06-03,Male,Kochi,Kerala,2022-11-25,Low
CUST01127,Jiya,Chacko,1980-09-01,Female,Madurai,Tamil Nadu,2019-12-27,Low
CUST01128,Onkar,Som,1962-08-26,Female,Jaipur,Rajasthan,2023-07-14,Low
CUST01129,Pari,Sengupta,1963-07-01,Female,Hyderabad,Telangana,2020-08-04,Low
CUST01130,Seher,Kumar,1955-10-28,Male,Nashik,Maharashtra,2019-01-09,Low
CUST01131,Abram,Das,1958-10-11,Male,Hubballi,Karnataka,2022-08-30,Medium
CUST01132,Tejas,Handa,1965-11-11,Male,Bengaluru,Karnataka,2020-03-04,Low
CUST01133,Armaan,Malhotra,2004-03-28,Male,Nagpur,Maharashtra,2024-12-13,Low
CUST01134,Neysa,Kadakia,1970-12-05,Female,Kolkata,West Bengal,2021-05-21,Low
CUST01135,Nishith,Joshi,2004-08-30,Male,Madurai,Tamil Nadu,2021-05-16,Low
CUST01136,Purab,Tella,1960-12-12,Female,Udaipur,Rajasthan,2023-07-06,Low
CUST01137,Umang,Bhasin,1989-10-24,Female,Hyderabad,Telangana,2024-05-17,Medium
CUST01138,Baiju,Chakraborty,1970-11-02,Male,Lucknow,Uttar Pradesh,2025-06-28,Low
CUST01139,Ela,Bajaj,1982-12-07,Female,Lucknow,Uttar Pradesh,2019-03-28,Low
CUST01140,Anahita,Verma,1974-11-10,Female,New Delhi,Delhi,2025-03-25,Low
CUST01141,Sahil,Gade,1961-07-12,Male,Jaipur,Rajasthan,2023-05-10,Medium
CUST01142,Amani,Agrawal,1980-10-02,Male,Mumbai,Maharashtra,2020-05-10,Low
CUST01143,Riaan,Manda,1976-04-30,Female,Jaipur,Rajasthan,2024-12-09,Low
CUST01144,Misha,Dara,1987-03-21,Female,Warangal,Telangana,2021-10-13,Low
CUST01145,Kiara,Koshy,2008-03-23,Male,Hyderabad,Telangana,2025-04-01,Low
CUST01146,Kiaan,Sha,1992-11-03,Male,Kolkata,West Bengal,2025-02-12,Medium
CUST01147,Yashvi,Das,1965-11-23,Male,Madurai,Tamil Nadu,2018-09-14,Medium
CUST01148,Yuvraj ,Arora,1971-07-04,Male,Mangaluru,Karnataka,2023-04-04,Low
CUST01149,Shray,Ravi,2002-11-03,Female,Warangal,Telangana,2018-09-24,Medium
CUST01150,Shamik,Acharya,2007-04-18,Female,New Delhi,Delhi,2024-03-29,Medium
CUST01151,Uthkarsh,Vala,2005-11-16,Male,Mumbai,Maharashtra,2024-11-01,Medium
CUST01152,Ryan,Ben,1969-08-12,Male,Chennai,Tamil Nadu,2023-02-27,Medium
CUST01153,Miraan,Kadakia,1989-02-17,Female,Jaipur,Rajasthan,2019-02-28,Low
CUST01154,Hridaan,Sawhney,1974-09-10,Male,Warangal,Telangana,2019-06-11,Low
CUST01155,Azad,D’Alia,1991-01-07,Female,Ahmedabad,Gujarat,2022-03-01,Low
CUST01156,Rati,Wason,1980-12-30,Female,Hyderabad,Telangana,2022-07-20,Medium
CUST01157,Siya,Basak,1995-03-04,Female,Hyderabad,Telangana,2019-06-18,Low
CUST01158,Dishani,Bhavsar,1999-01-05,Male,Ahmedabad,Gujarat,2025-08-16,Medium
CUST01159,Vihaan,Barad,1995-12-05,Female,Hyderabad,Telangana,2023-06-25,Medium
CUST01160,Biju,Kalla,2000-09-23,Female,Kanpur,Uttar Pradesh,2019-10-06,Low
CUST01161,Miraan,Dhingra,1973-05-29,Male,Ahmedabad,Gujarat,2021-04-30,Medium
CUST01162,Zaina,Hegde,2003-05-02,Male,Kanpur,Uttar Pradesh,2024-11-26,Low
CUST01163,Shaan,Dutt,1986-06-17,Male,Surat,Gujarat,2020-12-17,Low
CUST01164,Mehul,Barad,1969-06-11,Male,Kolkata,West Bengal,2019-10-22,Medium
CUST01165,Vanya,Solanki,1995-06-09,Female,Kochi,Kerala,2019-07-30,Low
CUST01166,Indrans,Bera,1966-11-01,Female,Chennai,Tamil Nadu,2022-06-22,Medium
CUST01167,Anahita,Dugar,1983-04-24,Male,Kochi,Kerala,2019-09-05,Medium
CUST01168,Heer,Gola,2008-01-26,Male,Kolkata,West Bengal,2020-06-01,Low
CUST01169,Alisha,Dube,1987-03-07,Female,Coimbatore,Tamil Nadu,2020-11-26,Low
CUST01170,Fateh,Bath,1966-05-17,Male,Kozhikode,Kerala,2025-07-09,Low
CUST01171,Piya,Doshi,2003-08-09,Male,Lucknow,Uttar Pradesh,2024-07-30,Low
CUST01172,Lavanya,Bahri,1970-04-13,Male,Nashik,Maharashtra,2021-06-09,High
CUST01173,Hunar,Bath,2004-01-16,Female,Warangal,Telangana,2020-10-05,Low
CUST01174,Taimur,Hora,1990-08-04,Female,Kochi,Kerala,2019-01-25,Low
CUST01175,Parinaaz,Doctor,1973-05-09,Female,Hyderabad,Telangana,2025-08-16,Low
CUST01176,Jayant,Aurora,1983-03-03,Female,Vadodara,Gujarat,2022-06-30,Low
CUST01177,Ivana,Shere,1993-01-31,Male,Lucknow,Uttar Pradesh,2020-10-10,Medium
CUST01178,Divit,Kashyap,1962-08-01,Male,Ahmedabad,Gujarat,2025-06-27,Low
CUST01179,Yashvi,Boase,1963-11-30,Male,Kolkata,West Bengal,2018-10-02,Medium
CUST01180,Biju,Thakur,1970-10-11,Female,Udaipur,Rajasthan,2019-10-06,Low
CUST01181,Kiaan,Tata,1982-11-28,Female,Nashik,Maharashtra,2021-10-25,High
CUST01182,Piya,Rau,1999-07-09,Female,Hyderabad,Telangana,2019-05-14,Low
CUST01183,Keya,Raj,1973-04-06,Male,Ahmedabad,Gujarat,2025-07-25,Low
CUST01184,Dhanuk,Apte,1960-01-14,Male,New Delhi,Delhi,2020-05-01,Medium
CUST01185,Neelofar,Kapadia,1964-05-31,Male,Mumbai,Maharashtra,2019-06-07,Low
CUST01186,Zoya,Gandhi,1963-12-27,Female,Kochi,Kerala,2019-01-05,Medium
CUST01187,Anahi,Bakshi,1967-01-30,Female,Noida,Uttar Pradesh,2023-07-13,Low
CUST01188,Adah,Tara,2004-12-11,Male,Kolkata,West Bengal,2022-01-04,Low
CUST01189,Charvi,Aurora,1981-09-10,Male,Ahmedabad,Gujarat,2024-06-17,Low
CUST01190,Aaryahi,Chadha,1979-09-26,Female,Kolkata,West Bengal,2020-06-23,Medium
CUST01191,Kabir,Devan,1974-09-10,Male,Vadodara,Gujarat,2022-06-11,Low
CUST01192,Indrajit,Badal,1997-06-09,Female,Jaipur,Rajasthan,2023-12-01,Low
CUST01193,Mannat,Das,1999-09-12,Female,Surat,Gujarat,2021-02-27,Low
CUST01194,Charvi,Jha,1993-02-14,Male,Nagpur,Maharashtra,2022-09-22,Low
CUST01195,Biju,Bassi,1974-09-08,Male,Udaipur,Rajasthan,2021-11-27,Low
CUST01196,Hiran,Kadakia,1969-03-22,Male,Nashik,Maharashtra,2024-02-12,Medium
CUST01197,Yasmin,Lall,1972-08-08,Female,Kolkata,West Bengal,2024-01-06,High
CUST01198,Zaina,Magar,1956-12-23,Female,New Delhi,Delhi,2021-11-26,High
CUST01199,Vardaniya,Saxena,1980-02-01,Male,Jaipur,Rajasthan,2022-09-24,Medium
CUST01200,Inaaya ,Srinivas,1988-08-18,Male,New Delhi,Delhi,2021-07-29,Low
CUST01201,Jivika,Krishnamurthy,1977-07-14,Male,Kolkata,West Bengal,2021-12-14,Medium
CUST01202,Purab,Chana,1957-06-03,Male,New Delhi,Delhi,2021-05-12,Low
CUST01203,Kimaya,Choudhary,1957-08-23,Female,Udaipur,Rajasthan,2025-07-18,Low
CUST01204,Vanya,Dey,1959-08-21,Female,Bengaluru,Karnataka,2025-07-12,Low
CUST01205,Anaya,Lanka,1979-12-22,Female,New Delhi,Delhi,2025-03-04,Low
CUST01206,Keya,Dada,1966-07-06,Female,Jaipur,Rajasthan,2019-07-03,Medium
CUST01207,Nishith,Saha,1972-01-22,Female,Udaipur,Rajasthan,2020-12-01,Low
CUST01208,Hazel,Tandon,2005-10-21,Female,Kanpur,Uttar Pradesh,2019-02-15,Low
CUST01209,Tarini,Choudhary,1994-10-28,Male,Warangal,Telangana,2025-06-07,Low
CUST01210,Vidur,Goel,1967-06-21,Male,Nashik,Maharashtra,2020-02-24,High
CUST01211,Miraan,Rajagopalan,1977-04-16,Male,Kochi,Kerala,2025-07-04,Low
CUST01212,Sara,Sarkar,1980-01-24,Male,Coimbatore,Tamil Nadu,2023-09-06,Low
CUST01213,Aniruddh,Sarraf,2003-04-28,Male,Coimbatore,Tamil Nadu,2021-08-22,Low
CUST01214,Jiya,Manda,1965-04-26,Male,Hyderabad,Telangana,2023-06-10,Medium
CUST01215,Kanav,Toor,1989-02-22,Female,Vadodara,Gujarat,2023-04-06,Low
CUST01216,Sahil,Chahal,1989-01-08,Male,Kolkata,West Bengal,2018-12-21,Low
CUST01217,Divij,Bala,1971-06-24,Female,Kolkata,West Bengal,2023-10-08,Low
CUST01218,Madhup,Anne,1991-06-22,Female,Hyderabad,Telangana,2022-09-19,Low
CUST01219,Aarav,Gandhi,1997-06-10,Male,Warangal,Telangana,2020-05-12,Low
CUST01220,Zara,Bhattacharyya,1978-11-02,Female,Kanpur,Uttar Pradesh,2024-09-30,Low
CUST01221,Jayesh,Suresh,1977-09-01,Female,Kolkata,West Bengal,2019-02-27,High
CUST01222,Akarsh,Borah,1995-07-27,Female,Kozhikode,Kerala,2024-08-23,Low
CUST01223,Hridaan,Soman,1963-03-13,Male,Kochi,Kerala,2023-02-16,Low
CUST01224,Tejas,Bansal,1981-01-26,Female,Warangal,Telangana,2024-08-22,Medium
CUST01225,Nitara,Hora,1995-07-12,Female,Kochi,Kerala,2019-07-05,Low
CUST01226,Shayak,Dora,1977-08-08,Male,New Delhi,Delhi,2019-10-23,Low
CUST01227,Indranil,Setty,1985-05-18,Female,Madurai,Tamil Nadu,2025-05-21,Low
CUST01228,Navya,Kohli,1999-10-29,Male,Udaipur,Rajasthan,2021-05-07,Low
CUST01229,Jayant,Sathe,1993-11-22,Male,Madurai,Tamil Nadu,2024-07-19,High
CUST01230,Mannat,Srivastava,1979-12-06,Male,Chennai,Tamil Nadu,2020-07-19,Low
CUST01231,Nitya,Raja,1967-08-01,Male,Mangaluru,Karnataka,2021-11-13,Medium
CUST01232,Ryan,Sha,2002-07-02,Male,Kolkata,West Bengal,2021-02-26,Low
CUST01233,Gokul,Chakrabarti,2005-03-31,Female,Chennai,Tamil Nadu,2018-08-31,Low
CUST01234,Rati,Mangat,1982-04-19,Male,New Delhi,Delhi,2025-03-16,Low
CUST01235,Jiya,Babu,1968-01-15,Male,New Delhi,Delhi,2023-10-10,Low
CUST01236,Samar,Tailor,1997-04-02,Male,Udaipur,Rajasthan,2020-07-12,Low
CUST01237,Navya,Mandal,1962-09-25,Male,Hubballi,Karnataka,2022-11-14,Medium
CUST01238,Hridaan,Gandhi,2006-05-15,Female,Coimbatore,Tamil Nadu,2019-04-24,Low
CUST01239,Miraan,Ghose,1977-05-23,Female,Chennai,Tamil Nadu,2020-01-29,High
CUST01240,Myra,Wali,1961-09-08,Female,Thiruvananthapuram,Kerala,2025-08-21,Low
CUST01241,Rhea,Sampath,1999-02-20,Female,Noida,Uttar Pradesh,2024-11-07,Medium
CUST01242,Shamik,Kapoor,1956-06-04,Male,Noida,Uttar Pradesh,2020-11-26,Medium
CUST01243,Lakshay,Dash,2002-10-26,Female,New Delhi,Delhi,2019-03-24,Medium
CUST01244,Stuvan,Dave,1963-01-01,Female,Mysuru,Karnataka,2024-10-11,Medium
CUST01245,Aarav,Bajwa,1981-11-29,Male,Kochi,Kerala,2022-05-18,Medium
CUST01246,Sana,Kadakia,1966-12-20,Female,Lucknow,Uttar Pradesh,2022-03-04,Low
CUST01247,Bhamini,Wadhwa,1981-06-02,Female,New Delhi,Delhi,2021-08-21,Low
CUST01248,Inaaya ,Guha,1962-07-21,Female,Mysuru,Karnataka,2022-09-23,Low
CUST01249,Vedika,Venkatesh,1994-12-26,Male,Kochi,Kerala,2024-03-09,Medium
CUST01250,Tara,Sankar,1970-12-31,Male,Nashik,Maharashtra,2020-01-13,Low
CUST01251,Alisha,Bansal,1957-12-03,Male,Udaipur,Rajasthan,2021-02-27,Medium
CUST01252,Akarsh,Dutta,1973-06-02,Male,Kolkata,West Bengal,2019-07-17,Low
CUST01253,Devansh,Garg,1967-03-23,Male,New Delhi,Delhi,2021-11-04,Low
CUST01254,Ishaan,Setty,1960-10-02,Male,Surat,Gujarat,2023-04-21,Low
CUST01255,Divij,Gara,1996-01-27,Female,New Delhi,Delhi,2023-11-14,Low
CUST01256,Anya,Sarraf,1957-10-04,Female,New Delhi,Delhi,2022-04-27,Low
CUST01257,Neysa,Butala,1996-12-22,Female,Kolkata,West Bengal,2022-05-06,Low
CUST01258,Indranil,Bala,1962-07-16,Male,Kolkata,West Bengal,2021-06-19,Low
CUST01259,Lagan,Chandran,1983-07-02,Female,Kochi,Kerala,2024-07-31,Low
CUST01260,Ishita,Sen,2005-04-28,Female,Ahmedabad,Gujarat,2023-03-31,Low
CUST01261,Prerak,Sahota,1974-10-22,Male,Chennai,Tamil Nadu,2021-03-06,Low
CUST01262,Miraan,Bava,1959-01-10,Female,Kolkata,West Bengal,2021-12-28,Medium
CUST01263,Kaira,Maharaj,1989-01-21,Male,Kanpur,Uttar Pradesh,2019-12-16,Low
CUST01264,Baiju,Gole,1955-11-28,Male,Hubballi,Karnataka,2022-04-15,Low
CUST01265,Dhruv,Din,2000-09-12,Female,Ahmedabad,Gujarat,2023-12-20,Low
CUST01266,Kismat,Khatri,1969-03-27,Female,Lucknow,Uttar Pradesh,2019-06-23,Low
CUST01267,Anay,Chauhan,1967-04-11,Male,Coimbatore,Tamil Nadu,2024-01-29,Low
CUST01268,Riaan,Baria,1987-11-16,Female,Udaipur,Rajasthan,2019-08-19,Low
CUST01269,Ryan,Srinivasan,1982-09-12,Male,Kozhikode,Kerala,2022-08-28,Low
CUST01270,Ayesha,Wason,2000-08-19,Female,Kolkata,West Bengal,2020-11-26,Low
CUST01271,Divij,Rege,1992-09-04,Male,Bengaluru,Karnataka,2021-12-12,Low
CUST01272,Kabir,Goyal,1981-08-09,Male,Thiruvananthapuram,Kerala,2021-10-16,Medium
CUST01273,Kabir,Kapoor,1958-09-07,Female,Nagpur,Maharashtra,2020-11-21,Medium
CUST01274,Advika,Kaul,1973-07-28,Female,Coimbatore,Tamil Nadu,2020-07-28,Low
CUST01275,Priyansh,Manda,1959-11-05,Male,Bengaluru,Karnataka,2019-12-08,Low
CUST01276,Suhana,Sarin,2001-01-26,Female,Kolkata,West Bengal,2019-06-22,Low
CUST01277,Dharmajan,Sami,1979-01-16,Female,Kanpur,Uttar Pradesh,2025-07-10,Low
CUST01278,Hrishita,Jhaveri,2007-02-15,Female,Kozhikode,Kerala,2023-09-01,High
CUST01279,Manikya,Malhotra,1959-10-19,Female,Nagpur,Maharashtra,2021-12-10,Low
CUST01280,Elakshi,Kadakia,1992-02-03,Male,Kochi,Kerala,2024-06-29,Low
CUST01281,Anika,Mangat,1971-09-07,Male,Coimbatore,Tamil Nadu,2022-09-13,Low
CUST01282,Rohan,Baral,1982-07-07,Female,Coimbatore,Tamil Nadu,2024-09-22,Medium
CUST01283,Arhaan,Krishnamurthy,1994-07-09,Male,Mangaluru,Karnataka,2023-01-17,Low
CUST01284,Yasmin,Mangal,2001-10-03,Female,Vadodara,Gujarat,2023-12-05,Low
CUST01285,Hunar,Bhasin,2007-03-06,Female,Mangaluru,Karnataka,2022-06-21,Low
CUST01286,Jayant,Chacko,1970-01-25,Female,Jaipur,Rajasthan,2025-07-11,Low
CUST01287,Kartik,Bhatnagar,1958-07-21,Male,Chennai,Tamil Nadu,2022-04-02,Low
CUST01288,Dhanush,Sanghvi,1985-04-11,Male,Udaipur,Rajasthan,2020-05-14,Low
CUST01289,Mishti,Borah,1996-02-21,Female,Thiruvananthapuram,Kerala,2020-11-04,Low
CUST01290,Samar,Seth,1960-03-17,Female,Nagpur,Maharashtra,2019-05-23,Low
CUST01291,Vidur,Mall,1982-09-09,Male,Mysuru,Karnataka,2023-05-07,Low
CUST01292,Shaan,Varty,1974-06-12,Female,New Delhi,Delhi,2023-01-26,Low
CUST01293,Amira,Vohra,1956-06-28,Female,New Delhi,Delhi,2025-05-04,Low
CUST01294,Rati,Ratta,1995-08-20,Male,Hyderabad,Telangana,2023-02-04,Low
CUST01295,Vardaniya,Kadakia,1963-04-22,Male,Hyderabad,Telangana,2022-03-05,Medium
CUST01296,Indrajit,Borah,1994-03-16,Female,Kolkata,West Bengal,2023-08-26,Low
CUST01297,Keya,Sibal,1962-06-20,Male,Chennai,Tamil Nadu,2019-07-20,Low
CUST01298,Jivika,Sridhar,1962-07-10,Female,New Delhi,Delhi,2025-05-02,Low
CUST01299,Reyansh,Vig,1992-02-06,Female,Coimbatore,Tamil Nadu,2021-07-29,Low
CUST01300,Zain,Deo,1981-09-18,Female,Madurai,Tamil Nadu,2024-03-21,Medium
CUST01301,Aradhya,Mangal,1997-02-01,Female,Bengaluru,Karnataka,2022-09-03,Low
CUST01302,Armaan,Chadha,1974-05-23,Male,Madurai,Tamil Nadu,2022-01-28,Medium
CUST01303,Hridaan,Ranganathan,1997-01-25,Male,Warangal,Telangana,2024-06-10,Low
CUST01304,Rania,Iyer,1958-04-15,Male,Hyderabad,Telangana,2022-01-06,Low
CUST01305,Shalv,Sant,1971-10-26,Male,Vadodara,Gujarat,2019-01-26,Medium
CUST01306,Shanaya,Khanna,1973-12-04,Male,Mumbai,Maharashtra,2021-10-26,Medium
CUST01307,Akarsh,Ganguly,1976-04-09,Female,Ahmedabad,Gujarat,2021-04-18,Medium
CUST01308,Ranbir,Upadhyay,1989-02-07,Male,Mumbai,Maharashtra,2024-07-27,Medium
CUST01309,Piya,Bawa,1971-02-28,Male,Kolkata,West Bengal,2019-10-17,Low
CUST01310,Rohan,Sharaf,1985-10-20,Female,Bengaluru,Karnataka,2025-03-26,Medium
CUST01311,Samarth,Desai,2005-03-30,Female,Bengaluru,Karnataka,2022-03-12,Low
CUST01312,Lavanya,Roy,1961-09-22,Male,Lucknow,Uttar Pradesh,2020-03-31,Medium
CUST01313,Ahana ,Cherian,1983-05-11,Male,Madurai,Tamil Nadu,2024-12-14,Low
CUST01314,Aradhya,Sibal,1990-10-18,Female,Bengaluru,Karnataka,2021-10-30,Medium
CUST01315,Bhavin,Kurian,1966-06-20,Male,Kozhikode,Kerala,2019-03-17,Low
CUST01316,Sahil,Savant,1990-02-19,Female,New Delhi,Delhi,2022-01-30,Low
CUST01317,Himmat,Sridhar,1991-04-30,Male,Jaipur,Rajasthan,2023-06-27,Low
CUST01318,Aniruddh,Chadha,1968-10-07,Male,Lucknow,Uttar Pradesh,2020-05-10,Medium
CUST01319,Bhavin,Dash,1957-11-24,Male,Warangal,Telangana,2022-07-14,Low
CUST01320,Badal,Gole,2003-08-07,Male,Jaipur,Rajasthan,2020-05-05,Low
CUST01321,Raghav,Gour,1987-03-29,Male,Warangal,Telangana,2022-12-12,Low
CUST01322,Vivaan,Ravi,1964-01-29,Female,Lucknow,Uttar Pradesh,2024-06-11,Low
CUST01323,Aniruddh,Dara,1980-12-29,Female,Pune,Maharashtra,2022-10-22,Medium
CUST01324,Kimaya,Kapoor,1967-09-25,Female,Surat,Gujarat,2022-09-08,Low
CUST01325,Khushi,Majumdar,1979-06-14,Male,Jaipur,Rajasthan,2021-07-30,High
CUST01326,Ishaan,Toor,1973-04-02,Female,Nagpur,Maharashtra,2025-01-07,Low
CUST01327,Prisha,Bath,1975-01-18,Male,Kolkata,West Bengal,2018-11-19,Low
CUST01328,Veer,Bakshi,1966-09-26,Male,Kolkata,West Bengal,2023-07-08,Medium
CUST01329,Vanya,Chhabra,1970-09-17,Female,Jaipur,Rajasthan,2024-02-27,Low
CUST01330,Mamooty,Sandhu,1969-09-19,Male,New Delhi,Delhi,2020-12-09,Low
CUST01331,Nehmat,Jayaraman,1990-07-30,Male,Surat,Gujarat,2018-10-27,Low
CUST01332,Vanya,Sinha,2002-01-27,Female,Noida,Uttar Pradesh,2018-09-22,Medium
CUST01333,Anika,Bhatti,1999-09-14,Female,Kolkata,West Bengal,2020-02-15,Low
CUST01334,Kismat,Suresh,1956-03-23,Female,Thiruvananthapuram,Kerala,2020-07-21,High
CUST01335,Ojas,Ramanathan,1976-06-08,Male,Nashik,Maharashtra,2024-09-17,High
CUST01336,Rhea,Rout,1974-05-22,Female,Chennai,Tamil Nadu,2022-04-03,Low
CUST01337,Uthkarsh,Varkey,1979-05-19,Female,Nashik,Maharashtra,2022-07-22,Low
CUST01338,Ojas,Chopra,1987-05-29,Female,Jaipur,Rajasthan,2021-03-21,Low
CUST01339,Parinaaz,Lad,1998-01-31,Male,Coimbatore,Tamil Nadu,2022-01-10,Low
CUST01340,Keya,Behl,1956-02-24,Female,Lucknow,Uttar Pradesh,2023-01-01,Low
CUST01341,Nitara,Upadhyay,1981-02-11,Male,Nagpur,Maharashtra,2023-06-05,Low
CUST01342,Neelofar,Rajan,1997-02-04,Male,New Delhi,Delhi,2021-01-20,Low
CUST01343,Rohan,Sani,1963-01-02,Female,Pune,Maharashtra,2022-09-30,Medium
CUST01344,Chirag,Ganguly,1974-06-19,Female,Kolkata,West Bengal,2024-02-06,Medium
CUST01345,Shaan,Venkataraman,1974-06-29,Female,Surat,Gujarat,2020-11-14,Medium
CUST01346,Neysa,Sawhney,1999-12-25,Female,Kanpur,Uttar Pradesh,2021-03-11,Low
CUST01347,Kanav,Borde,1990-11-07,Female,Udaipur,Rajasthan,2025-02-28,Low
CUST01348,Nakul,Yogi,1959-07-07,Male,Kolkata,West Bengal,2025-07-02,Low
CUST01349,Zaina,Tailor,1996-06-24,Male,Thiruvananthapuram,Kerala,2022-02-01,High
CUST01350,Nitara,Dutta,2001-12-22,Female,Hyderabad,Telangana,2019-11-03,Low
CUST01351,Saira,Arya,2000-04-01,Male,Mumbai,Maharashtra,2022-11-18,Medium
CUST01352,Ritvik,Dayal,1984-02-18,Male,Kolkata,West Bengal,2022-02-03,Low
CUST01353,Vidur,Shan,1958-01-19,Male,Vadodara,Gujarat,2023-08-11,Low
CUST01354,Rhea,Mangal,1968-07-28,Female,Coimbatore,Tamil Nadu,2021-07-27,Medium
CUST01355,Samaira,Saxena,1970-10-12,Male,Nashik,Maharashtra,2024-06-27,Low
CUST01356,Hazel,Ray,1988-01-09,Female,Warangal,Telangana,2024-05-13,Medium
CUST01357,Taimur,Kulkarni,1976-01-29,Female,Kolkata,West Bengal,2020-02-05,Medium
CUST01358,Nirvi,Vora,1993-08-21,Female,Jaipur,Rajasthan,2020-03-10,Low
CUST01359,Ritvik,Bava,1987-09-08,Male,Ahmedabad,Gujarat,2019-09-27,Low
CUST01360,Seher,Dayal,2004-12-30,Female,Kolkata,West Bengal,2025-07-11,Low
CUST01361,Jhanvi,Singh,1968-02-09,Female,Kolkata,West Bengal,2024-06-06,Medium
CUST01362,Shamik,Sagar,1961-09-22,Male,Mysuru,Karnataka,2020-07-16,Low
CUST01363,Sumer,Choudhury,2006-04-17,Female,Coimbatore,Tamil Nadu,2021-04-06,Low
CUST01364,Aaina,Subramaniam,1978-03-12,Female,Coimbatore,Tamil Nadu,2021-10-23,Low
CUST01365,Pranay,Master,1975-08-29,Female,Kolkata,West Bengal,2022-08-05,Medium
CUST01366,Fateh,Keer,1959-04-21,Female,Udaipur,Rajasthan,2024-01-18,Low
CUST01367,Keya,Mannan,1997-11-19,Female,Jaipur,Rajasthan,2019-04-04,Medium
CUST01368,Anaya,Walia,1968-11-20,Male,Surat,Gujarat,2022-11-27,Medium
CUST01369,Fateh,Vig,2001-12-20,Female,Kanpur,Uttar Pradesh,2021-11-23,Low
CUST01370,Eva,Dixit,1983-10-05,Female,Thiruvananthapuram,Kerala,2019-02-09,Low
CUST01371,Indrajit,Biswas,1969-04-12,Male,Bengaluru,Karnataka,2021-07-25,High
CUST01372,Yuvraj ,Mane,1986-10-14,Male,New Delhi,Delhi,2019-11-13,Low
CUST01373,Saksham,Venkataraman,2004-05-08,Male,New Delhi,Delhi,2020-03-08,Medium
CUST01374,Vanya,Baria,1988-10-29,Male,Surat,Gujarat,2021-06-24,Low
CUST01375,Mohanlal,Chakrabarti,1976-12-22,Female,Surat,Gujarat,2024-01-18,Low
CUST01376,Bhavin,Agate,1986-05-30,Male,Hyderabad,Telangana,2020-12-22,Medium
CUST01377,Lakshay,Sidhu,2008-04-15,Male,Kozhikode,Kerala,2020-01-31,Low
CUST01378,Kashvi,Singhal,1966-06-06,Male,Nagpur,Maharashtra,2022-10-25,Low
CUST01379,Vedika,Singh,1961-08-22,Male,New Delhi,Delhi,2019-10-02,Low
CUST01380,Mannat,Kalla,1998-10-04,Male,Udaipur,Rajasthan,2022-04-21,Low
CUST01381,Yuvaan,Kala,1988-02-19,Male,Kolkata,West Bengal,2021-11-28,Low
CUST01382,Aarush,Bahl,1991-12-22,Female,Kochi,Kerala,2020-05-06,Low
CUST01383,Sana,Grover,1956-08-09,Female,Lucknow,Uttar Pradesh,2021-05-23,High
CUST01384,Tanya,Thaman,1991-10-14,Female,Vadodara,Gujarat,2020-04-09,Low
CUST01385,Advik,Sandhu,1955-12-06,Female,New Delhi,Delhi,2023-12-25,Low
CUST01386,Sana,Dash,1971-01-17,Female,Pune,Maharashtra,2024-07-19,Low
CUST01387,Shray,Dugal,1964-06-03,Female,Kolkata,West Bengal,2019-07-11,Medium
CUST01388,Veer,Krishnamurthy,1995-09-16,Male,Kanpur,Uttar Pradesh,2021-04-03,Low
CUST01389,Ivan,Bali,1958-10-05,Female,Ahmedabad,Gujarat,2021-03-09,High
CUST01390,Riaan,Kari,2005-03-06,Female,Pune,Maharashtra,2023-01-28,Low
CUST01391,Kimaya,Lala,1978-08-21,Female,Kochi,Kerala,2022-05-04,Low
CUST01392,Piya,Bhavsar,1978-12-21,Female,Kanpur,Uttar Pradesh,2022-10-26,Low
CUST01393,Taimur,Sheth,1968-06-21,Male,Noida,Uttar Pradesh,2020-01-20,Low
CUST01394,Zoya,Jaggi,1956-12-13,Male,Lucknow,Uttar Pradesh,2020-08-04,Low
CUST01395,Mamooty,Seth,1964-07-30,Female,Kochi,Kerala,2020-06-12,Low
CUST01396,Sana,Apte,1995-10-11,Female,Ahmedabad,Gujarat,2022-12-10,Medium
CUST01397,Jayan,Bhatia,1980-08-05,Female,Nagpur,Maharashtra,2024-09-12,Low
CUST01398,Nehmat,Sule,1958-03-11,Female,Vadodara,Gujarat,2021-11-03,Low
CUST01399,Navya,Datta,2008-02-18,Female,Warangal,Telangana,2023-03-14,Low
CUST01400,Misha,Bajwa,1996-01-25,Female,Kozhikode,Kerala,2019-01-22,Medium
CUST01401,Nitara,Bhagat,2000-02-15,Female,Jaipur,Rajasthan,2018-10-26,Low
CUST01402,Badal,Sant,1963-07-12,Male,Jaipur,Rajasthan,2022-03-12,Low
CUST01403,Ahana ,Gupta,1964-01-22,Female,Warangal,Telangana,2023-04-22,Low
CUST01404,Ojas,Khalsa,2003-05-31,Female,Udaipur,Rajasthan,2019-12-14,Medium
CUST01405,Lagan,Saran,2002-04-25,Male,Jaipur,Rajasthan,2024-01-05,Low
CUST01406,Aayush,Dora,1984-04-15,Female,Kolkata,West Bengal,2024-04-11,Low
CUST01407,Divyansh,Saini,1991-01-21,Male,Madurai,Tamil Nadu,2020-12-11,Medium
CUST01408,Misha,Raman,2003-05-02,Female,Surat,Gujarat,2019-10-26,Medium
CUST01409,Aaina,Thakur,1962-10-15,Female,Pune,Maharashtra,2023-01-01,Low
CUST01410,Saira,Ranganathan,1963-08-30,Female,Thiruvananthapuram,Kerala,2021-01-20,Medium
CUST01411,Farhan,Srinivasan,1962-11-18,Male,Kozhikode,Kerala,2022-11-19,Low
CUST01412,Kiaan,Ramanathan,1969-03-29,Male,Ahmedabad,Gujarat,2025-04-08,Low
CUST01413,Prerak,Thakur,1991-04-01,Male,Chennai,Tamil Nadu,2020-05-13,Low
CUST01414,Taimur,Sarraf,1983-07-14,Male,Warangal,Telangana,2021-02-28,Low
CUST01415,Ishaan,Bahri,1992-12-13,Female,Kolkata,West Bengal,2022-11-15,Low
CUST01416,Lakshay,Sankaran,1988-05-10,Female,Mysuru,Karnataka,2021-06-18,Medium
CUST01417,Miraan,Agarwal,1956-07-07,Male,Kochi,Kerala,2024-05-12,Low
CUST01418,Dhruv,Bhakta,1994-09-20,Male,Thiruvananthapuram,Kerala,2024-05-04,Low
CUST01419,Bhamini,Borde,1961-10-12,Male,Hubballi,Karnataka,2025-04-12,Low
CUST01420,Diya,Barad,2004-11-20,Male,Bengaluru,Karnataka,2024-10-21,Medium
CUST01421,Divyansh,Zachariah,1973-01-23,Female,Kanpur,Uttar Pradesh,2024-02-17,Low
CUST01422,Mehul,Kari,1975-10-17,Male,Surat,Gujarat,2020-11-23,Low
CUST01423,Anahi,Bakshi,1962-06-10,Male,Vadodara,Gujarat,2025-07-26,Low
CUST01424,Jayant,Vohra,1958-05-02,Male,Hyderabad,Telangana,2021-02-13,Low
CUST01425,Taran,Suresh,2001-09-14,Male,Udaipur,Rajasthan,2021-04-23,High
CUST01426,Aaryahi,Shankar,1963-07-15,Female,Pune,Maharashtra,2019-06-17,High
CUST01427,Tara,Walia,1958-10-09,Male,New Delhi,Delhi,2018-09-25,Low
CUST01428,Hiran,Saini,1999-09-10,Female,Warangal,Telangana,2020-02-06,High
CUST01429,Shalv,Gola,1985-06-08,Male,Chennai,Tamil Nadu,2023-12-09,Low
CUST01430,Priyansh,Vyas,2005-07-14,Male,Warangal,Telangana,2019-06-10,Medium
CUST01431,Umang,Tandon,1978-12-21,Female,Surat,Gujarat,2020-03-16,Low
CUST01432,Farhan,Iyer,1982-11-20,Male,Kolkata,West Bengal,2022-07-14,Low
CUST01433,Purab,Tiwari,1981-11-24,Male,New Delhi,Delhi,2024-07-08,Low
CUST01434,Anvi,Sura,1984-05-07,Female,Warangal,Telangana,2024-03-02,Low
CUST01435,Yasmin,Chacko,1963-05-06,Male,New Delhi,Delhi,2019-10-11,Low
CUST01436,Rasha,Seshadri,1959-08-22,Female,Kochi,Kerala,2020-01-03,Low
CUST01437,Ehsaan,Joshi,1995-11-07,Male,Mysuru,Karnataka,2022-10-03,Low
CUST01438,Zaina,Mane,2001-10-24,Female,Udaipur,Rajasthan,2022-05-18,Medium
CUST01439,Jivin,Ramaswamy,1981-06-28,Female,New Delhi,Delhi,2025-04-11,Low
CUST01440,Taimur,Ramesh,1957-08-11,Male,Kolkata,West Bengal,2024-06-21,Low
CUST01441,Samiha,Walla,1964-07-16,Male,Surat,Gujarat,2022-10-04,High
CUST01442,Aradhya,Bhalla,1983-08-21,Female,Pune,Maharashtra,2022-05-26,Low
CUST01443,Azad,Balay,1973-06-14,Female,Hyderabad,Telangana,2024-03-21,Low
CUST01444,Saksham,Ahuja,2003-08-06,Female,New Delhi,Delhi,2024-06-01,Low
CUST01445,Eshani,Sinha,2006-04-02,Male,Kochi,Kerala,2023-07-22,Medium
CUST01446,Samaira,Mandal,1970-11-22,Female,Kolkata,West Bengal,2024-05-07,Low
CUST01447,Shayak,Lad,1991-03-31,Female,Ahmedabad,Gujarat,2024-07-03,Low
CUST01448,Rati,Ranganathan,1962-02-17,Male,Kozhikode,Kerala,2022-05-01,Medium
CUST01449,Nitara,Seth,1972-07-25,Male,New Delhi,Delhi,2022-10-01,Medium
CUST01450,Shray,Saini,2001-09-02,Female,Kolkata,West Bengal,2024-02-08,Low
CUST01451,Veer,Borde,1993-08-23,Male,Madurai,Tamil Nadu,2023-11-12,Low
CUST01452,Baiju,Ahluwalia,1999-06-07,Female,Chennai,Tamil Nadu,2019-12-26,Low
CUST01453,Dishani,Vala,1987-08-02,Female,Warangal,Telangana,2022-11-13,Medium
CUST01454,Ivan,Barad,2006-10-13,Female,Lucknow,Uttar Pradesh,2022-10-31,Low
CUST01455,Samarth,Dara,1978-03-02,Male,Chennai,Tamil Nadu,2021-01-06,Low
CUST01456,Badal,Kulkarni,1970-10-21,Male,Noida,Uttar Pradesh,2023-05-02,Medium
CUST01457,Nayantara,Gulati,1983-02-03,Female,New Delhi,Delhi,2025-08-07,Low
CUST01458,Miraan,Baral,1986-11-21,Female,Coimbatore,Tamil Nadu,2022-06-06,Low
CUST01459,Zaina,Mangat,1986-02-21,Male,Kanpur,Uttar Pradesh,2019-05-26,Low
CUST01460,Charvi,Kapoor,1977-02-26,Female,Hyderabad,Telangana,2019-08-29,Low
CUST01461,Charvi,Sharma,2000-02-10,Female,New Delhi,Delhi,2018-10-20,Low
CUST01462,Ehsaan,Jaggi,1983-09-16,Female,Vadodara,Gujarat,2018-12-15,Low
CUST01463,Ivana,Maharaj,1955-08-30,Male,Bengaluru,Karnataka,2019-06-04,Low
CUST01464,Vritika,Ramakrishnan,1997-10-10,Male,Nashik,Maharashtra,2024-01-27,Low
CUST01465,Romil,Walia,1990-03-29,Male,Kozhikode,Kerala,2023-06-08,High
CUST01466,Lagan,Sagar,2001-05-05,Male,Hubballi,Karnataka,2022-07-13,Low
CUST01467,Shlok,Gopal,1959-05-06,Female,Kanpur,Uttar Pradesh,2025-08-06,High
CUST01468,Mamooty,Uppal,1986-07-29,Male,Nagpur,Maharashtra,2021-06-22,Low
CUST01469,Jhanvi,Sinha,1997-10-28,Male,Lucknow,Uttar Pradesh,2023-10-02,Medium
CUST01470,Anika,Sehgal,2000-05-14,Male,Udaipur,Rajasthan,2021-09-27,Medium
CUST01471,Saanvi,Kara,1963-05-30,Female,Kolkata,West Bengal,2019-06-24,Low
CUST01472,Tara,Sahni,1970-09-27,Male,Hyderabad,Telangana,2018-09-01,Medium
CUST01473,Shlok,Goel,1998-10-08,Female,Kozhikode,Kerala,2025-06-15,Medium
CUST01474,Riaan,Mahal,1991-03-04,Female,Ahmedabad,Gujarat,2021-10-30,Low
CUST01475,Rati,Bera,1958-10-06,Female,Hyderabad,Telangana,2020-01-18,Low
CUST01476,Bhamini,Boase,2004-06-06,Female,Warangal,Telangana,2024-12-18,Low
CUST01477,Saira,Jayaraman,1962-12-05,Male,Ahmedabad,Gujarat,2020-10-24,Medium
CUST01478,Manjari,Chaudhari,1968-05-30,Male,Thiruvananthapuram,Kerala,2019-09-05,Medium
CUST01479,Vihaan,Chokshi,1986-10-01,Male,Kanpur,Uttar Pradesh,2025-04-18,Medium
CUST01480,Kanav,Sehgal,1978-08-24,Male,New Delhi,Delhi,2019-07-26,Low
CUST01481,Tanya,Johal,1958-10-24,Male,Hubballi,Karnataka,2024-01-14,Medium
CUST01482,Pari,Raja,1964-01-13,Male,New Delhi,Delhi,2025-03-20,Low
CUST01483,Alisha,Karnik,2000-06-16,Male,Vadodara,Gujarat,2023-08-30,Low
CUST01484,Dishani,Bhavsar,1989-08-05,Female,Kanpur,Uttar Pradesh,2018-09-08,Low
CUST01485,Eva,Shah,1958-12-15,Male,Mumbai,Maharashtra,2023-05-10,Low
CUST01486,Adah,Tripathi,1995-06-20,Male,New Delhi,Delhi,2022-10-04,Low
CUST01487,Diya,Sridhar,1967-09-16,Female,New Delhi,Delhi,2024-07-14,Low
CUST01488,Kavya,Chadha,2005-05-11,Male,Kozhikode,Kerala,2025-08-01,Low
CUST01489,Gokul,Ben,1982-01-05,Female,Thiruvananthapuram,Kerala,2024-03-29,Low
CUST01490,Kismat,Raman,1977-07-20,Female,Madurai,Tamil Nadu,2022-12-09,Low
CUST01491,Veer,Kadakia,1997-02-02,Male,Lucknow,Uttar Pradesh,2024-07-16,Low
CUST01492,Tarini,Dash,1974-04-08,Female,Madurai,Tamil Nadu,2022-01-13,Low
CUST01493,Shlok,Din,1986-06-19,Female,New Delhi,Delhi,2025-06-30,Low
CUST01494,Himmat,Biswas,1983-09-26,Male,Nagpur,Maharashtra,2023-10-10,Low
CUST01495,Rati,Wali,2006-07-31,Female,Coimbatore,Tamil Nadu,2023-01-03,Low
CUST01496,Rohan,Upadhyay,2003-05-21,Male,New Delhi,Delhi,2023-04-23,Low
CUST01497,Saksham,Sawhney,2005-10-15,Male,Kolkata,West Bengal,2023-05-11,Low
CUST01498,Mohanlal,Chopra,1969-04-27,Female,Surat,Gujarat,2020-06-07,Low
CUST01499,Misha,Saxena,1975-06-04,Female,Kanpur,Uttar Pradesh,2024-06-28,Low
CUST01500,Shray,Samra,1964-09-04,Female,Ahmedabad,Gujarat,2024-09-10,Medium
CUST01501,Nehmat,Chakraborty,1989-12-09,Female,Kolkata,West Bengal,2023-04-07,Low
CUST01502,Rania,Ray,1977-08-02,Female,Mysuru,Karnataka,2024-09-09,Low
CUST01503,Farhan,Sidhu,1979-08-14,Male,Mysuru,Karnataka,2023-06-07,Low
CUST01504,Anvi,Manne,1994-06-25,Male,Hubballi,Karnataka,2024-04-28,Low
CUST01505,Rhea,Joshi,2001-07-13,Female,Madurai,Tamil Nadu,2025-01-04,Low
CUST01506,Hazel,Dhar,1984-05-23,Female,Ahmedabad,Gujarat,2025-07-11,Low
CUST01507,Abram,Lal,1962-11-23,Female,Hubballi,Karnataka,2018-11-12,Low
CUST01508,Vaibhav,Bora,1959-04-05,Female,Udaipur,Rajasthan,2024-05-08,Low
CUST01509,Bhavin,Chaudhry,1973-10-25,Female,Kolkata,West Bengal,2025-01-11,Low
CUST01510,Vedika,Buch,1975-02-25,Male,Nagpur,Maharashtra,2024-06-18,Medium
CUST01511,Ojas,Bora,1959-11-14,Male,Warangal,Telangana,2024-07-10,Medium
CUST01512,Vardaniya,Divan,1969-07-13,Male,Madurai,Tamil Nadu,2025-01-22,Medium
CUST01513,Hrishita,Babu,1980-01-22,Female,Noida,Uttar Pradesh,2025-07-29,High
CUST01514,Alisha,Behl,1997-07-29,Male,Lucknow,Uttar Pradesh,2024-05-24,Low
CUST01515,Seher,Mand,1970-11-30,Male,Ahmedabad,Gujarat,2024-12-18,Low
CUST01516,Neelofar,Mand,1982-02-10,Male,Kolkata,West Bengal,2020-09-02,Low
CUST01517,Diya,Srinivasan,2003-01-08,Female,Mangaluru,Karnataka,2021-02-04,Low
CUST01518,Rania,Salvi,1958-11-05,Male,Surat,Gujarat,2021-11-23,Medium
CUST01519,Vidur,Joshi,2002-04-10,Male,New Delhi,Delhi,2021-04-23,Low
CUST01520,Ishita,Bala,1956-07-13,Male,Nashik,Maharashtra,2024-12-22,Medium
CUST01521,Ojas,Chaudhuri,1997-11-17,Female,Kolkata,West Bengal,2025-04-17,Low
CUST01522,Ahana ,Thakkar,1970-12-31,Male,New Delhi,Delhi,2024-01-16,Medium
CUST01523,Renee,Savant,1999-09-20,Female,New Delhi,Delhi,2021-10-11,Low
CUST01524,Tanya,Raja,1992-11-05,Male,Mangaluru,Karnataka,2024-12-06,Low
CUST01525,Lavanya,Chaudhari,2008-06-19,Female,Bengaluru,Karnataka,2024-10-25,Low
CUST01526,Kartik,Din,1986-03-11,Female,Nashik,Maharashtra,2020-02-28,Low
CUST01527,Pihu,Barad,1968-05-16,Female,Chennai,Tamil Nadu,2020-02-16,Low
CUST01528,Sara,Kurian,1963-10-09,Female,Mumbai,Maharashtra,2021-11-09,Low
CUST01529,Arnav,Kala,1974-08-23,Male,Coimbatore,Tamil Nadu,2023-05-21,Medium
CUST01530,Prerak,Bhattacharyya,1966-08-07,Female,Kozhikode,Kerala,2023-08-14,Low
CUST01531,Onkar,Agate,1978-02-22,Male,Nagpur,Maharashtra,2022-08-13,Low
CUST01532,Rhea,Brahmbhatt,1958-05-14,Female,Vadodara,Gujarat,2019-12-16,Low
CUST01533,Samarth,Raju,1959-02-10,Female,Lucknow,Uttar Pradesh,2025-03-25,Medium
CUST01534,Mishti,Randhawa,2000-09-09,Female,Nagpur,Maharashtra,2021-03-18,Low
CUST01535,Ayesha,Subramanian,1994-08-14,Male,Kolkata,West Bengal,2023-05-01,Low
CUST01536,Taimur,Bansal,2003-10-22,Female,Kolkata,West Bengal,2021-05-09,Low
CUST01537,Eshani,Choudhary,1968-02-29,Female,Nashik,Maharashtra,2023-01-29,Low
CUST01538,Darshit,Srivastava,1990-01-09,Female,Lucknow,Uttar Pradesh,2020-01-03,Low
CUST01539,Zeeshan,Magar,1992-03-12,Female,Ahmedabad,Gujarat,2022-01-30,Low
CUST01540,Divij,Ghosh,1970-09-13,Male,Udaipur,Rajasthan,2020-06-18,Low
CUST01541,Nitara,Gandhi,1978-03-06,Female,Hyderabad,Telangana,2021-09-19,Medium
CUST01542,Ritvik,Chopra,2006-11-13,Female,Jaipur,Rajasthan,2023-11-28,Low
CUST01543,Eva,Khanna,1993-11-06,Female,Kolkata,West Bengal,2025-01-17,Low
CUST01544,Nehmat,Agrawal,1963-06-16,Male,Kolkata,West Bengal,2024-05-04,Low
CUST01545,Shray,Kapoor,1972-01-02,Male,Madurai,Tamil Nadu,2024-02-11,High
CUST01546,Mannat,Rastogi,1972-03-29,Female,Warangal,Telangana,2018-12-27,Low
CUST01547,Pihu,Wali,1977-06-27,Female,Lucknow,Uttar Pradesh,2021-11-22,Medium
CUST01548,Yashvi,Bhandari,1981-11-27,Male,Bengaluru,Karnataka,2020-10-31,Low
CUST01549,Hrishita,Sengupta,1974-11-23,Female,Ahmedabad,Gujarat,2018-11-10,Low
CUST01550,Ela,Tara,2008-01-30,Female,Kanpur,Uttar Pradesh,2021-11-02,Low
CUST01551,Drishya,Suri,1990-04-08,Female,Kozhikode,Kerala,2022-06-10,High
CUST01552,Aradhya,Bains,1975-10-27,Male,Jaipur,Rajasthan,2024-03-11,Low
CUST01553,Kartik,Dyal,1990-08-14,Male,Kolkata,West Bengal,2019-05-08,Medium
CUST01554,Divit,Chacko,2008-04-09,Male,Ahmedabad,Gujarat,2023-03-24,Medium
CUST01555,Hazel,Aggarwal,1998-04-24,Male,Vadodara,Gujarat,2019-03-17,Low
CUST01556,Lakshay,Sampath,1998-06-27,Female,New Delhi,Delhi,2025-03-25,Low
CUST01557,Lakshit,Venkatesh,2002-04-16,Female,Kanpur,Uttar Pradesh,2022-04-04,Low
CUST01558,Ehsaan,Chauhan,1992-03-29,Female,Chennai,Tamil Nadu,2024-08-17,Low
CUST01559,Seher,Soman,1985-04-07,Male,Nagpur,Maharashtra,2024-02-24,Medium
CUST01560,Devansh,Shenoy,2002-05-02,Male,Vadodara,Gujarat,2019-12-16,Medium
CUST01561,Anay,Karpe,2004-06-06,Male,Hubballi,Karnataka,2021-06-21,Low
CUST01562,Armaan,Bassi,1960-08-19,Male,Mysuru,Karnataka,2019-02-10,Low
CUST01563,Jayesh,Sundaram,1972-10-16,Female,Kolkata,West Bengal,2023-05-25,Medium
CUST01564,Devansh,Mani,1971-02-21,Female,Kozhikode,Kerala,2020-11-06,Low
CUST01565,Yuvraj ,Hari,1986-05-07,Female,Surat,Gujarat,2024-01-05,Medium
CUST01566,Yuvaan,Kalita,1977-03-07,Male,Chennai,Tamil Nadu,2018-10-17,Low
CUST01567,Vidur,Samra,1963-09-13,Male,Hyderabad,Telangana,2023-03-14,Low
CUST01568,Aarush,Rege,2004-08-30,Male,Hyderabad,Telangana,2023-11-29,Low
CUST01569,Chirag,Shukla,2006-05-30,Male,Kolkata,West Bengal,2023-08-19,Low
CUST01570,Azad,Sarma,1960-08-03,Male,Vadodara,Gujarat,2021-09-10,Low
CUST01571,Damini,Bera,1975-05-16,Male,Nagpur,Maharashtra,2025-05-05,Low
CUST01572,Piya,Dora,1996-12-04,Female,Coimbatore,Tamil Nadu,2019-05-21,Low
CUST01573,Raunak,Singhal,1985-06-07,Female,Bengaluru,Karnataka,2021-11-23,Medium
CUST01574,Vivaan,Tara,2000-08-11,Male,Madurai,Tamil Nadu,2018-11-29,Medium
CUST01575,Anika,Brar,1991-12-14,Female,Kolkata,West Bengal,2020-07-09,Low
CUST01576,Himmat,Shenoy,1982-04-04,Male,Kolkata,West Bengal,2025-06-05,Low
CUST01577,Yasmin,Vala,1992-10-14,Male,Kozhikode,Kerala,2021-02-27,Low
CUST01578,Myra,Bora,1975-12-07,Female,Mangaluru,Karnataka,2024-05-30,Low
CUST01579,Yashvi,Verma,2005-04-12,Male,Nashik,Maharashtra,2024-02-29,Low
CUST01580,Umang,Ahluwalia,1993-04-25,Female,Kolkata,West Bengal,2023-05-16,Low
CUST01581,Hridaan,Bhatia,1958-06-29,Male,Kolkata,West Bengal,2018-09-10,Low
CUST01582,Kaira,Raju,1982-06-19,Female,Udaipur,Rajasthan,2023-03-21,Low
CUST01583,Ira,Basak,1976-05-20,Male,Bengaluru,Karnataka,2020-06-08,Low
CUST01584,Siya,Shanker,2005-01-18,Female,Kanpur,Uttar Pradesh,2021-07-29,Low
CUST01585,Lakshit,Jhaveri,1999-08-09,Male,Kozhikode,Kerala,2023-01-04,High
CUST01586,Hridaan,Buch,1968-03-03,Female,Kolkata,West Bengal,2020-07-11,Low
CUST01587,Mannat,Tiwari,1972-11-05,Female,Noida,Uttar Pradesh,2020-04-20,Low
CUST01588,Farhan,Chana,2001-04-23,Female,Kolkata,West Bengal,2025-06-14,Low
CUST01589,Jiya,Varkey,1959-05-08,Male,Coimbatore,Tamil Nadu,2025-01-14,Low
CUST01590,Ira,Kashyap,1999-07-09,Male,Kolkata,West Bengal,2023-04-29,Medium
CUST01591,Devansh,Dhillon,2001-05-10,Female,Hyderabad,Telangana,2019-03-23,Low
CUST01592,Ojas,Bawa,1969-01-30,Female,Noida,Uttar Pradesh,2024-10-27,High
CUST01593,Kavya,Kohli,1978-03-01,Female,Coimbatore,Tamil Nadu,2021-09-08,Low
CUST01594,Gokul,Sampath,2000-04-02,Female,Vadodara,Gujarat,2020-08-23,Low
CUST01595,Divyansh,Dhar,1997-10-22,Female,Kolkata,West Bengal,2019-03-30,Medium
CUST01596,Kartik,Dutt,1988-09-17,Male,Kozhikode,Kerala,2022-06-26,Low
CUST01597,Shalv,Randhawa,2000-07-10,Male,Kolkata,West Bengal,2021-04-01,Low
CUST01598,Rania,Master,1966-01-07,Male,Hyderabad,Telangana,2023-06-18,Low
CUST01599,Jiya,Gopal,1977-03-05,Female,Nashik,Maharashtra,2022-04-17,Low
CUST01600,Jayan,Agate,1976-12-17,Female,Kochi,Kerala,2020-09-28,Medium
CUST01601,Vedika,Choudhry,2004-02-11,Male,Jaipur,Rajasthan,2024-12-10,Low
CUST01602,Nayantara,Kamdar,1974-06-23,Male,New Delhi,Delhi,2021-09-15,Low
CUST01603,Himmat,Sane,2005-07-12,Female,Chennai,Tamil Nadu,2021-06-21,Low
CUST01604,Anvi,Kashyap,1985-12-15,Male,Nagpur,Maharashtra,2021-09-13,Low
CUST01605,Urvi,Dua,1988-10-14,Female,Pune,Maharashtra,2023-05-05,Low
CUST01606,Emir,Chahal,1999-07-31,Male,Jaipur,Rajasthan,2023-10-23,Low
CUST01607,Dhanush,Trivedi,1974-09-29,Female,Thiruvananthapuram,Kerala,2019-11-03,Low
CUST01608,Heer,Chaudhari,1973-07-24,Female,Mangaluru,Karnataka,2024-11-21,Medium
CUST01609,Mishti,Barad,2005-02-24,Male,Jaipur,Rajasthan,2019-04-17,Low
CUST01610,Advik,Vala,1990-02-28,Male,Kolkata,West Bengal,2024-01-09,Low
CUST01611,Aniruddh,Talwar,1995-03-31,Male,Mumbai,Maharashtra,2023-07-29,Medium
CUST01612,Yuvaan,Sodhi,1995-10-20,Male,Jaipur,Rajasthan,2020-06-17,Low
CUST01613,Armaan,Majumdar,1973-05-20,Male,Pune,Maharashtra,2023-04-10,Low
CUST01614,Hrishita,Keer,2000-02-23,Female,Madurai,Tamil Nadu,2025-03-30,Low
CUST01615,Indrajit,Goswami,1982-05-11,Female,Kolkata,West Bengal,2020-07-19,Low
CUST01616,Trisha,Raja,2005-07-18,Male,Madurai,Tamil Nadu,2021-02-15,Low
CUST01617,Himmat,Kata,1989-10-01,Female,New Delhi,Delhi,2022-12-28,High
CUST01618,Divij,Issac,1980-05-29,Male,Warangal,Telangana,2022-12-03,Low
CUST01619,Aayush,Saini,1971-11-27,Female,Mysuru,Karnataka,2025-07-05,Low
CUST01620,Mannat,Sani,1966-12-08,Female,New Delhi,Delhi,2025-02-02,Medium
CUST01621,Drishya,Boase,1986-01-05,Male,Nagpur,Maharashtra,2020-01-02,Low
CUST01622,Jayesh,Mandal,1994-02-25,Female,Surat,Gujarat,2024-04-04,Low
CUST01623,Hunar,Shah,2005-06-18,Male,Madurai,Tamil Nadu,2022-10-06,Low
CUST01624,Taimur,Bahri,1970-07-16,Female,Hyderabad,Telangana,2025-02-15,High
CUST01625,Aradhya,D’Alia,1959-12-05,Female,Surat,Gujarat,2020-11-24,Low
CUST01626,Tushar,Dada,1958-07-25,Female,Udaipur,Rajasthan,2024-05-03,Low
CUST01627,Lagan,Lad,1980-03-25,Male,Kolkata,West Bengal,2021-12-13,Low
CUST01628,Anaya,Karan,1958-10-23,Male,Jaipur,Rajasthan,2018-12-27,Low
CUST01629,Nehmat,Edwin,1962-09-03,Male,New Delhi,Delhi,2024-08-20,Low
CUST01630,Elakshi,Ravel,1974-04-05,Female,Coimbatore,Tamil Nadu,2024-12-17,Low
CUST01631,Prerak,Mann,1992-09-09,Male,Ahmedabad,Gujarat,2023-07-02,Medium
CUST01632,Jayant,Guha,2000-02-18,Male,Lucknow,Uttar Pradesh,2021-11-14,Low
CUST01633,Tejas,Raj,2000-02-09,Female,Surat,Gujarat,2019-04-24,Low
CUST01634,Ela,Dass,1981-04-04,Female,New Delhi,Delhi,2020-07-18,Medium
CUST01635,Ela,Jain,1979-08-31,Male,Kozhikode,Kerala,2025-08-08,Medium
CUST01636,Shray,Kohli,1988-06-15,Male,Surat,Gujarat,2023-10-16,Low
CUST01637,Aarush,Krishna,1965-02-08,Male,Udaipur,Rajasthan,2022-05-23,Low
CUST01638,Ivan,Contractor,1960-11-23,Female,Ahmedabad,Gujarat,2023-01-10,Low
CUST01639,Nayantara,Dey,1970-01-16,Female,Mumbai,Maharashtra,2019-12-05,High
CUST01640,Kabir,Brar,1980-04-19,Female,Vadodara,Gujarat,2023-10-09,Medium
CUST01641,Saanvi,Taneja,1963-09-14,Male,Udaipur,Rajasthan,2024-04-09,Low
CUST01642,Manikya,Johal,1978-02-13,Male,Nagpur,Maharashtra,2024-10-10,Medium
CUST01643,Farhan,Khosla,2001-08-06,Female,Chennai,Tamil Nadu,2022-09-21,Low
CUST01644,Anvi,Cheema,1995-11-08,Male,Udaipur,Rajasthan,2020-01-08,Low
CUST01645,Neelofar,Thaman,1983-08-11,Male,Kozhikode,Kerala,2018-11-03,Low
CUST01646,Nirvaan,Bains,1964-05-08,Female,Jaipur,Rajasthan,2023-07-12,Medium
CUST01647,Kiara,Buch,1964-10-25,Male,New Delhi,Delhi,2024-01-02,Low
CUST01648,Drishya,Bahri,1994-08-04,Female,Mumbai,Maharashtra,2019-11-25,Medium
CUST01649,Bhavin,Chacko,1973-03-23,Male,Kolkata,West Bengal,2020-03-07,Medium
CUST01650,Ela,Jain,1996-06-08,Male,Kolkata,West Bengal,2023-06-12,Medium
CUST01651,Navya,Andra,2004-08-12,Male,Noida,Uttar Pradesh,2024-11-03,Low
CUST01652,Nitara,Tara,1974-12-09,Male,New Delhi,Delhi,2019-05-19,Low
CUST01653,Madhav,Kapur,1996-12-03,Female,Noida,Uttar Pradesh,2022-08-29,Low
CUST01654,Anya,Chada,1970-07-30,Male,Vadodara,Gujarat,2022-02-22,Low
CUST01655,Kismat,Bora,1995-04-19,Male,Nagpur,Maharashtra,2025-08-18,Low
CUST01656,Tiya,Chand,1998-01-22,Male,New Delhi,Delhi,2024-04-05,Medium
CUST01657,Diya,Deo,1967-01-23,Male,Madurai,Tamil Nadu,2024-10-22,Low
CUST01658,Piya,Garg,1986-07-05,Female,Ahmedabad,Gujarat,2023-09-22,Low
CUST01659,Kiara,Banerjee,1971-04-16,Male,Hubballi,Karnataka,2021-11-13,Low
CUST01660,Veer,Bhatti,1963-01-14,Male,Kolkata,West Bengal,2018-10-16,Low
CUST01661,Krish,Lal,1989-12-20,Female,Nagpur,Maharashtra,2024-06-21,Low
CUST01662,Aaina,Thaker,1965-10-29,Female,Noida,Uttar Pradesh,2023-10-20,Low
CUST01663,Divit,Chakrabarti,1988-01-12,Female,Kozhikode,Kerala,2023-11-17,Medium
CUST01664,Kismat,Bahl,1991-10-24,Female,Surat,Gujarat,2022-12-06,Low
CUST01665,Suhana,Bhargava,1961-12-28,Female,Ahmedabad,Gujarat,2022-10-02,High
CUST01666,Nirvi,Bhattacharyya,1996-09-18,Male,Jaipur,Rajasthan,2023-03-28,Medium
CUST01667,Aarav,Yadav,2008-05-18,Female,Kolkata,West Bengal,2024-06-03,Low
CUST01668,Nehmat,Kale,1991-03-05,Male,Warangal,Telangana,2022-03-25,Medium
CUST01669,Tushar,Vohra,1958-08-09,Female,Mysuru,Karnataka,2024-08-01,Low
CUST01670,Eva,Kala,1971-04-07,Female,Nashik,Maharashtra,2025-06-22,Medium
CUST01671,Anya,Subramanian,2007-12-16,Male,Nagpur,Maharashtra,2021-11-22,Low
CUST01672,Stuvan,Raja,2006-02-06,Female,Mysuru,Karnataka,2025-02-16,Medium
CUST01673,Rasha,Mani,1962-04-19,Male,New Delhi,Delhi,2022-04-08,Medium
CUST01674,Himmat,Datta,1988-02-13,Female,Thiruvananthapuram,Kerala,2025-03-01,Medium
CUST01675,Mehul,Varughese,1961-05-09,Female,Mysuru,Karnataka,2021-01-22,Medium
CUST01676,Kismat,Vora,1992-08-25,Male,Kanpur,Uttar Pradesh,2022-02-15,Low
CUST01677,Onkar,Chandra,1956-01-08,Male,Thiruvananthapuram,Kerala,2024-09-06,Low
CUST01678,Shanaya,Subramanian,1956-02-18,Male,Madurai,Tamil Nadu,2023-07-26,Low
CUST01679,Elakshi,Bhargava,1991-01-07,Female,Bengaluru,Karnataka,2018-09-17,Low
CUST01680,Uthkarsh,Sagar,1969-08-17,Female,Mumbai,Maharashtra,2024-07-01,Low
CUST01681,Zaina,Dugar,1983-06-21,Female,Kolkata,West Bengal,2021-09-24,Low
CUST01682,Emir,Brahmbhatt,1984-08-23,Female,New Delhi,Delhi,2024-03-11,High
CUST01683,Keya,Date,1973-06-06,Female,Lucknow,Uttar Pradesh,2023-03-18,Low
CUST01684,Aarna,Mandal,1980-07-13,Male,Udaipur,Rajasthan,2023-11-09,Medium
CUST01685,Raghav,Sangha,1982-09-11,Female,Kolkata,West Bengal,2025-01-26,Low
CUST01686,Lagan,Jhaveri,1993-03-21,Female,Nashik,Maharashtra,2025-04-26,Medium
CUST01687,Ivana,Khurana,1967-10-24,Female,Warangal,Telangana,2021-10-19,Medium
CUST01688,Jhanvi,Mall,1988-07-26,Female,Jaipur,Rajasthan,2020-10-22,Low
CUST01689,Ryan,Mani,1979-01-31,Female,Kozhikode,Kerala,2025-03-27,Low
CUST01690,Renee,Issac,2005-09-19,Male,Madurai,Tamil Nadu,2019-10-28,Medium
CUST01691,Nirvi,Bhargava,2006-07-16,Male,Noida,Uttar Pradesh,2020-08-08,Low
CUST01692,Alia,Srinivas,2003-03-28,Female,Jaipur,Rajasthan,2020-01-10,Low
CUST01693,Divyansh,Chhabra,1990-03-29,Male,Hyderabad,Telangana,2022-01-21,Low
CUST01694,Vedika,Gara,1993-02-11,Male,Kolkata,West Bengal,2023-11-15,Low
CUST01695,Rasha,Sani,2003-09-30,Male,Jaipur,Rajasthan,2019-02-03,Low
CUST01696,Ishaan,Hayer,1998-12-02,Male,Kochi,Kerala,2018-09-11,Low
CUST01697,Zaina,Bath,1965-07-16,Male,Kanpur,Uttar Pradesh,2022-08-30,Low
CUST01698,Kismat,Kalla,1961-08-24,Male,Udaipur,Rajasthan,2019-03-13,Low
CUST01699,Prerak,Choudhry,1980-11-19,Female,Lucknow,Uttar Pradesh,2019-05-01,High
CUST01700,Mahika,Bahl,2004-12-13,Female,Mangaluru,Karnataka,2021-12-02,Low
CUST01701,Yakshit,Rana,2000-04-20,Female,Coimbatore,Tamil Nadu,2023-01-30,High
CUST01702,Reyansh,Sawhney,1996-04-22,Male,Udaipur,Rajasthan,2019-02-20,Low
CUST01703,Urvi,Tank,1967-07-30,Female,Kochi,Kerala,2024-02-05,Low
CUST01704,Bhamini,Kanda,1956-05-18,Male,Pune,Maharashtra,2020-05-13,Low
CUST01705,Nirvi,Suri,1990-11-28,Female,Chennai,Tamil Nadu,2021-01-30,Low
CUST01706,Kartik,Badal,1996-06-12,Female,Pune,Maharashtra,2022-12-29,Low
CUST01707,Ela,Sarkar,1971-06-01,Female,Vadodara,Gujarat,2023-11-19,Low
CUST01708,Jayan,Sandal,1958-02-07,Male,Mangaluru,Karnataka,2021-09-16,Low
CUST01709,Nakul,Sagar,1955-09-02,Male,Bengaluru,Karnataka,2019-12-28,Low
CUST01710,Dhruv,Devi,1982-10-30,Female,Ahmedabad,Gujarat,2021-08-27,Low
CUST01711,Oorja,Hora,1983-03-29,Female,Coimbatore,Tamil Nadu,2023-08-20,Low
CUST01712,Krish,Lad,1956-09-10,Female,Thiruvananthapuram,Kerala,2024-12-01,Low
CUST01713,Renee,Banerjee,1961-10-14,Male,Mysuru,Karnataka,2023-04-29,Medium
CUST01714,Raunak,Seshadri,1993-09-11,Male,Noida,Uttar Pradesh,2023-08-11,Low
CUST01715,Stuvan,Ghose,1974-06-19,Male,Kolkata,West Bengal,2020-07-29,Low
CUST01716,Mahika,Chatterjee,1986-08-06,Male,Kochi,Kerala,2022-02-01,High
CUST01717,Kashvi,Agate,1973-06-01,Female,Kolkata,West Bengal,2020-02-20,Low
CUST01718,Yuvraj ,Kulkarni,1962-11-23,Male,Kolkata,West Bengal,2023-05-27,Low
CUST01719,Devansh,Krishnamurthy,1975-09-03,Female,Hyderabad,Telangana,2021-07-17,High
CUST01720,Farhan,Suri,1990-07-30,Female,Jaipur,Rajasthan,2020-11-03,Low
CUST01721,Heer,Talwar,1994-10-09,Male,Jaipur,Rajasthan,2020-10-11,Low
CUST01722,Rania,Kant,1981-04-23,Female,Kanpur,Uttar Pradesh,2023-06-10,Low
CUST01723,Anya,Solanki,1972-03-15,Female,Pune,Maharashtra,2025-02-03,Low
CUST01724,Shayak,Soni,1986-11-15,Male,New Delhi,Delhi,2024-06-12,Low
CUST01725,Amira,Yadav,1995-08-01,Male,Udaipur,Rajasthan,2018-11-18,Low
CUST01726,Anya,Bhardwaj,1973-03-12,Female,Bengaluru,Karnataka,2019-03-23,Low
CUST01727,Vaibhav,Ravel,1970-08-24,Female,Kanpur,Uttar Pradesh,2024-05-29,Low
CUST01728,Rati,Contractor,1977-02-18,Male,Bengaluru,Karnataka,2022-02-27,High
CUST01729,Sumer,Kuruvilla,1992-02-06,Female,Kozhikode,Kerala,2018-09-25,Medium
CUST01730,Rati,Thaman,1973-07-27,Female,Surat,Gujarat,2020-10-05,Low
CUST01731,Reyansh,Batra,1982-10-18,Male,Noida,Uttar Pradesh,2024-05-19,Low
CUST01732,Siya,Tara,1978-12-03,Female,Mysuru,Karnataka,2019-04-19,Low
CUST01733,Ishita,Chakraborty,1988-01-29,Male,Kochi,Kerala,2021-04-27,Low
CUST01734,Sumer,Chopra,1994-09-09,Female,Pune,Maharashtra,2020-12-08,Low
CUST01735,Jivin,Shenoy,2002-02-18,Female,Ahmedabad,Gujarat,2020-04-07,Low
CUST01736,Charvi,Shan,1969-03-27,Female,New Delhi,Delhi,2020-08-24,Medium
CUST01737,Sara,Dara,1973-09-16,Female,Kochi,Kerala,2020-05-29,Low
CUST01738,Manikya,Chaudhuri,1972-08-22,Female,New Delhi,Delhi,2023-11-29,Low
CUST01739,Taimur,Brahmbhatt,1962-11-28,Female,Kanpur,Uttar Pradesh,2019-09-02,Low
CUST01740,Dhanush,Sandhu,2000-10-17,Male,Madurai,Tamil Nadu,2022-11-03,Low
CUST01741,Mannat,Aggarwal,2007-08-28,Male,Kanpur,Uttar Pradesh,2023-04-04,Medium
CUST01742,Arnav,Vala,1988-06-20,Male,Mysuru,Karnataka,2021-10-22,Medium
CUST01743,Miraya,Dugar,1989-02-25,Female,Udaipur,Rajasthan,2023-07-15,Medium
CUST01744,Raghav,Korpal,1968-02-04,Female,Jaipur,Rajasthan,2025-02-24,Low
CUST01745,Diya,Dey,1982-09-22,Male,Jaipur,Rajasthan,2020-07-16,Low
CUST01746,Suhana,Mani,1964-05-17,Female,Nagpur,Maharashtra,2019-02-10,Low
CUST01747,Eshani,Sura,1984-06-12,Female,Kanpur,Uttar Pradesh,2022-09-20,Low
CUST01748,Hrishita,Babu,1989-11-04,Female,Madurai,Tamil Nadu,2021-08-08,Low
CUST01749,Vihaan,Vasa,2002-05-10,Male,Nashik,Maharashtra,2025-04-01,Medium
CUST01750,Jayant,Karnik,1963-11-03,Female,Warangal,Telangana,2024-08-03,Low
CUST01751,Ela,Karpe,1977-02-16,Male,Hyderabad,Telangana,2024-07-06,Low
CUST01752,Aayush,Ahuja,2001-07-09,Female,New Delhi,Delhi,2020-06-10,Low
CUST01753,Vaibhav,Mannan,1962-07-04,Male,Noida,Uttar Pradesh,2021-06-02,Low
CUST01754,Taran,Ramesh,1973-04-27,Female,Hyderabad,Telangana,2020-03-29,Low
CUST01755,Ira,Deep,1971-10-15,Female,New Delhi,Delhi,2020-12-10,High
CUST01756,Anaya,Ramesh,1978-12-30,Female,Kolkata,West Bengal,2021-10-05,Medium
CUST01757,Kabir,Krish,1984-07-01,Male,Warangal,Telangana,2020-06-10,High
CUST01758,Aaina,Sarma,2006-11-01,Male,Kozhikode,Kerala,2021-10-25,Low
CUST01759,Tejas,Varma,1982-11-28,Female,Madurai,Tamil Nadu,2021-01-10,Low
CUST01760,Alisha,Chana,1994-07-14,Male,Noida,Uttar Pradesh,2019-10-07,Low
CUST01761,Kashvi,Sankar,1971-03-16,Male,Pune,Maharashtra,2025-07-29,Low
CUST01762,Divyansh,Sen,1974-01-07,Male,Coimbatore,Tamil Nadu,2025-06-28,Medium
CUST01763,Miraan,Mall,1985-01-22,Male,Udaipur,Rajasthan,2021-11-21,Low
CUST01764,Kiaan,Bora,2005-11-27,Male,Mangaluru,Karnataka,2019-12-03,Low
CUST01765,Anika,Swaminathan,1956-04-24,Female,Hubballi,Karnataka,2020-02-25,Low
CUST01766,Aaina,Krish,1964-10-19,Male,New Delhi,Delhi,2024-01-06,Low
CUST01767,Ela,Loke,2004-09-06,Female,Kochi,Kerala,2021-05-02,Medium
CUST01768,Vedika,Kohli,1976-01-25,Female,Kolkata,West Bengal,2020-10-13,Low
CUST01769,Jhanvi,Varughese,1994-04-16,Male,Hyderabad,Telangana,2019-01-21,Low
CUST01770,Vivaan,Bawa,2002-08-22,Female,Vadodara,Gujarat,2020-01-15,Low
CUST01771,Biju,Chokshi,1972-12-14,Female,New Delhi,Delhi,2022-09-14,Low
CUST01772,Mohanlal,Bava,1986-04-06,Female,Warangal,Telangana,2024-12-25,Medium
CUST01773,Shamik,De,1980-03-18,Male,Lucknow,Uttar Pradesh,2021-09-18,Medium
CUST01774,Jhanvi,Mallick,1973-03-09,Male,Ahmedabad,Gujarat,2021-07-30,High
CUST01775,Akarsh,Jha,1963-11-25,Male,Hyderabad,Telangana,2021-08-20,Medium
CUST01776,Parinaaz,Raman,1969-03-10,Female,Kochi,Kerala,2023-07-23,Low
CUST01777,Kashvi,Sachar,1999-10-28,Male,Hubballi,Karnataka,2023-03-25,Low
CUST01778,Jayant,Sridhar,1975-01-06,Female,Mangaluru,Karnataka,2021-09-02,Low
CUST01779,Shaan,Samra,1990-05-21,Female,Hyderabad,Telangana,2022-10-18,Low
CUST01780,Urvi,Shan,1986-01-23,Female,Warangal,Telangana,2019-04-26,Medium
CUST01781,Vaibhav,Rana,1975-02-23,Male,New Delhi,Delhi,2022-08-05,Low
CUST01782,Mohanlal,Bora,1967-01-20,Male,Noida,Uttar Pradesh,2024-02-06,Medium
CUST01783,Zara,Ganguly,1984-05-09,Female,Nashik,Maharashtra,2024-01-08,Low
CUST01784,Manjari,Mangal,1983-03-12,Male,Mumbai,Maharashtra,2019-04-04,Low
CUST01785,Dhanush,Buch,1979-01-12,Male,Surat,Gujarat,2020-08-04,Low
CUST01786,Saksham,Dutt,2000-02-01,Male,Chennai,Tamil Nadu,2021-02-16,Medium
CUST01787,Rhea,Deol,1996-11-04,Female,Mangaluru,Karnataka,2024-02-18,Low
CUST01788,Vivaan,Deshmukh,1985-12-04,Female,Mumbai,Maharashtra,2025-04-17,Low
CUST01789,Taran,Shenoy,1995-08-03,Male,Jaipur,Rajasthan,2023-01-30,Low
CUST01790,Alisha,Jhaveri,1967-01-13,Female,Surat,Gujarat,2020-03-19,Low
CUST01791,Akarsh,Bhatnagar,2005-03-04,Male,Kanpur,Uttar Pradesh,2020-08-23,Low
CUST01792,Nitara,Dass,2006-04-09,Male,Noida,Uttar Pradesh,2024-08-10,Medium
CUST01793,Siya,Baral,1969-12-23,Male,Kolkata,West Bengal,2020-01-26,Low
CUST01794,Vivaan,Behl,1962-02-25,Female,Vadodara,Gujarat,2019-03-12,Low
CUST01795,Anika,Mahal,1959-04-24,Male,New Delhi,Delhi,2018-11-15,Low
CUST01796,Trisha,Issac,1991-04-22,Female,Udaipur,Rajasthan,2025-02-26,Low
CUST01797,Dharmajan,Ben,1973-07-05,Male,Mumbai,Maharashtra,2023-11-28,Medium
CUST01798,Indrans,Basak,2000-03-17,Male,Noida,Uttar Pradesh,2021-12-19,Low
CUST01799,Sahil,Contractor,1972-06-26,Male,Lucknow,Uttar Pradesh,2024-12-03,Low
CUST01800,Raunak,Kant,1998-04-13,Male,Udaipur,Rajasthan,2019-09-22,Low
CUST01801,Hansh,Lall,1967-04-05,Female,Surat,Gujarat,2018-11-22,High
CUST01802,Arhaan,Saini,1979-12-07,Female,Chennai,Tamil Nadu,2021-06-01,Medium
CUST01803,Anika,Kaur,1992-06-08,Male,Bengaluru,Karnataka,2020-12-19,Low
CUST01804,Ira,Kapadia,1964-11-04,Male,Kozhikode,Kerala,2024-08-01,Low
CUST01805,Hrishita,Chakrabarti,1995-11-09,Female,Udaipur,Rajasthan,2023-09-25,Low
CUST01806,Amani,Raval,2006-08-12,Female,Noida,Uttar Pradesh,2024-01-22,Medium
CUST01807,Jivika,Kalla,1991-04-09,Male,Coimbatore,Tamil Nadu,2024-02-03,Low
CUST01808,Navya,Loke,1976-09-20,Female,Kanpur,Uttar Pradesh,2021-08-08,Low
CUST01809,Anya,Madan,1971-02-08,Female,New Delhi,Delhi,2025-06-30,Low
CUST01810,Dhruv,Kant,1976-08-07,Male,Mysuru,Karnataka,2021-10-05,Low
CUST01811,Zain,De,1966-03-31,Male,Surat,Gujarat,2021-03-26,Low
CUST01812,Aayush,Acharya,1991-04-06,Male,Hyderabad,Telangana,2025-08-02,Medium
CUST01813,Tara,Vala,1964-12-03,Male,New Delhi,Delhi,2021-07-29,Low
CUST01814,Reyansh,Keer,1992-01-23,Female,Kolkata,West Bengal,2018-09-20,Low
CUST01815,Prisha,Korpal,2007-01-22,Female,Kanpur,Uttar Pradesh,2022-09-16,Low
CUST01816,Rohan,Agrawal,2007-10-07,Female,New Delhi,Delhi,2022-04-24,High
CUST01817,Yasmin,Dhingra,1996-04-10,Male,Kolkata,West Bengal,2020-08-13,Low
CUST01818,Yashvi,Aggarwal,1992-12-14,Female,Hyderabad,Telangana,2021-10-29,Medium
CUST01819,Kanav,Jha,1993-10-17,Male,Warangal,Telangana,2022-05-15,Low
CUST01820,Vivaan,Dash,1966-10-05,Male,Warangal,Telangana,2024-09-24,Low
CUST01821,Sara,Roy,1982-03-03,Female,Ahmedabad,Gujarat,2021-11-13,Low
CUST01822,Madhup,Deep,1961-01-14,Female,Chennai,Tamil Nadu,2022-03-29,Low
CUST01823,Mishti,Dar,1990-10-21,Female,Bengaluru,Karnataka,2025-02-25,Low
CUST01824,Yasmin,Ramesh,2002-11-14,Female,Bengaluru,Karnataka,2024-06-22,Medium
CUST01825,Purab,Dhar,1999-10-11,Male,Thiruvananthapuram,Kerala,2024-12-20,Low
CUST01826,Hazel,Tailor,1973-12-10,Male,Kanpur,Uttar Pradesh,2022-02-28,Low
CUST01827,Kanav,Varkey,1960-04-22,Male,Mysuru,Karnataka,2020-03-14,Low
CUST01828,Himmat,Dhillon,1963-02-27,Male,Kochi,Kerala,2024-01-25,High
CUST01829,Amani,Ranganathan,1986-06-17,Male,Kozhikode,Kerala,2020-12-18,Medium
CUST01830,Rati,Rastogi,1989-02-16,Male,New Delhi,Delhi,2020-03-31,Low
CUST01831,Samarth,Andra,1966-01-01,Male,Hyderabad,Telangana,2019-01-27,High
CUST01832,Hazel,Apte,1968-04-20,Male,Kochi,Kerala,2019-07-09,Low
CUST01833,Raunak,Desai,1964-02-27,Male,Coimbatore,Tamil Nadu,2024-09-25,Low
CUST01834,Advika,Seth,1956-03-16,Male,New Delhi,Delhi,2020-08-18,Medium
CUST01835,Divij,Borra,1956-08-25,Female,Kolkata,West Bengal,2022-11-06,Medium
CUST01836,Madhav,Garg,1984-03-31,Female,New Delhi,Delhi,2021-04-20,Low
CUST01837,Vedika,Sura,1989-07-25,Female,Mumbai,Maharashtra,2021-10-22,Low
CUST01838,Anahi,Sarin,1957-10-22,Male,Chennai,Tamil Nadu,2021-06-17,Low
CUST01839,Dhanush,Upadhyay,2006-09-22,Male,Udaipur,Rajasthan,2019-11-22,Medium
CUST01840,Bhavin,Deol,2008-06-06,Female,New Delhi,Delhi,2021-12-27,Low
CUST01841,Devansh,Magar,1987-08-23,Male,Mysuru,Karnataka,2020-03-12,Low
CUST01842,Kartik,Wason,1972-08-31,Female,Coimbatore,Tamil Nadu,2025-08-08,Low
CUST01843,Vaibhav,Thakkar,1956-07-04,Male,Mangaluru,Karnataka,2019-09-08,Low
CUST01844,Tiya,Saxena,1972-08-03,Male,Udaipur,Rajasthan,2021-12-03,Low
CUST01845,Trisha,Kant,1972-06-20,Male,Nashik,Maharashtra,2024-12-03,Medium
CUST01846,Arhaan,Chaudhary,1987-01-04,Male,Madurai,Tamil Nadu,2024-11-26,Low
CUST01847,Trisha,Batta,1991-02-10,Female,Udaipur,Rajasthan,2024-04-25,Low
CUST01848,Lakshay,Khalsa,1982-02-16,Female,Udaipur,Rajasthan,2024-06-12,Low
CUST01849,Sahil,Edwin,1966-06-11,Male,New Delhi,Delhi,2024-01-01,Medium
CUST01850,Samiha,Bail,2006-04-30,Female,Kolkata,West Bengal,2023-04-29,Low
CUST01851,Elakshi,Bhat,1972-11-20,Female,Kanpur,Uttar Pradesh,2022-09-29,Low
CUST01852,Navya,Dixit,1969-03-04,Male,Hyderabad,Telangana,2021-09-18,Medium
CUST01853,Baiju,Venkatesh,2001-01-06,Male,Kolkata,West Bengal,2020-07-02,Medium
CUST01854,Faiyaz,Dalal,1998-09-20,Female,Warangal,Telangana,2022-05-05,Medium
CUST01855,Shaan,Amble,1967-01-14,Female,Vadodara,Gujarat,2025-05-29,Medium
CUST01856,Raghav,Master,1963-10-16,Male,New Delhi,Delhi,2022-01-06,Low
CUST01857,Vritika,Dara,1956-04-03,Male,Chennai,Tamil Nadu,2019-01-03,Medium
CUST01858,Kavya,Srinivasan,2002-08-27,Female,Kolkata,West Bengal,2022-09-10,Low
CUST01859,Prisha,Raju,1966-03-13,Male,Lucknow,Uttar Pradesh,2021-10-22,Medium
CUST01860,Trisha,Basu,1972-07-29,Female,Udaipur,Rajasthan,2019-12-28,Medium
CUST01861,Charvi,Bath,2002-04-30,Female,Kolkata,West Bengal,2023-11-30,Medium
CUST01862,Shayak,Sibal,1998-03-10,Female,Surat,Gujarat,2019-02-28,Low
CUST01863,Biju,Gokhale,1999-07-06,Female,New Delhi,Delhi,2019-12-17,Low
CUST01864,Rati,Loyal,1962-12-16,Female,Mysuru,Karnataka,2019-09-20,Low
CUST01865,Aradhya,Dada,1977-03-15,Female,Warangal,Telangana,2023-05-26,High
CUST01866,Vedika,Roy,2007-02-21,Male,New Delhi,Delhi,2021-08-09,Medium
CUST01867,Zara,Walla,1985-07-03,Female,Jaipur,Rajasthan,2024-11-19,Low
CUST01868,Kartik,Anne,2002-07-21,Female,Hyderabad,Telangana,2021-11-11,Low
CUST01869,Taimur,Sengupta,1964-10-25,Male,Nagpur,Maharashtra,2020-10-12,Low
CUST01870,Arnav,Kibe,2003-09-26,Male,Jaipur,Rajasthan,2022-05-16,Medium
CUST01871,Jhanvi,Din,1992-07-31,Female,Warangal,Telangana,2024-07-30,Medium
CUST01872,Ayesha,Chandran,1994-03-19,Female,Kozhikode,Kerala,2020-03-27,Low
CUST01873,Inaaya ,Ghosh,1977-09-04,Female,Hyderabad,Telangana,2024-11-17,Low
CUST01874,Anahita,Devan,1996-05-22,Female,Mangaluru,Karnataka,2023-05-14,Medium
CUST01875,Ishaan,Banerjee,1991-10-17,Female,New Delhi,Delhi,2019-12-20,Medium
CUST01876,Alisha,Divan,1973-07-27,Female,Noida,Uttar Pradesh,2023-04-04,Low
CUST01877,Tejas,Karan,1955-09-12,Male,Kolkata,West Bengal,2025-04-01,Low
CUST01878,Navya,Kulkarni,1981-06-11,Female,Hyderabad,Telangana,2024-11-21,Low
CUST01879,Kabir,Wagle,1956-12-03,Male,Kolkata,West Bengal,2023-12-03,Low
CUST01880,Tejas,Soni,1997-11-08,Female,Kolkata,West Bengal,2020-09-05,Low
CUST01881,Samarth,Sen,1959-12-17,Male,New Delhi,Delhi,2024-04-01,Low
CUST01882,Heer,Tank,1982-01-07,Female,Ahmedabad,Gujarat,2020-04-06,Medium
CUST01883,Eshani,Sanghvi,1989-07-04,Female,Kolkata,West Bengal,2025-03-01,Low
CUST01884,Ishita,Bose,1997-05-14,Female,Madurai,Tamil Nadu,2021-01-21,Medium
CUST01885,Samarth,Jayaraman,1999-04-06,Male,Kozhikode,Kerala,2021-05-22,Low
CUST01886,Faiyaz,Bava,1991-04-03,Male,Kolkata,West Bengal,2024-04-03,Low
CUST01887,Darshit,Bains,1964-06-24,Female,Warangal,Telangana,2020-03-03,Low
CUST01888,Arhaan,Chaudhuri,1962-12-07,Female,Vadodara,Gujarat,2022-10-11,Low
CUST01889,Kartik,Bawa,1957-10-24,Female,New Delhi,Delhi,2023-07-05,Medium
CUST01890,Nayantara,Toor,1982-02-03,Male,Chennai,Tamil Nadu,2024-03-31,High
CUST01891,Ayesha,Lall,1998-02-09,Female,Noida,Uttar Pradesh,2024-08-12,Low
CUST01892,Kiara,Dave,1958-12-28,Female,Ahmedabad,Gujarat,2021-10-07,Low
CUST01893,Madhup,Raman,2004-07-01,Female,Nashik,Maharashtra,2019-04-03,Medium
CUST01894,Abram,Chawla,2000-04-09,Male,Kolkata,West Bengal,2022-10-30,Low
CUST01895,Dhanush,Kaur,1999-02-16,Female,Kanpur,Uttar Pradesh,2019-03-02,Low
CUST01896,Taran,Mallick,2006-03-30,Female,Pune,Maharashtra,2022-03-10,Medium
CUST01897,Tushar,Sundaram,2003-11-10,Male,Jaipur,Rajasthan,2019-02-23,Low
CUST01898,Mannat,Deol,1991-08-25,Male,Kanpur,Uttar Pradesh,2018-12-30,Low
CUST01899,Sana,Banik,1976-04-30,Male,Chennai,Tamil Nadu,2019-04-25,Low
CUST01900,Madhav,Lad,1962-04-04,Male,Surat,Gujarat,2019-07-06,Medium
CUST01901,Samaira,D’Alia,1991-10-30,Male,Warangal,Telangana,2021-12-05,Low
CUST01902,Kanav,Char,1991-06-16,Male,Kolkata,West Bengal,2024-03-27,Low
CUST01903,Nishith,Mane,1998-03-15,Female,Jaipur,Rajasthan,2020-03-03,Medium
CUST01904,Ivana,Shere,1993-08-18,Male,New Delhi,Delhi,2022-03-07,Low
CUST01905,Siya,Bera,2007-10-18,Female,Chennai,Tamil Nadu,2024-01-31,Medium
CUST01906,Kashvi,Gola,2001-07-19,Male,Udaipur,Rajasthan,2022-07-21,Low
CUST01907,Rati,Salvi,1984-09-17,Female,Nashik,Maharashtra,2019-07-15,High
CUST01908,Ivan,Sule,1967-12-04,Male,Chennai,Tamil Nadu,2023-04-30,Low
CUST01909,Yakshit,Krishnan,1978-08-13,Female,Vadodara,Gujarat,2024-03-29,Low
CUST01910,Indranil,Loke,1996-06-21,Female,Madurai,Tamil Nadu,2022-06-02,Low
CUST01911,Sumer,Zacharia,1977-02-04,Female,Lucknow,Uttar Pradesh,2023-05-01,Low
CUST01912,Shaan,Uppal,1980-12-11,Female,Kochi,Kerala,2022-02-27,Medium
CUST01913,Tarini,Ravel,1984-12-13,Male,Coimbatore,Tamil Nadu,2024-10-28,High
CUST01914,Samarth,Ramanathan,1972-01-12,Male,Vadodara,Gujarat,2023-06-10,Low
CUST01915,Inaaya ,Chhabra,1981-03-04,Male,Udaipur,Rajasthan,2025-02-28,Low
CUST01916,Ira,Sharma,1972-12-09,Female,Kolkata,West Bengal,2021-09-17,Medium
CUST01917,Alisha,Kapur,1982-09-02,Male,Nagpur,Maharashtra,2018-08-26,Medium
CUST01918,Samaira,Badal,1975-01-03,Female,New Delhi,Delhi,2023-09-19,Low
CUST01919,Advik,Lad,1964-11-03,Female,Lucknow,Uttar Pradesh,2021-03-20,Low
CUST01920,Aarush,Doctor,1970-10-01,Female,Hyderabad,Telangana,2020-06-23,Low
CUST01921,Saksham,Apte,2008-02-25,Female,Kolkata,West Bengal,2025-08-22,Low
CUST01922,Prisha,Tata,1974-06-05,Male,Lucknow,Uttar Pradesh,2023-05-12,Low
CUST01923,Diya,Mall,1994-06-26,Female,Mysuru,Karnataka,2023-07-06,Low
CUST01924,Indrans,Batta,1958-03-20,Male,Kozhikode,Kerala,2022-07-26,Low
CUST01925,Taimur,Brahmbhatt,1965-01-25,Female,Pune,Maharashtra,2020-11-26,Medium
CUST01926,Tejas,Walia,1995-04-07,Female,Vadodara,Gujarat,2020-10-10,Low
CUST01927,Mehul,Dave,1976-02-01,Male,New Delhi,Delhi,2019-06-07,Low
CUST01928,Kaira,Iyengar,1994-05-17,Male,Udaipur,Rajasthan,2020-07-01,Low
CUST01929,Sana,Barad,2004-11-20,Female,Kolkata,West Bengal,2021-05-30,Low
CUST01930,Vritika,Khurana,1967-06-01,Female,Hyderabad,Telangana,2022-10-21,Low
CUST01931,Prisha,Sarna,1994-11-11,Female,Bengaluru,Karnataka,2025-08-15,Low
CUST01932,Divit,Rajan,1999-05-10,Female,Surat,Gujarat,2021-03-16,Low
CUST01933,Armaan,Setty,1994-11-12,Female,Warangal,Telangana,2021-11-23,Low
CUST01934,Dhanush,Sridhar,1959-06-15,Male,Mangaluru,Karnataka,2025-03-17,Low
CUST01935,Shamik,Ghosh,1985-03-15,Male,Coimbatore,Tamil Nadu,2022-03-12,Low
CUST01936,Fateh,Virk,2008-01-28,Female,Kolkata,West Bengal,2020-07-30,Medium
CUST01937,Siya,Sachdeva,1996-08-20,Male,Pune,Maharashtra,2018-09-30,Low
CUST01938,Myra,Sood,1998-09-02,Female,Coimbatore,Tamil Nadu,2021-11-26,Medium
CUST01939,Baiju,Dua,1991-05-02,Female,Chennai,Tamil Nadu,2018-12-31,Low
CUST01940,Samar,Madan,1994-02-02,Male,Lucknow,Uttar Pradesh,2019-12-03,Low
CUST01941,Shaan,Krishnamurthy,2003-02-18,Male,Kochi,Kerala,2020-07-11,Low
CUST01942,Indrans,Bakshi,2001-06-28,Female,Chennai,Tamil Nadu,2024-11-14,Low
CUST01943,Vihaan,Kapoor,2006-11-17,Male,Kochi,Kerala,2023-09-18,Medium
CUST01944,Kashvi,Krishnan,1961-10-12,Female,New Delhi,Delhi,2020-07-15,Medium
CUST01945,Adah,Dhillon,1982-06-25,Male,Mysuru,Karnataka,2019-11-28,Medium
CUST01946,Hansh,Ganguly,1961-04-07,Female,Bengaluru,Karnataka,2022-09-12,Low
CUST01947,Kaira,Sharma,1959-01-02,Female,Thiruvananthapuram,Kerala,2023-04-25,Low
CUST01948,Yakshit,Deep,1961-06-09,Male,Lucknow,Uttar Pradesh,2022-01-15,Low
CUST01949,Damini,Kalla,2008-04-22,Male,Ahmedabad,Gujarat,2024-08-02,Low
CUST01950,Hansh,Singh,1964-10-29,Male,New Delhi,Delhi,2022-09-28,Low
CUST01951,Jhanvi,Chaudhary,1988-11-05,Male,Mumbai,Maharashtra,2022-01-05,Low
CUST01952,Nehmat,Mangal,1968-12-29,Female,Bengaluru,Karnataka,2023-06-04,Low
CUST01953,Mannat,Shah,1991-04-29,Female,Hyderabad,Telangana,2020-09-29,Low
CUST01954,Nirvaan,Banik,1973-10-07,Male,Pune,Maharashtra,2025-04-04,Medium
CUST01955,Adah,Edwin,2002-03-31,Male,Hubballi,Karnataka,2023-07-20,High
CUST01956,Dhruv,Bhalla,2001-05-12,Male,New Delhi,Delhi,2022-03-02,Medium
CUST01957,Aarna,Goswami,1979-05-09,Male,Lucknow,Uttar Pradesh,2020-04-08,Low
CUST01958,Samarth,Gera,1996-01-23,Female,Ahmedabad,Gujarat,2024-03-23,Low
CUST01959,Anay,Solanki,1976-05-23,Male,Hyderabad,Telangana,2020-02-02,Low
CUST01960,Stuvan,Randhawa,1985-09-28,Female,New Delhi,Delhi,2023-12-14,Medium
CUST01961,Hunar,Kannan,1958-09-14,Male,Vadodara,Gujarat,2025-08-10,Low
CUST01962,Mehul,Chaudhry,2002-04-15,Female,Hubballi,Karnataka,2021-10-30,Low
CUST01963,Indrans,Shukla,2005-03-22,Male,Kolkata,West Bengal,2019-05-19,Medium
CUST01964,Faiyaz,Shankar,1959-05-12,Male,Kozhikode,Kerala,2020-09-19,Low
CUST01965,Miraya,Borah,1975-03-24,Female,Bengaluru,Karnataka,2018-10-07,Low
CUST01966,Shlok,Saran,1963-03-22,Male,Surat,Gujarat,2021-03-30,Low
CUST01967,Alisha,Keer,1957-03-13,Female,Pune,Maharashtra,2021-06-22,Low
CUST01968,Lakshay,Shankar,1992-04-05,Female,Nagpur,Maharashtra,2020-06-14,Low
CUST01969,Lagan,Mahajan,1991-04-04,Female,Coimbatore,Tamil Nadu,2025-01-12,Low
CUST01970,Pranay,Mahal,1988-07-08,Male,New Delhi,Delhi,2023-12-13,Low
CUST01971,Samiha,Bobal,2002-12-13,Male,New Delhi,Delhi,2024-08-04,Low
CUST01972,Oorja,Andra,1981-04-11,Female,Vadodara,Gujarat,2023-08-11,Medium
CUST01973,Nitara,Lall,1958-08-10,Male,Jaipur,Rajasthan,2020-10-27,Low
CUST01974,Jayan,Balan,1974-12-23,Male,Bengaluru,Karnataka,2020-05-10,Low
CUST01975,Vritika,Sarin,1997-09-13,Female,Warangal,Telangana,2020-12-15,Low
CUST01976,Baiju,Kaul,2000-03-16,Male,Lucknow,Uttar Pradesh,2018-09-20,Medium
CUST01977,Darshit,Hari,2000-08-02,Male,Coimbatore,Tamil Nadu,2020-12-15,Low
CUST01978,Nitara,Varkey,2000-07-26,Female,Kochi,Kerala,2021-09-18,Low
CUST01979,Emir,Andra,1975-07-22,Male,Ahmedabad,Gujarat,2024-03-04,Medium
CUST01980,Veer,D’Alia,1981-07-22,Male,Warangal,Telangana,2022-12-22,Medium
CUST01981,Rhea,Bawa,1977-02-11,Female,Coimbatore,Tamil Nadu,2022-10-09,Low
CUST01982,Kimaya,Lata,1961-08-21,Female,Hubballi,Karnataka,2020-03-27,Medium
CUST01983,Kiaan,Krishna,1986-10-25,Female,Mysuru,Karnataka,2023-06-02,Low
CUST01984,Riya,Apte,1958-05-10,Female,New Delhi,Delhi,2020-10-02,Low
CUST01985,Eva,Dua,1978-05-07,Male,Jaipur,Rajasthan,2022-10-26,Low
CUST01986,Vihaan,Sharma,1966-05-02,Male,Warangal,Telangana,2018-10-22,Low
CUST01987,Shray,Sani,1979-08-06,Female,Coimbatore,Tamil Nadu,2021-09-03,Medium
CUST01988,Mishti,Dora,1971-09-21,Male,Nashik,Maharashtra,2022-11-30,Low
CUST01989,Raghav,Tak,1959-11-14,Male,Hyderabad,Telangana,2023-12-22,Low
CUST01990,Onkar,Vyas,1981-12-30,Male,Hyderabad,Telangana,2025-07-31,Medium
CUST01991,Aniruddh,Mall,1974-09-19,Male,Madurai,Tamil Nadu,2020-07-26,Medium
CUST01992,Indrajit,Garde,1982-05-20,Male,Hyderabad,Telangana,2024-03-28,Low
CUST01993,Hiran,Bassi,2005-04-26,Female,Kolkata,West Bengal,2021-11-25,Low
CUST01994,Elakshi,Sane,1997-04-29,Male,Hyderabad,Telangana,2023-12-21,Low
CUST01995,Piya,Comar,1984-01-18,Female,Madurai,Tamil Nadu,2020-09-10,Medium
CUST01996,Kaira,Bose,1984-09-01,Male,Thiruvananthapuram,Kerala,2021-04-22,Low
CUST01997,Lavanya,Gala,1986-03-20,Female,Warangal,Telangana,2023-04-06,High
CUST01998,Hansh,Chauhan,2000-01-19,Female,Nagpur,Maharashtra,2019-10-30,Low
CUST01999,Kavya,Madan,2002-03-14,Female,Ahmedabad,Gujarat,2025-06-15,Low
CUST02000,Krish,Venkataraman,1965-01-17,Female,Kolkata,West Bengal,2021-04-12,Low
CUST02001,Prisha,Sastry,1991-04-18,Female,Coimbatore,Tamil Nadu,2019-10-20,Low
CUST02002,Adah,Solanki,1965-07-11,Male,Surat,Gujarat,2024-03-25,Low
CUST02003,Jivika,Brar,1977-04-03,Male,Kozhikode,Kerala,2019-03-24,Medium
CUST02004,Ivana,Lata,2004-08-09,Male,Jaipur,Rajasthan,2019-08-28,Low
CUST02005,Kabir,Dutt,1965-07-20,Female,Surat,Gujarat,2024-10-31,Low
CUST02006,Aniruddh,Singhal,1977-05-03,Female,Kolkata,West Bengal,2022-03-04,Medium
CUST02007,Zain,Doshi,1985-10-17,Female,Udaipur,Rajasthan,2024-12-28,Low
CUST02008,Navya,Shankar,1974-04-13,Male,New Delhi,Delhi,2019-12-11,Medium
CUST02009,Vanya,Chandra,1962-11-30,Female,Hyderabad,Telangana,2019-10-08,Low
CUST02010,Kabir,Arya,2007-07-14,Male,Bengaluru,Karnataka,2023-11-09,Low
CUST02011,Mannat,Deol,1996-11-10,Female,Kolkata,West Bengal,2023-06-22,Low
CUST02012,Manjari,D’Alia,1996-03-25,Female,Vadodara,Gujarat,2020-08-16,Low
CUST02013,Mehul,Sankar,1957-06-04,Female,Surat,Gujarat,2021-09-15,Medium
CUST02014,Dhanush,Sankaran,1988-01-31,Female,Lucknow,Uttar Pradesh,2019-10-16,Low
CUST02015,Damini,Vaidya,1996-10-19,Female,Bengaluru,Karnataka,2022-08-21,Low
CUST02016,Riya,Sachar,1981-02-04,Female,Lucknow,Uttar Pradesh,2020-03-19,Low
CUST02017,Vidur,Korpal,1987-11-23,Male,Surat,Gujarat,2019-10-27,Low
CUST02018,Ishaan,Char,1971-01-18,Female,Udaipur,Rajasthan,2018-12-04,Medium
CUST02019,Yuvraj ,Singhal,1956-09-02,Female,Hubballi,Karnataka,2020-12-11,Low
CUST02020,Zain,Choudhry,2006-03-02,Female,Hyderabad,Telangana,2024-05-11,Low
CUST02021,Krish,Shukla,1969-07-27,Female,Mangaluru,Karnataka,2019-03-19,High
CUST02022,Jayesh,Kanda,1997-08-22,Male,Coimbatore,Tamil Nadu,2022-10-26,Low
CUST02023,Prisha,Gaba,1986-10-14,Female,Coimbatore,Tamil Nadu,2020-09-30,Medium
CUST02024,Aaryahi,Jain,2008-06-20,Male,Noida,Uttar Pradesh,2019-01-02,Low
CUST02025,Mahika,Shah,1981-07-14,Male,Bengaluru,Karnataka,2024-10-10,Low
CUST02026,Saksham,Hegde,1997-04-06,Male,Surat,Gujarat,2024-12-18,Low
CUST02027,Kaira,Rajan,1992-02-19,Male,Jaipur,Rajasthan,2023-02-12,Medium
CUST02028,Nayantara,Vora,2003-07-25,Female,Coimbatore,Tamil Nadu,2025-05-05,High
CUST02029,Armaan,Lad,1963-02-02,Female,Kozhikode,Kerala,2022-06-29,Low
CUST02030,Amani,Thaker,1958-07-15,Female,Kanpur,Uttar Pradesh,2020-09-27,Low
CUST02031,Ela,Luthra,1982-07-27,Female,Mumbai,Maharashtra,2024-11-26,Low
CUST02032,Arnav,Mallick,1982-01-04,Female,Coimbatore,Tamil Nadu,2023-01-15,Low
CUST02033,Tarini,Rau,1959-01-02,Male,Vadodara,Gujarat,2020-04-06,Low
CUST02034,Riaan,Kannan,1982-09-26,Female,Mysuru,Karnataka,2021-03-29,High
CUST02035,Urvi,Thaker,1975-02-08,Female,Bengaluru,Karnataka,2022-07-29,Low
CUST02036,Ivan,Kakar,1975-09-07,Male,Vadodara,Gujarat,2023-11-12,Low
CUST02037,Baiju,Sant,1990-10-30,Female,Kozhikode,Kerala,2019-11-10,Low
CUST02038,Anahi,Thakkar,1999-08-13,Female,Chennai,Tamil Nadu,2022-06-29,Low
CUST02039,Divij,Sen,1989-09-19,Female,Madurai,Tamil Nadu,2019-08-12,Low
CUST02040,Jivin,Sood,1995-06-28,Male,Warangal,Telangana,2024-07-27,Low
CUST02041,Inaaya ,Bir,1982-05-25,Male,Jaipur,Rajasthan,2022-03-02,Medium
CUST02042,Samarth,Kar,1957-05-06,Female,Lucknow,Uttar Pradesh,2020-03-03,Low
CUST02043,Amani,Rajagopal,2004-02-22,Male,Hyderabad,Telangana,2020-05-14,Low
CUST02044,Amani,Bath,1972-08-31,Male,Warangal,Telangana,2021-05-28,Low
CUST02045,Rania,Sachar,2004-01-24,Female,Kolkata,West Bengal,2025-06-04,Medium
CUST02046,Ishaan,Sekhon,2005-07-19,Male,Nagpur,Maharashtra,2019-09-13,Medium
CUST02047,Divij,Bhandari,2003-09-16,Male,Ahmedabad,Gujarat,2022-06-22,Low
CUST02048,Myra,Golla,1961-06-15,Female,Nagpur,Maharashtra,2023-02-08,Medium
CUST02049,Rhea,Handa,2005-02-10,Male,Lucknow,Uttar Pradesh,2025-05-18,Low
CUST02050,Diya,Ramesh,1966-07-13,Female,Kolkata,West Bengal,2021-11-14,Low
CUST02051,Ira,Gupta,1958-08-21,Male,Mangaluru,Karnataka,2025-03-08,Low
CUST02052,Jayan,Ganesh,1994-02-17,Male,Lucknow,Uttar Pradesh,2024-04-05,Low
CUST02053,Indrajit,Bumb,1965-06-28,Male,Hyderabad,Telangana,2020-03-03,Low
CUST02054,Tiya,Sawhney,1959-02-21,Female,Noida,Uttar Pradesh,2022-03-21,Medium
CUST02055,Ryan,Dubey,2005-05-03,Female,Kolkata,West Bengal,2025-03-10,Medium
CUST02056,Alia,Dhawan,1998-04-12,Female,Kanpur,Uttar Pradesh,2020-03-09,Low
CUST02057,Fateh,Yogi,1964-08-08,Female,New Delhi,Delhi,2020-05-17,Low
CUST02058,Aarav,Rastogi,2007-09-26,Female,Warangal,Telangana,2020-10-20,Low
CUST02059,Abram,Karnik,1989-07-06,Female,Vadodara,Gujarat,2022-11-22,Low
CUST02060,Inaaya ,Swamy,1956-01-15,Male,New Delhi,Delhi,2023-10-27,Low
CUST02061,Bhamini,Dani,1970-05-29,Male,Hubballi,Karnataka,2023-08-29,Low
CUST02062,Nirvi,Khanna,1986-07-11,Female,Chennai,Tamil Nadu,2022-02-20,Low
CUST02063,Ahana ,Baral,1996-07-24,Male,Udaipur,Rajasthan,2023-10-03,Medium
CUST02064,Aarush,Das,1992-11-23,Male,New Delhi,Delhi,2021-01-06,Low
CUST02065,Miraya,Ratti,1993-08-03,Female,Udaipur,Rajasthan,2025-08-17,Low
CUST02066,Lakshay,Bakshi,1968-03-24,Male,Mangaluru,Karnataka,2019-11-29,Medium
CUST02067,Bhavin,Sachdeva,1979-05-26,Male,New Delhi,Delhi,2018-12-18,Low
CUST02068,Hunar,Varma,1957-11-09,Female,Kolkata,West Bengal,2024-04-28,Low
CUST02069,Kashvi,Tripathi,1996-09-13,Female,Vadodara,Gujarat,2021-03-10,Low
CUST02070,Shalv,Bassi,1958-12-26,Male,New Delhi,Delhi,2019-07-30,Low
CUST02071,Zeeshan,Chakraborty,1966-08-18,Female,Nashik,Maharashtra,2024-05-14,Medium
CUST02072,Raunak,Ramaswamy,2000-08-16,Female,Lucknow,Uttar Pradesh,2024-07-13,Low
CUST02073,Rati,Rajan,1994-08-05,Male,Jaipur,Rajasthan,2025-05-07,Low
CUST02074,Jhanvi,Chakrabarti,1986-08-20,Male,Kolkata,West Bengal,2025-01-09,Medium
CUST02075,Kavya,Gole,1958-02-01,Female,Udaipur,Rajasthan,2019-06-11,Medium
CUST02076,Tiya,Doctor,1977-08-13,Male,Kolkata,West Bengal,2021-10-14,Medium
CUST02077,Vaibhav,Tank,1960-04-02,Female,Jaipur,Rajasthan,2025-02-06,Low
CUST02078,Aaryahi,Upadhyay,1993-02-09,Male,Hyderabad,Telangana,2019-03-15,Low
CUST02079,Riaan,Keer,1964-10-21,Male,Nashik,Maharashtra,2019-09-09,High
CUST02080,Rania,Vasa,1974-04-28,Male,Coimbatore,Tamil Nadu,2021-06-13,Medium
CUST02081,Eshani,Jhaveri,1991-05-09,Female,Kochi,Kerala,2020-06-07,Low
CUST02082,Rasha,Cheema,1997-04-19,Female,Kolkata,West Bengal,2019-02-22,Low
CUST02083,Emir,Mangal,2005-04-22,Male,Udaipur,Rajasthan,2024-01-01,Low
CUST02084,Eva,Bassi,1988-07-24,Male,New Delhi,Delhi,2024-10-22,Medium
CUST02085,Prisha,Ramakrishnan,2003-09-30,Male,New Delhi,Delhi,2021-02-03,Low
CUST02086,Aaryahi,Ramanathan,1977-03-09,Female,Udaipur,Rajasthan,2020-11-09,Low
CUST02087,Eshani,Mani,1998-01-22,Male,Warangal,Telangana,2021-08-29,Low
CUST02088,Hansh,Rana,1993-12-08,Male,Kochi,Kerala,2022-11-15,Low
CUST02089,Elakshi,Sethi,1998-08-24,Male,Nagpur,Maharashtra,2022-11-19,Medium
CUST02090,Bhamini,Swamy,1967-11-22,Male,Nagpur,Maharashtra,2023-11-01,Low
CUST02091,Mehul,Sathe,1975-06-02,Male,New Delhi,Delhi,2020-04-18,Medium
CUST02092,Aarav,Bhargava,1957-04-13,Male,Kochi,Kerala,2022-08-09,High
CUST02093,Mishti,Sunder,1963-09-04,Male,Surat,Gujarat,2024-12-03,Low
CUST02094,Lakshay,Sura,1997-07-09,Female,New Delhi,Delhi,2022-03-06,Low
CUST02095,Zain,Bajaj,1978-05-13,Male,Nashik,Maharashtra,2021-08-16,Low
CUST02096,Jhanvi,Swaminathan,1999-01-12,Male,Udaipur,Rajasthan,2020-06-15,Medium
CUST02097,Aayush,Reddy,1969-05-04,Female,Coimbatore,Tamil Nadu,2024-07-08,Low
CUST02098,Raunak,Datta,1960-04-07,Male,Kolkata,West Bengal,2021-04-08,Low
CUST02099,Rohan,Kulkarni,1993-01-28,Male,Kanpur,Uttar Pradesh,2021-05-28,Medium
CUST02100,Tiya,Aggarwal,1963-05-25,Male,Mangaluru,Karnataka,2024-06-25,Low
CUST02101,Shamik,Garde,1982-08-07,Female,Jaipur,Rajasthan,2024-10-23,Medium
CUST02102,Jiya,Randhawa,1957-08-18,Female,Kanpur,Uttar Pradesh,2020-02-22,Low
CUST02103,Kartik,Gandhi,1978-08-24,Male,Kolkata,West Bengal,2024-05-15,Low
CUST02104,Anvi,Khalsa,1958-01-25,Female,Mangaluru,Karnataka,2024-02-21,Low
CUST02105,Himmat,Khosla,1966-03-23,Male,Hyderabad,Telangana,2023-12-26,Medium
CUST02106,Amira,Walla,1992-03-10,Male,Coimbatore,Tamil Nadu,2021-07-02,Low
CUST02107,Anahi,Srinivasan,1983-10-26,Female,Kozhikode,Kerala,2024-12-19,Medium
CUST02108,Bhavin,Tiwari,1991-02-09,Male,Hubballi,Karnataka,2021-03-13,Medium
CUST02109,Jivika,Seshadri,2001-10-19,Female,Vadodara,Gujarat,2021-05-02,Low
CUST02110,Ivana,Loyal,1956-12-03,Female,New Delhi,Delhi,2020-06-03,High
CUST02111,Kashvi,Sani,1978-03-22,Female,Nagpur,Maharashtra,2025-06-14,Low
CUST02112,Yashvi,Goel,1960-02-26,Female,Warangal,Telangana,2019-12-02,Low
CUST02113,Ranbir,Trivedi,1957-10-08,Male,Coimbatore,Tamil Nadu,2021-07-14,Low
CUST02114,Uthkarsh,Rattan,1992-01-03,Male,Thiruvananthapuram,Kerala,2020-01-23,Medium
CUST02115,Kaira,Raman,1982-02-27,Male,Lucknow,Uttar Pradesh,2020-03-30,Low
CUST02116,Kimaya,Bhardwaj,2006-10-16,Female,Kolkata,West Bengal,2021-04-09,Low
CUST02117,Renee,Varughese,1977-01-18,Male,Hyderabad,Telangana,2024-09-08,Low
CUST02118,Arhaan,Deshpande,1983-10-24,Male,Mangaluru,Karnataka,2019-05-22,Low
CUST02119,Charvi,Vyas,1971-10-27,Male,Coimbatore,Tamil Nadu,2021-10-23,Low
CUST02120,Alisha,Thakkar,1976-03-29,Female,Chennai,Tamil Nadu,2020-06-27,Medium
CUST02121,Eshani,Dora,1967-07-23,Male,New Delhi,Delhi,2019-08-09,Medium
CUST02122,Umang,Srinivasan,1958-03-12,Male,Bengaluru,Karnataka,2025-04-07,Low
CUST02123,Krish,Batra,1985-11-06,Female,Kanpur,Uttar Pradesh,2022-12-15,High
CUST02124,Anay,Sura,1988-06-29,Male,Ahmedabad,Gujarat,2022-11-26,Low
CUST02125,Indrans,Chandran,1978-10-17,Male,Pune,Maharashtra,2022-10-06,High
CUST02126,Sana,Vohra,1991-04-13,Female,Kolkata,West Bengal,2021-04-16,Low
CUST02127,Urvi,Gade,1965-05-26,Male,Vadodara,Gujarat,2025-03-12,Low
CUST02128,Divyansh,Tara,1990-10-09,Male,Kolkata,West Bengal,2024-05-28,Low
CUST02129,Hansh,Chauhan,2004-12-15,Female,Kolkata,West Bengal,2018-12-17,Medium
CUST02130,Amira,Hari,2004-03-19,Male,Mumbai,Maharashtra,2023-02-03,Low
CUST02131,Farhan,Agate,1976-10-23,Male,Nashik,Maharashtra,2019-01-09,Low
CUST02132,Piya,Vala,1996-02-03,Male,Hubballi,Karnataka,2019-05-23,Low
CUST02133,Shamik,Kaur,1958-10-15,Female,Pune,Maharashtra,2019-07-12,Low
CUST02134,Elakshi,Sinha,2000-06-29,Female,Kolkata,West Bengal,2024-12-28,Low
CUST02135,Sahil,Apte,1994-12-14,Female,Lucknow,Uttar Pradesh,2025-02-06,Medium
CUST02136,Sahil,Reddy,1969-12-05,Male,New Delhi,Delhi,2021-05-18,Medium
CUST02137,Krish,Char,1975-02-24,Male,Vadodara,Gujarat,2021-01-01,Low
CUST02138,Hazel,Dutta,2008-03-27,Male,Vadodara,Gujarat,2022-05-27,Medium
CUST02139,Oorja,Bhargava,1974-03-15,Female,Mumbai,Maharashtra,2019-12-02,Low
CUST02140,Indranil,Devan,1963-06-09,Male,Pune,Maharashtra,2018-10-12,Medium
CUST02141,Misha,Mammen,1990-08-19,Male,Hubballi,Karnataka,2019-07-10,Medium
CUST02142,Lagan,Madan,1979-06-28,Female,Mumbai,Maharashtra,2023-04-28,Low
CUST02143,Samar,Deshmukh,1965-04-13,Male,Lucknow,Uttar Pradesh,2024-08-22,Medium
CUST02144,Zaina,Dhar,1994-09-18,Male,Nagpur,Maharashtra,2020-09-24,Low
CUST02145,Jayan,Banik,1976-11-02,Male,Mumbai,Maharashtra,2023-11-13,Low
CUST02146,Shayak,Madan,1985-11-02,Female,New Delhi,Delhi,2019-01-30,Medium
CUST02147,Hansh,Atwal,1987-09-07,Female,Mysuru,Karnataka,2024-05-24,Low
CUST02148,Badal,Bera,1981-10-02,Female,Mangaluru,Karnataka,2019-02-09,Low
CUST02149,Dhruv,Kala,1982-04-27,Female,Madurai,Tamil Nadu,2020-03-04,Low
CUST02150,Renee,Raju,1995-12-27,Female,New Delhi,Delhi,2024-01-02,Medium
CUST02151,Prisha,Sarma,1985-12-27,Male,Mumbai,Maharashtra,2023-11-22,Low
CUST02152,Taimur,Dugal,1978-04-07,Male,Mysuru,Karnataka,2025-08-08,Low
CUST02153,Kiaan,Saxena,2007-04-05,Male,Kochi,Kerala,2024-05-10,Medium
CUST02154,Zoya,Loke,1960-12-29,Male,Noida,Uttar Pradesh,2025-01-29,Medium
CUST02155,Tarini,Kaul,1994-04-15,Male,Kanpur,Uttar Pradesh,2019-10-09,Low
CUST02156,Divij,Talwar,2003-03-10,Female,Madurai,Tamil Nadu,2022-08-19,Low
CUST02157,Divit,Kari,1976-10-08,Female,Nagpur,Maharashtra,2024-06-21,Low
CUST02158,Nayantara,Savant,2007-10-23,Female,Vadodara,Gujarat,2022-08-10,Low
CUST02159,Anaya,D’Alia,1970-11-17,Male,Surat,Gujarat,2019-11-15,Low
CUST02160,Mannat,Dayal,1980-05-19,Male,Kozhikode,Kerala,2021-12-26,Medium
CUST02161,Jivin,Sarma,2000-11-30,Female,Madurai,Tamil Nadu,2021-06-17,Low
CUST02162,Vedika,Vasa,1977-09-30,Male,Nagpur,Maharashtra,2022-07-04,Low
CUST02163,Aradhya,Aurora,1960-02-05,Male,New Delhi,Delhi,2022-09-10,Low
CUST02164,Faiyaz,Gill,1988-03-21,Female,Coimbatore,Tamil Nadu,2022-07-29,Medium
CUST02165,Jayan,Dhaliwal,2007-11-28,Female,Ahmedabad,Gujarat,2021-08-13,Low
CUST02166,Lavanya,Mani,1964-04-26,Male,Nagpur,Maharashtra,2022-12-21,High
CUST02167,Ehsaan,Jain,2004-04-03,Male,Jaipur,Rajasthan,2025-06-05,Low
CUST02168,Emir,Gaba,1993-06-30,Female,Nagpur,Maharashtra,2024-03-04,Low
CUST02169,Devansh,Sule,1976-03-17,Male,New Delhi,Delhi,2023-03-08,Low
CUST02170,Anahi,Iyer,1995-11-01,Female,Chennai,Tamil Nadu,2022-03-02,Low
CUST02171,Nakul,Rao,1972-03-25,Female,Bengaluru,Karnataka,2023-04-24,Low
CUST02172,Indranil,Khosla,1981-10-07,Female,Warangal,Telangana,2019-03-19,Low
CUST02173,Shlok,Chawla,2002-11-17,Male,Pune,Maharashtra,2023-09-05,Low
CUST02174,Adah,Srinivasan,1985-04-10,Female,Kanpur,Uttar Pradesh,2023-06-23,Medium
CUST02175,Vedika,Garg,1992-09-14,Male,Udaipur,Rajasthan,2024-07-21,Low
CUST02176,Miraan,Chadha,2000-09-27,Female,Udaipur,Rajasthan,2024-05-06,Medium
CUST02177,Dhanuk,Shankar,2004-02-04,Male,Mysuru,Karnataka,2023-07-14,Low
CUST02178,Aradhya,Bhandari,1995-12-12,Female,Ahmedabad,Gujarat,2023-09-20,Low
CUST02179,Anahi,Gaba,1993-06-03,Female,Udaipur,Rajasthan,2019-06-25,Low
CUST02180,Ahana ,Chakrabarti,1976-08-11,Female,Lucknow,Uttar Pradesh,2022-02-06,Low
CUST02181,Darshit,Ram,1963-01-18,Female,Mysuru,Karnataka,2024-06-24,Low
CUST02182,Kimaya,Solanki,1981-06-07,Male,Coimbatore,Tamil Nadu,2021-06-08,Low
CUST02183,Bhamini,Roy,2000-07-28,Female,Mangaluru,Karnataka,2019-03-05,Low
CUST02184,Divij,Chopra,1965-02-06,Male,Kanpur,Uttar Pradesh,2023-08-04,Low
CUST02185,Tanya,Ravi,1955-08-30,Female,Coimbatore,Tamil Nadu,2025-02-02,Low
CUST02186,Hunar,Sahota,1965-10-20,Female,Kolkata,West Bengal,2022-07-03,Medium
CUST02187,Hazel,Dhingra,1982-03-10,Female,Vadodara,Gujarat,2023-11-20,Medium
CUST02188,Kashvi,Kapoor,1968-12-18,Male,Kozhikode,Kerala,2020-05-25,Medium
CUST02189,Pihu,Vyas,1977-03-12,Male,Thiruvananthapuram,Kerala,2021-03-14,Medium
CUST02190,Jiya,Sundaram,2001-11-22,Female,Mumbai,Maharashtra,2021-03-29,Low
CUST02191,Adira,Sekhon,1979-01-28,Male,Hyderabad,Telangana,2019-05-30,Low
CUST02192,Keya,Agrawal,1997-04-05,Male,Lucknow,Uttar Pradesh,2022-12-28,Medium
CUST02193,Yuvaan,Vaidya,1964-04-30,Male,Kozhikode,Kerala,2021-02-24,Low
CUST02194,Biju,Goyal,1992-12-31,Female,Hubballi,Karnataka,2019-02-07,Low
CUST02195,Aarav,Sarraf,1993-10-04,Male,Kolkata,West Bengal,2025-08-18,Low
CUST02196,Taimur,Bhakta,1974-11-08,Male,Ahmedabad,Gujarat,2018-11-30,Low
CUST02197,Miraan,Kalita,2003-06-08,Male,Hubballi,Karnataka,2023-09-02,Low
CUST02198,Vihaan,Rattan,1977-04-19,Female,Hyderabad,Telangana,2024-09-14,Medium
CUST02199,Vaibhav,Jain,1981-08-12,Female,Madurai,Tamil Nadu,2022-05-09,Low
CUST02200,Inaaya ,Cherian,2000-09-24,Male,Chennai,Tamil Nadu,2020-02-15,Low
CUST02201,Anika,Boase,1968-06-16,Female,Madurai,Tamil Nadu,2023-05-17,High
CUST02202,Veer,Upadhyay,1980-03-02,Female,Hubballi,Karnataka,2022-03-14,Low
CUST02203,Indrans,Dhawan,2001-03-31,Female,Ahmedabad,Gujarat,2019-09-20,Low
CUST02204,Himmat,Ahluwalia,1960-07-13,Female,Nagpur,Maharashtra,2024-03-01,Low
CUST02205,Advik,Bora,2004-09-25,Male,Jaipur,Rajasthan,2022-10-16,Medium
CUST02206,Nirvi,Kamdar,1964-11-20,Female,Thiruvananthapuram,Kerala,2019-05-16,Medium
CUST02207,Hiran,Rege,1983-12-13,Female,Kochi,Kerala,2022-07-12,Low
CUST02208,Vedika,Sarin,1996-10-12,Male,Kanpur,Uttar Pradesh,2022-04-09,Medium
CUST02209,Misha,Chana,1986-07-28,Male,Kozhikode,Kerala,2022-12-25,Low
CUST02210,Aarna,Majumdar,1986-04-10,Male,Kolkata,West Bengal,2021-12-03,Medium
CUST02211,Sumer,Chowdhury,1968-04-16,Male,New Delhi,Delhi,2022-04-06,Medium
CUST02212,Lavanya,Aggarwal,1994-12-23,Female,New Delhi,Delhi,2022-11-20,Medium
CUST02213,Sana,Dani,2004-02-10,Female,Mumbai,Maharashtra,2022-12-01,Low
CUST02214,Priyansh,Jha,1992-10-25,Female,Coimbatore,Tamil Nadu,2023-07-21,High
CUST02215,Tejas,Badal,1958-03-24,Female,Bengaluru,Karnataka,2023-06-26,Medium
CUST02216,Anya,Sarraf,1980-09-24,Female,Kolkata,West Bengal,2019-08-12,Low
CUST02217,Kavya,Khosla,2002-08-21,Male,Jaipur,Rajasthan,2019-05-01,Medium
CUST02218,Hridaan,Sethi,2005-05-31,Female,Nashik,Maharashtra,2023-02-16,Low
CUST02219,Suhana,Sood,1974-08-31,Male,Madurai,Tamil Nadu,2022-08-09,Medium
CUST02220,Ela,Baral,1991-04-07,Female,Warangal,Telangana,2023-11-03,Low
CUST02221,Dhruv,Das,1987-10-19,Female,New Delhi,Delhi,2024-01-06,Medium
CUST02222,Seher,Saini,2001-02-26,Female,Ahmedabad,Gujarat,2019-04-25,Low
CUST02223,Piya,Ravel,1992-05-04,Female,Nashik,Maharashtra,2025-06-09,Low
CUST02224,Kavya,Dugal,1997-05-14,Female,Chennai,Tamil Nadu,2019-02-05,Low
CUST02225,Shlok,Loke,2008-08-17,Female,Ahmedabad,Gujarat,2018-09-28,Low
CUST02226,Anaya,Karan,1990-07-15,Female,Hyderabad,Telangana,2022-08-22,Low
CUST02227,Kaira,Sha,1978-03-17,Male,Kochi,Kerala,2022-03-26,Low
CUST02228,Sumer,Sur,1975-09-12,Male,Surat,Gujarat,2021-02-09,Low
CUST02229,Ivan,Badami,2002-12-12,Female,Mysuru,Karnataka,2023-09-25,Low
CUST02230,Siya,Doshi,2005-02-12,Male,Kolkata,West Bengal,2025-04-29,Low
CUST02231,Jivika,De,1959-10-30,Male,Surat,Gujarat,2024-01-02,Medium
CUST02232,Anika,Mann,1967-02-26,Female,Coimbatore,Tamil Nadu,2023-07-10,Low
CUST02233,Baiju,Saha,1975-07-03,Female,Udaipur,Rajasthan,2025-07-13,Medium
CUST02234,Sara,Ratta,1957-07-04,Male,Mumbai,Maharashtra,2021-02-02,Medium
CUST02235,Aradhya,Barman,1964-04-12,Male,Chennai,Tamil Nadu,2022-12-13,Low
CUST02236,Dhanuk,Varghese,1974-07-22,Female,Jaipur,Rajasthan,2020-10-17,Low
CUST02237,Hansh,Randhawa,1974-10-08,Male,Mangaluru,Karnataka,2020-12-28,Medium
CUST02238,Onkar,Amble,2006-02-07,Female,Noida,Uttar Pradesh,2019-08-07,Low
CUST02239,Lavanya,Chahal,1995-12-02,Male,Surat,Gujarat,2024-12-07,Low
CUST02240,Indrajit,Sahni,1986-01-16,Female,Thiruvananthapuram,Kerala,2021-10-17,Low
CUST02241,Zara,Chahal,1973-06-05,Male,Ahmedabad,Gujarat,2025-04-22,Medium
CUST02242,Rati,Dalal,1988-08-24,Male,Jaipur,Rajasthan,2020-03-09,Low
CUST02243,Yasmin,Lalla,1957-11-25,Male,Kochi,Kerala,2021-07-26,Low
CUST02244,Dharmajan,Bora,1996-03-05,Female,Warangal,Telangana,2025-08-22,High
CUST02245,Indrans,Toor,1989-05-25,Male,Kolkata,West Bengal,2025-01-19,Medium
CUST02246,Zain,Solanki,1981-09-21,Male,Hyderabad,Telangana,2020-09-03,Low
CUST02247,Nitara,Kannan,2005-01-19,Male,Pune,Maharashtra,2024-01-27,Low
CUST02248,Ivan,Cheema,1994-12-19,Female,Mangaluru,Karnataka,2024-11-23,Medium
CUST02249,Shray,Bala,1999-05-10,Male,Coimbatore,Tamil Nadu,2020-11-24,Low
CUST02250,Tanya,Tank,1963-07-18,Male,Lucknow,Uttar Pradesh,2019-02-05,Low
CUST02251,Ivan,Kata,1982-10-13,Male,Hubballi,Karnataka,2022-09-13,Low
CUST02252,Romil,Khanna,2006-06-04,Female,Udaipur,Rajasthan,2025-01-18,Medium
CUST02253,Hazel,Dada,1981-06-29,Male,Warangal,Telangana,2024-06-18,Low
CUST02254,Renee,Hayer,1987-12-11,Female,Kolkata,West Bengal,2020-11-18,Medium
CUST02255,Hunar,Lanka,1985-03-26,Female,Mangaluru,Karnataka,2018-10-01,Medium
CUST02256,Reyansh,Sur,1986-03-11,Male,Thiruvananthapuram,Kerala,2021-11-24,Low
CUST02257,Parinaaz,Dugar,1991-09-25,Female,New Delhi,Delhi,2024-06-16,Low
CUST02258,Arnav,Bava,1991-10-21,Male,New Delhi,Delhi,2024-01-27,Low
CUST02259,Sumer,Uppal,1985-01-12,Male,Bengaluru,Karnataka,2023-11-04,Low
CUST02260,Nehmat,Varughese,1974-03-14,Male,New Delhi,Delhi,2021-07-01,Low
CUST02261,Purab,Deol,1962-05-03,Female,Kolkata,West Bengal,2020-10-27,Medium
CUST02262,Neysa,Master,1982-04-08,Male,Ahmedabad,Gujarat,2022-07-28,Low
CUST02263,Trisha,Sandal,2006-08-16,Female,Kolkata,West Bengal,2020-09-15,Medium
CUST02264,Sana,Samra,1995-09-17,Female,Kochi,Kerala,2025-03-15,Low
CUST02265,Kartik,Lad,1978-08-11,Male,Mysuru,Karnataka,2024-05-31,Low
CUST02266,Prisha,Chana,1976-12-19,Female,New Delhi,Delhi,2023-04-23,Low
CUST02267,Aayush,Samra,1956-03-23,Female,Warangal,Telangana,2019-03-25,Low
CUST02268,Abram,Jha,1962-04-19,Male,Kanpur,Uttar Pradesh,2023-02-12,Medium
CUST02269,Ehsaan,Sani,1985-12-29,Male,Pune,Maharashtra,2021-08-22,Low
CUST02270,Madhup,Seshadri,1974-12-05,Male,Mysuru,Karnataka,2020-10-16,Low
CUST02271,Kartik,Badal,1957-04-06,Male,Kolkata,West Bengal,2023-12-02,Low
CUST02272,Divij,Balakrishnan,1996-01-30,Male,Udaipur,Rajasthan,2024-03-27,Low
CUST02273,Madhav,Ram,1999-01-26,Female,Kolkata,West Bengal,2019-09-08,Low
CUST02274,Rhea,Bhasin,1961-07-12,Male,Mysuru,Karnataka,2023-10-17,Low
CUST02275,Hansh,Guha,2000-04-25,Male,Vadodara,Gujarat,2025-02-23,High
CUST02276,Neelofar,Mandal,1968-03-22,Female,Udaipur,Rajasthan,2019-08-05,Low
CUST02277,Rasha,Chanda,1972-11-20,Female,Kolkata,West Bengal,2021-02-26,Medium
CUST02278,Anahita,Sahota,1960-10-19,Female,Nashik,Maharashtra,2024-01-31,Low
CUST02279,Amani,Devi,2008-01-02,Female,Jaipur,Rajasthan,2022-04-13,Low
CUST02280,Rania,Zacharia,2001-01-28,Male,Kanpur,Uttar Pradesh,2025-03-13,Low
CUST02281,Trisha,Edwin,1973-02-28,Male,Kochi,Kerala,2020-01-11,Low
CUST02282,Vanya,Bansal,1974-07-09,Male,Warangal,Telangana,2025-04-05,Low
CUST02283,Biju,Halder,1982-02-03,Female,Jaipur,Rajasthan,2021-06-24,Low
CUST02284,Biju,Dayal,1973-08-29,Male,Kolkata,West Bengal,2020-02-29,Low
CUST02285,Advika,Banerjee,1989-02-09,Female,Vadodara,Gujarat,2020-05-10,Low
CUST02286,Manjari,Hegde,1967-10-17,Female,Hyderabad,Telangana,2024-02-21,Low
CUST02287,Ayesha,Bhagat,1965-06-09,Male,Madurai,Tamil Nadu,2023-04-01,High
CUST02288,Tiya,Kale,1970-07-06,Male,Noida,Uttar Pradesh,2023-11-15,Low
CUST02289,Nayantara,Bera,1985-09-12,Male,Udaipur,Rajasthan,2024-09-25,Low
CUST02290,Pranay,Behl,1958-01-08,Female,Kochi,Kerala,2019-04-09,Low
CUST02291,Devansh,Mangal,2005-02-27,Female,Kozhikode,Kerala,2020-10-12,Low
CUST02292,Urvi,Kapoor,1956-12-04,Male,Chennai,Tamil Nadu,2022-11-19,Low
CUST02293,Indrajit,Sachdeva,1999-03-23,Male,Jaipur,Rajasthan,2018-08-28,Low
CUST02294,Armaan,Salvi,1982-03-22,Female,Mysuru,Karnataka,2020-11-30,Low
CUST02295,Indrajit,Sarma,1978-02-03,Female,Coimbatore,Tamil Nadu,2021-12-23,Low
CUST02296,Kashvi,Agarwal,1990-09-20,Male,Hyderabad,Telangana,2024-09-01,Low
CUST02297,Trisha,Korpal,1988-03-09,Male,Mangaluru,Karnataka,2022-05-11,Low
CUST02298,Yuvaan,Uppal,2005-03-04,Female,New Delhi,Delhi,2025-04-17,Low
CUST02299,Zoya,Srivastava,1960-06-02,Female,Coimbatore,Tamil Nadu,2023-03-31,Low
CUST02300,Mamooty,Agarwal,1981-10-22,Female,New Delhi,Delhi,2024-07-06,Low
CUST02301,Vanya,Khosla,1963-11-24,Male,New Delhi,Delhi,2023-06-23,Medium
CUST02302,Heer,Gola,1978-05-04,Female,Coimbatore,Tamil Nadu,2024-06-13,Low
CUST02303,Romil,Iyer,1959-05-28,Male,Jaipur,Rajasthan,2024-01-11,Low
CUST02304,Neelofar,Bath,1980-07-05,Female,Kozhikode,Kerala,2023-03-14,Low
CUST02305,Shlok,Baria,1986-12-05,Male,Kolkata,West Bengal,2025-02-12,Medium
CUST02306,Tiya,Dhillon,1999-09-24,Female,Kochi,Kerala,2020-05-18,Low
CUST02307,Jayesh,Malhotra,1958-04-29,Female,Coimbatore,Tamil Nadu,2021-12-01,Low
CUST02308,Nitara,Chandran,1975-12-27,Male,Surat,Gujarat,2024-07-27,Low
CUST02309,Vidur,Wason,1962-11-30,Male,Kolkata,West Bengal,2024-01-06,Low
CUST02310,Prisha,Gola,1988-10-03,Female,Coimbatore,Tamil Nadu,2019-05-16,Low
CUST02311,Mohanlal,Kanda,2005-09-08,Male,Chennai,Tamil Nadu,2020-04-05,Low
CUST02312,Hiran,Badami,1968-10-15,Female,Madurai,Tamil Nadu,2018-11-12,Medium
CUST02313,Saira,Rajagopalan,1971-11-17,Female,Mangaluru,Karnataka,2022-10-23,Low
CUST02314,Vidur,Balay,1992-06-07,Male,Coimbatore,Tamil Nadu,2024-02-14,Medium
CUST02315,Ryan,Krish,1991-12-26,Male,Pune,Maharashtra,2025-07-22,High
CUST02316,Alisha,Anand,1958-03-03,Male,Ahmedabad,Gujarat,2021-07-15,Low
CUST02317,Bhavin,Ganguly,2004-09-17,Female,Ahmedabad,Gujarat,2019-01-06,Low
CUST02318,Yuvaan,Bhargava,1970-01-20,Male,Bengaluru,Karnataka,2025-07-07,Low
CUST02319,Neysa,Sama,1991-04-01,Female,Ahmedabad,Gujarat,2022-07-20,Low
CUST02320,Parinaaz,Virk,1992-02-29,Male,Bengaluru,Karnataka,2019-12-01,Low
CUST02321,Seher,Mann,1971-07-03,Male,Hyderabad,Telangana,2019-04-06,Medium
CUST02322,Armaan,Shah,1965-04-14,Female,Madurai,Tamil Nadu,2022-10-22,Medium
CUST02323,Neysa,Andra,1987-09-19,Male,Bengaluru,Karnataka,2023-11-29,Low
CUST02324,Azad,Dara,2003-05-16,Female,Pune,Maharashtra,2024-03-02,Low
CUST02325,Hansh,Amble,1967-05-16,Male,Kolkata,West Bengal,2024-01-12,Medium
CUST02326,Badal,Zachariah,1976-07-24,Male,Thiruvananthapuram,Kerala,2025-08-18,High
CUST02327,Yashvi,Bava,1986-09-10,Female,Chennai,Tamil Nadu,2023-11-07,Medium
CUST02328,Jayan,Tiwari,1995-11-14,Male,Udaipur,Rajasthan,2019-03-12,Low
CUST02329,Emir,Bhandari,1989-06-24,Male,Bengaluru,Karnataka,2023-09-17,Low
CUST02330,Yasmin,Randhawa,1970-08-29,Male,Udaipur,Rajasthan,2019-03-10,Low
CUST02331,Zaina,Chaudhuri,1984-08-26,Male,Udaipur,Rajasthan,2021-07-09,Low
CUST02332,Zoya,Tiwari,2005-11-12,Male,Mysuru,Karnataka,2024-06-02,Low
CUST02333,Yakshit,Gaba,1963-11-14,Male,Warangal,Telangana,2024-06-20,Low
CUST02334,Kashvi,Mahajan,1964-12-29,Female,Coimbatore,Tamil Nadu,2021-05-21,Low
CUST02335,Yashvi,Chhabra,2007-08-27,Female,Warangal,Telangana,2019-01-14,Low
CUST02336,Kiara,Chadha,1978-06-24,Male,Kolkata,West Bengal,2019-03-10,Low
CUST02337,Fateh,Devan,1965-04-05,Male,Hyderabad,Telangana,2025-02-03,Low
CUST02338,Zeeshan,Chad,2003-01-12,Female,New Delhi,Delhi,2021-10-18,Low
CUST02339,Ishita,Butala,1985-07-01,Female,Nagpur,Maharashtra,2020-09-20,Low
CUST02340,Kavya,Bahri,1964-09-21,Male,Mysuru,Karnataka,2019-07-02,Low
CUST02341,Vritika,Vaidya,1998-09-02,Male,Vadodara,Gujarat,2023-11-10,Medium
CUST02342,Uthkarsh,Sood,1966-05-20,Female,Lucknow,Uttar Pradesh,2018-10-13,Low
CUST02343,Aradhya,Baria,1956-01-30,Female,Madurai,Tamil Nadu,2018-09-17,Low
CUST02344,Jayesh,Basu,2003-09-29,Female,Kanpur,Uttar Pradesh,2024-03-11,Low
CUST02345,Kiara,Wali,1974-12-16,Female,Nagpur,Maharashtra,2022-03-11,Medium
CUST02346,Rania,Swamy,2008-03-22,Female,New Delhi,Delhi,2022-09-12,Low
CUST02347,Rania,Bhatnagar,1969-09-05,Male,Mysuru,Karnataka,2019-11-13,Low
CUST02348,Navya,Deshmukh,1991-03-31,Male,New Delhi,Delhi,2022-06-25,Low
CUST02349,Zain,Dar,1967-07-12,Female,Kolkata,West Bengal,2023-11-04,Low
CUST02350,Rania,Bahl,1996-03-23,Male,Nashik,Maharashtra,2020-03-07,Low
CUST02351,Saanvi,Krish,1997-04-19,Female,Chennai,Tamil Nadu,2019-05-26,Low
CUST02352,Mishti,Thaker,1976-02-23,Female,Chennai,Tamil Nadu,2021-08-10,Medium
CUST02353,Aaina,Agate,1993-08-07,Female,New Delhi,Delhi,2020-08-27,Low
CUST02354,Kartik,Bhargava,1991-09-24,Female,Surat,Gujarat,2019-06-19,Medium
CUST02355,Miraya,Golla,2007-06-11,Female,Noida,Uttar Pradesh,2023-03-29,Medium
CUST02356,Dishani,Choudhary,1987-03-29,Female,Madurai,Tamil Nadu,2025-03-15,Low
CUST02357,Mishti,Sahni,1969-10-23,Male,Surat,Gujarat,2020-12-31,Medium
CUST02358,Baiju,Chatterjee,1963-04-26,Female,Udaipur,Rajasthan,2025-06-04,Low
CUST02359,Indrajit,Sani,1987-12-07,Male,Ahmedabad,Gujarat,2022-11-18,Low
CUST02360,Jayesh,Buch,2001-04-02,Female,Jaipur,Rajasthan,2019-01-06,Low
CUST02361,Baiju,Roy,1980-06-07,Male,Warangal,Telangana,2021-01-27,Low
CUST02362,Lakshay,Kalla,1972-10-03,Male,Hyderabad,Telangana,2021-06-29,Low
CUST02363,Mannat,Swaminathan,2007-04-05,Female,Udaipur,Rajasthan,2022-07-03,Low
CUST02364,Azad,Ben,2006-01-13,Male,Mumbai,Maharashtra,2019-02-04,Low
CUST02365,Heer,Chakrabarti,1966-05-28,Female,New Delhi,Delhi,2025-05-01,Low
CUST02366,Aniruddh,Kibe,1990-09-09,Female,Kolkata,West Bengal,2019-08-21,Low
CUST02367,Devansh,Wason,1971-08-30,Female,Hyderabad,Telangana,2024-10-14,Low
CUST02368,Ahana ,Rajagopalan,1995-02-07,Male,Mysuru,Karnataka,2021-06-03,Low
CUST02369,Aaina,Chaudhary,2006-06-27,Male,Coimbatore,Tamil Nadu,2024-05-28,Low
CUST02370,Shaan,Contractor,1963-02-22,Male,Surat,Gujarat,2021-06-04,Medium
CUST02371,Manikya,Bawa,1971-10-14,Male,Mumbai,Maharashtra,2024-12-04,Low
CUST02372,Zain,Virk,1969-04-03,Female,Lucknow,Uttar Pradesh,2021-11-04,Medium
CUST02373,Madhup,Bansal,1987-09-13,Male,Coimbatore,Tamil Nadu,2023-08-17,Low
CUST02374,Aradhya,Bala,1985-04-23,Male,Pune,Maharashtra,2019-11-19,Low
CUST02375,Madhav,Ramaswamy,1986-08-11,Male,Hubballi,Karnataka,2020-03-01,Low
CUST02376,Vidur,Grover,1964-12-06,Male,Coimbatore,Tamil Nadu,2022-07-18,Low
CUST02377,Saira,Chatterjee,1998-08-28,Male,Udaipur,Rajasthan,2021-09-13,Low
CUST02378,Purab,Chaudhuri,1978-07-04,Female,Vadodara,Gujarat,2019-09-25,Medium
CUST02379,Arhaan,Saraf,1994-05-07,Female,Kolkata,West Bengal,2019-02-27,Low
CUST02380,Ranbir,Bir,1963-03-18,Female,Pune,Maharashtra,2022-08-11,Medium
CUST02381,Amira,Kadakia,1967-04-20,Male,Mysuru,Karnataka,2025-02-12,Medium
CUST02382,Shlok,Choudhary,1975-09-26,Male,Hubballi,Karnataka,2023-10-14,Medium
CUST02383,Indranil,Subramanian,1999-01-24,Female,Kolkata,West Bengal,2023-11-07,Medium
CUST02384,Jayan,Mani,1993-04-06,Female,Warangal,Telangana,2020-08-08,Low
CUST02385,Dhruv,Jha,1991-02-26,Male,Kochi,Kerala,2022-10-23,Low
CUST02386,Madhav,Rajagopal,1987-11-14,Female,Madurai,Tamil Nadu,2022-08-02,Low
CUST02387,Ranbir,Amble,2005-04-29,Male,Vadodara,Gujarat,2022-04-17,Low
CUST02388,Sara,Viswanathan,1972-06-07,Male,Warangal,Telangana,2020-10-03,Low
CUST02389,Shaan,Kalla,1995-01-30,Male,Jaipur,Rajasthan,2020-07-16,Medium
CUST02390,Kiara,Borde,1994-09-09,Female,Kolkata,West Bengal,2018-09-10,Low
CUST02391,Zeeshan,Bains,1958-05-17,Female,Ahmedabad,Gujarat,2022-08-27,Low
CUST02392,Sana,Sodhi,1989-12-17,Male,New Delhi,Delhi,2018-12-08,Low
CUST02393,Aarna,Lanka,1982-06-25,Male,Kochi,Kerala,2022-09-23,Low
CUST02394,Zoya,Sur,2003-01-21,Male,Nagpur,Maharashtra,2025-08-20,Low
CUST02395,Divyansh,Kara,1989-05-09,Female,Mysuru,Karnataka,2020-09-11,Medium
CUST02396,Dharmajan,Mallick,2006-11-23,Female,Madurai,Tamil Nadu,2018-10-03,Low
CUST02397,Rania,Setty,1983-04-27,Male,Pune,Maharashtra,2020-07-03,Low
CUST02398,Hansh,Gola,1975-10-11,Male,Kochi,Kerala,2020-09-06,Low
CUST02399,Neelofar,Bath,1956-09-24,Male,Mysuru,Karnataka,2022-09-24,Low
CUST02400,Oorja,Dua,1966-08-29,Female,Mumbai,Maharashtra,2024-08-19,Low
CUST02401,Amira,Varughese,1994-06-18,Female,Bengaluru,Karnataka,2025-01-02,Low
CUST02402,Keya,Arora,1986-08-08,Female,Nagpur,Maharashtra,2022-08-05,Low
CUST02403,Trisha,Biswas,2003-07-01,Male,New Delhi,Delhi,2022-02-05,Low
CUST02404,Kabir,Subramanian,1980-11-08,Female,Jaipur,Rajasthan,2023-12-25,Low
CUST02405,Anahi,Sarraf,1998-10-02,Female,Vadodara,Gujarat,2018-08-30,Low
CUST02406,Mishti,Banik,1981-11-03,Female,Madurai,Tamil Nadu,2024-07-11,Low
CUST02407,Shamik,Lanka,1957-11-16,Male,New Delhi,Delhi,2021-03-04,Low
CUST02408,Aaryahi,Shetty,1974-01-03,Male,Jaipur,Rajasthan,2024-08-02,Low
CUST02409,Manjari,Madan,1994-10-17,Male,Kanpur,Uttar Pradesh,2025-05-29,High
CUST02410,Lakshay,Subramaniam,2002-03-29,Female,Lucknow,Uttar Pradesh,2019-05-04,Low
CUST02411,Miraya,Wable,1978-06-29,Female,Chennai,Tamil Nadu,2024-11-27,Low
CUST02412,Bhavin,Kurian,2001-07-23,Female,Mumbai,Maharashtra,2021-09-29,Low
CUST02413,Baiju,Bhakta,1981-09-16,Male,Hyderabad,Telangana,2021-10-04,Low
CUST02414,Anahita,Ranganathan,1958-06-06,Male,Udaipur,Rajasthan,2021-10-04,Low
CUST02415,Tejas,Chahal,1999-10-04,Female,Coimbatore,Tamil Nadu,2023-05-28,Low
CUST02416,Renee,Bandi,1993-10-22,Female,New Delhi,Delhi,2024-09-06,High
CUST02417,Urvi,Chaudry,1965-01-25,Male,Ahmedabad,Gujarat,2021-07-01,Low
CUST02418,Nakul,Madan,1963-05-18,Male,Noida,Uttar Pradesh,2024-03-03,Low
CUST02419,Anvi,Shan,2006-11-03,Male,Madurai,Tamil Nadu,2023-08-02,Low
CUST02420,Rati,Cheema,2006-11-26,Female,Mumbai,Maharashtra,2024-12-26,Low
CUST02421,Tara,Chowdhury,1977-06-16,Male,Kozhikode,Kerala,2021-08-25,Low
CUST02422,Priyansh,Krishnamurthy,2001-12-09,Male,Kolkata,West Bengal,2022-03-31,Low
CUST02423,Raghav,Bala,1959-12-18,Female,New Delhi,Delhi,2021-10-27,Medium
CUST02424,Shray,Kara,1988-09-26,Female,Chennai,Tamil Nadu,2022-11-30,Low
CUST02425,Eshani,Thakkar,1963-12-31,Female,Kanpur,Uttar Pradesh,2022-08-25,Low
CUST02426,Rhea,Lata,2001-10-22,Female,Mumbai,Maharashtra,2023-03-08,Medium
CUST02427,Riaan,Kara,1997-11-26,Male,Kolkata,West Bengal,2021-10-12,Low
CUST02428,Yasmin,Samra,2002-10-28,Female,Thiruvananthapuram,Kerala,2025-07-12,High
CUST02429,Chirag,Chandra,1986-10-22,Male,Nashik,Maharashtra,2019-05-24,Low
CUST02430,Dhanush,Hayre,1967-10-26,Male,New Delhi,Delhi,2021-02-06,Medium
CUST02431,Dhanuk,Bhagat,1966-11-11,Female,Vadodara,Gujarat,2020-12-30,Low
CUST02432,Faiyaz,Sarin,1965-09-19,Male,Kolkata,West Bengal,2022-11-15,Medium
CUST02433,Indrajit,Vohra,1969-07-19,Female,New Delhi,Delhi,2023-01-29,High
CUST02434,Mishti,Apte,1975-08-07,Female,Udaipur,Rajasthan,2022-03-12,Low
CUST02435,Pihu,Madan,1964-08-19,Female,Bengaluru,Karnataka,2022-09-06,High
CUST02436,Shray,Kade,1985-11-08,Male,Jaipur,Rajasthan,2024-12-03,Low
CUST02437,Neelofar,Anne,1975-06-27,Male,Nagpur,Maharashtra,2020-04-04,Low
CUST02438,Chirag,Apte,1971-06-17,Female,Madurai,Tamil Nadu,2023-01-26,Low
CUST02439,Neelofar,Ganesh,1983-08-31,Female,Pune,Maharashtra,2023-07-28,Low
CUST02440,Shlok,Sagar,1999-08-12,Female,Kolkata,West Bengal,2025-05-05,Low
CUST02441,Shaan,Kibe,1996-01-10,Female,Kolkata,West Bengal,2024-04-24,Low
CUST02442,Rasha,Lanka,1992-12-21,Female,Mumbai,Maharashtra,2022-06-09,Low
CUST02443,Amira,Doshi,1994-04-02,Male,Nashik,Maharashtra,2019-10-09,Medium
CUST02444,Vritika,Dua,1967-05-03,Female,Warangal,Telangana,2025-05-13,Medium
CUST02445,Pranay,Comar,1988-08-07,Female,Nagpur,Maharashtra,2021-10-24,Low
CUST02446,Reyansh,Solanki,1958-11-14,Female,Kanpur,Uttar Pradesh,2019-11-29,Low
CUST02447,Sumer,Dhar,1986-09-04,Male,Kolkata,West Bengal,2020-01-24,Low
CUST02448,Miraya,Buch,2004-02-02,Female,Kolkata,West Bengal,2023-03-16,Low
CUST02449,Reyansh,Chand,1967-08-01,Male,Kolkata,West Bengal,2024-09-03,Low
CUST02450,Rania,Zachariah,2000-12-29,Male,New Delhi,Delhi,2025-05-29,Low
CUST02451,Indrans,Buch,1971-11-03,Female,Mangaluru,Karnataka,2019-08-24,Low
CUST02452,Arnav,Dutt,1994-09-29,Female,Kolkata,West Bengal,2019-09-22,High
CUST02453,Advika,De,1980-10-21,Male,Hyderabad,Telangana,2020-03-21,Low
CUST02454,Lagan,Mand,2003-10-08,Female,Thiruvananthapuram,Kerala,2018-12-11,Low
CUST02455,Nitya,Dutt,1979-01-18,Male,Pune,Maharashtra,2019-11-28,Low
CUST02456,Umang,Kapur,1992-05-21,Male,Thiruvananthapuram,Kerala,2020-01-13,Low
CUST02457,Hazel,Dora,1963-12-01,Male,Kozhikode,Kerala,2018-11-11,Low
CUST02458,Yuvaan,Krish,2007-12-12,Female,Vadodara,Gujarat,2019-11-20,Low
CUST02459,Amira,Dutta,1966-04-08,Male,Kochi,Kerala,2018-09-08,Low
CUST02460,Seher,Mahajan,1990-03-06,Male,Nashik,Maharashtra,2021-06-20,Low
CUST02461,Neelofar,Sastry,1975-10-06,Female,Kochi,Kerala,2022-09-06,High
CUST02462,Riaan,Shroff,1994-09-10,Male,New Delhi,Delhi,2024-04-27,Medium
CUST02463,Hunar,Sura,1994-02-10,Female,Kolkata,West Bengal,2024-11-05,Low
CUST02464,Ahana ,Gara,2002-07-18,Female,New Delhi,Delhi,2019-08-09,Low
CUST02465,Sana,Khatri,1958-05-18,Male,Jaipur,Rajasthan,2019-11-02,Low
CUST02466,Parinaaz,Majumdar,1963-08-08,Male,Noida,Uttar Pradesh,2021-04-09,Low
CUST02467,Anay,Iyer,1997-09-02,Male,New Delhi,Delhi,2020-07-10,Low
CUST02468,Alia,Gokhale,1961-12-10,Male,Coimbatore,Tamil Nadu,2021-06-04,Low
CUST02469,Bhavin,Ramanathan,1999-04-16,Male,Kolkata,West Bengal,2020-04-23,Low
CUST02470,Keya,Lall,1970-10-07,Male,Surat,Gujarat,2025-04-18,Low
CUST02471,Tiya,Dewan,1968-12-19,Male,Kolkata,West Bengal,2018-11-04,Low
CUST02472,Dharmajan,Luthra,1985-12-17,Female,Lucknow,Uttar Pradesh,2024-05-29,High
CUST02473,Oorja,Bassi,1990-06-23,Male,Hyderabad,Telangana,2022-01-02,Medium
CUST02474,Kartik,Korpal,1977-04-09,Female,Jaipur,Rajasthan,2023-10-12,Medium
CUST02475,Lavanya,Kumer,1959-06-19,Female,Warangal,Telangana,2024-04-27,Low
CUST02476,Taran,Issac,1965-09-19,Male,Hyderabad,Telangana,2024-09-27,Medium
CUST02477,Aaryahi,Goyal,1981-12-03,Female,New Delhi,Delhi,2021-10-27,Low
CUST02478,Abram,Dhar,1979-02-14,Female,Kozhikode,Kerala,2021-08-21,Medium
CUST02479,Ryan,Kapoor,1993-10-29,Male,Kolkata,West Bengal,2019-05-25,Low
CUST02480,Madhav,Seth,1985-11-17,Female,Surat,Gujarat,2024-12-15,Medium
CUST02481,Zeeshan,Suri,1985-10-05,Female,Udaipur,Rajasthan,2021-02-07,Low
CUST02482,Ishaan,Swaminathan,2005-03-10,Female,Pune,Maharashtra,2022-04-03,Medium
CUST02483,Samiha,Wason,1983-11-01,Female,Surat,Gujarat,2019-11-02,Medium
CUST02484,Khushi,Ram,1961-07-04,Male,Jaipur,Rajasthan,2019-11-15,Low
CUST02485,Lakshay,Doshi,1987-12-12,Female,Surat,Gujarat,2023-02-13,Low
CUST02486,Shamik,Bali,1995-11-05,Female,Kozhikode,Kerala,2025-01-30,High
CUST02487,Uthkarsh,Basu,1956-02-06,Male,Mumbai,Maharashtra,2022-02-18,Low
CUST02488,Navya,Deshpande,1983-11-09,Male,Hubballi,Karnataka,2020-02-20,Medium
CUST02489,Ivana,Kashyap,2003-12-25,Male,Kolkata,West Bengal,2023-06-25,Low
CUST02490,Tanya,Biswas,1969-03-17,Female,Jaipur,Rajasthan,2020-03-25,Low
CUST02491,Vaibhav,Dhillon,1993-05-04,Female,Ahmedabad,Gujarat,2022-10-28,Low
CUST02492,Arnav,Tata,1976-03-14,Male,Kolkata,West Bengal,2023-08-18,Low
CUST02493,Romil,Koshy,1993-09-16,Male,Warangal,Telangana,2024-12-10,Medium
CUST02494,Anahi,Choudhury,1957-06-23,Male,New Delhi,Delhi,2025-05-19,Low
CUST02495,Aarav,Bose,1973-07-10,Female,Ahmedabad,Gujarat,2021-03-15,Low
CUST02496,Navya,Tiwari,1998-12-19,Female,Warangal,Telangana,2022-09-02,Low
CUST02497,Gatik,Sachdeva,2000-12-18,Female,Thiruvananthapuram,Kerala,2021-02-04,Low
CUST02498,Zeeshan,Chakraborty,1989-02-13,Female,Hyderabad,Telangana,2024-07-02,Medium
CUST02499,Neelofar,Das,1957-08-01,Female,Bengaluru,Karnataka,2019-08-31,High
CUST02500,Tarini,Devi,1989-03-14,Male,Coimbatore,Tamil Nadu,2019-03-21,Low
CUST02501,Kismat,Sharma,1980-04-07,Female,New Delhi,Delhi,2023-08-05,Medium
CUST02502,Anya,Mandal,1985-04-28,Female,Warangal,Telangana,2020-11-04,Medium
CUST02503,Mishti,Sankar,1988-01-17,Male,Noida,Uttar Pradesh,2024-07-21,Low
CUST02504,Fateh,Grover,1990-07-11,Female,Hubballi,Karnataka,2024-11-19,High
CUST02505,Kashvi,Anand,1973-04-23,Male,Vadodara,Gujarat,2020-01-13,Low
CUST02506,Kavya,Balakrishnan,1965-08-05,Male,Surat,Gujarat,2021-05-15,Low
CUST02507,Anahi,Vyas,2002-10-29,Male,Ahmedabad,Gujarat,2019-10-20,Medium
CUST02508,Taimur,Bumb,1959-04-01,Male,Madurai,Tamil Nadu,2020-12-20,Low
CUST02509,Taran,Kadakia,1998-12-12,Male,Kanpur,Uttar Pradesh,2021-09-05,Medium
CUST02510,Badal,Dhillon,1975-07-01,Female,Jaipur,Rajasthan,2023-02-26,Medium
CUST02511,Navya,Barad,1990-08-14,Female,Hyderabad,Telangana,2020-04-19,Low
CUST02512,Tiya,Ratti,1968-02-13,Male,Hubballi,Karnataka,2025-02-25,Medium
CUST02513,Divit,Ram,2006-11-12,Male,Lucknow,Uttar Pradesh,2020-01-27,Low
CUST02514,Inaaya ,Edwin,1977-03-02,Male,Noida,Uttar Pradesh,2024-06-23,Low
CUST02515,Yasmin,Dora,1974-02-14,Male,Kanpur,Uttar Pradesh,2024-06-24,Low
CUST02516,Rasha,Sankaran,1980-04-26,Male,Coimbatore,Tamil Nadu,2019-06-19,Medium
CUST02517,Hazel,Mann,1979-07-30,Female,Chennai,Tamil Nadu,2019-11-15,Low
CUST02518,Abram,Biswas,1990-11-29,Male,Kochi,Kerala,2021-01-16,Low
CUST02519,Umang,Sood,1988-08-24,Male,Surat,Gujarat,2022-02-26,Low
CUST02520,Shlok,Bumb,1962-08-14,Male,Kochi,Kerala,2020-07-02,Medium
CUST02521,Indrans,Krishnamurthy,1970-09-11,Male,Bengaluru,Karnataka,2020-04-02,Low
CUST02522,Yashvi,Yadav,1993-08-31,Male,Kolkata,West Bengal,2023-11-13,Low
CUST02523,Prisha,Thakur,1991-06-03,Male,Coimbatore,Tamil Nadu,2023-03-06,Low
CUST02524,Riya,Majumdar,2003-06-09,Female,Chennai,Tamil Nadu,2025-01-30,Low
CUST02525,Zaina,Bhandari,1984-01-19,Male,Kolkata,West Bengal,2022-07-26,Medium
CUST02526,Dhanuk,Bhardwaj,1964-07-30,Male,Ahmedabad,Gujarat,2018-10-18,Low
CUST02527,Anvi,Ghosh,1976-11-07,Female,Hubballi,Karnataka,2024-07-12,Low
CUST02528,Taran,Boase,1985-09-21,Male,Kolkata,West Bengal,2023-09-25,High
CUST02529,Elakshi,Singh,1978-12-04,Male,Surat,Gujarat,2020-02-12,Low
CUST02530,Rhea,Doshi,1957-08-09,Female,Kolkata,West Bengal,2024-12-24,High
CUST02531,Fateh,Choudhry,1964-05-29,Male,Kochi,Kerala,2024-07-21,Low
CUST02532,Hridaan,Sankaran,1971-01-25,Male,Noida,Uttar Pradesh,2021-04-07,Medium
CUST02533,Gokul,Cheema,1964-07-05,Male,Nagpur,Maharashtra,2019-04-27,Low
CUST02534,Aarna,Sant,2007-07-29,Female,Kolkata,West Bengal,2025-04-26,Low
CUST02535,Faiyaz,Barad,1956-12-05,Male,Udaipur,Rajasthan,2025-03-28,Medium
CUST02536,Anya,Shukla,1984-12-29,Male,Hyderabad,Telangana,2019-01-05,Medium
CUST02537,Kiaan,Bhagat,1957-11-18,Male,Jaipur,Rajasthan,2025-05-24,Medium
CUST02538,Nirvi,Kunda,1996-01-06,Male,New Delhi,Delhi,2019-02-26,Low
CUST02539,Anaya,Bhargava,1972-11-12,Male,Mangaluru,Karnataka,2019-01-07,Medium
CUST02540,Chirag,Dora,2001-01-28,Male,Hyderabad,Telangana,2018-09-26,Medium
CUST02541,Tanya,Bava,1964-01-27,Male,Thiruvananthapuram,Kerala,2023-10-08,Low
CUST02542,Lagan,Raj,1969-04-05,Female,Hyderabad,Telangana,2020-03-22,Medium
CUST02543,Oorja,Gill,1957-08-22,Female,Udaipur,Rajasthan,2019-06-04,Medium
CUST02544,Hunar,Vaidya,2006-06-05,Female,Kolkata,West Bengal,2021-01-03,Low
CUST02545,Kavya,Ghosh,1979-08-14,Female,Warangal,Telangana,2020-01-06,Low
CUST02546,Damini,Sridhar,2005-03-24,Male,Warangal,Telangana,2023-11-12,Low
CUST02547,Nakul,Krishnan,1994-06-15,Female,Nagpur,Maharashtra,2019-03-26,Low
CUST02548,Divyansh,Tank,1994-12-28,Male,Warangal,Telangana,2025-02-21,Low
CUST02549,Abram,Lalla,1970-06-01,Female,Kolkata,West Bengal,2024-09-26,Low
CUST02550,Kartik,Dhaliwal,1967-05-04,Female,New Delhi,Delhi,2025-01-23,Low
CUST02551,Heer,Agate,2005-01-03,Female,Ahmedabad,Gujarat,2019-06-28,Low
CUST02552,Lakshit,Krishnan,2003-10-24,Female,New Delhi,Delhi,2022-09-08,Low
CUST02553,Tejas,Sarkar,1995-10-04,Female,Chennai,Tamil Nadu,2020-03-23,Medium
CUST02554,Advika,Samra,1962-12-14,Female,Kanpur,Uttar Pradesh,2020-03-09,Medium
CUST02555,Sumer,Gupta,1984-07-04,Female,Noida,Uttar Pradesh,2020-06-21,Low
CUST02556,Drishya,Comar,1983-05-21,Female,Ahmedabad,Gujarat,2019-08-11,High
CUST02557,Tara,Dugar,1964-01-23,Male,Coimbatore,Tamil Nadu,2022-08-12,Low
CUST02558,Faiyaz,Lad,1964-11-24,Female,Coimbatore,Tamil Nadu,2022-11-13,Low
CUST02559,Tarini,Gole,2003-08-10,Male,Pune,Maharashtra,2021-02-06,Low
CUST02560,Ivana,Sen,1958-05-31,Female,New Delhi,Delhi,2019-05-08,Low
CUST02561,Shaan,Koshy,1963-07-11,Female,Mumbai,Maharashtra,2021-12-03,Medium
CUST02562,Raunak,Kari,1996-07-03,Female,Mangaluru,Karnataka,2024-11-29,Medium
CUST02563,Sahil,Sankar,1985-11-10,Male,Kolkata,West Bengal,2020-07-27,Low
CUST02564,Ishita,Jani,1975-06-04,Male,Jaipur,Rajasthan,2022-04-16,Low
CUST02565,Kanav,Varty,1960-05-21,Female,Kozhikode,Kerala,2025-06-23,Low
CUST02566,Anika,Sane,1980-08-26,Male,Jaipur,Rajasthan,2020-03-05,Low
CUST02567,Abram,Sandal,1989-02-07,Male,Udaipur,Rajasthan,2024-05-14,Low
CUST02568,Ehsaan,Hora,1985-06-16,Male,Noida,Uttar Pradesh,2023-02-04,Low
CUST02569,Nirvi,Sandhu,1961-06-07,Female,Surat,Gujarat,2019-08-31,Medium
CUST02570,Hridaan,Hora,1982-11-29,Female,Hyderabad,Telangana,2024-07-24,Medium
CUST02571,Kiara,Behl,2006-02-07,Male,Kolkata,West Bengal,2020-02-01,Low
CUST02572,Chirag,Gopal,1969-03-13,Male,Thiruvananthapuram,Kerala,2021-07-13,Medium
CUST02573,Krish,Rajan,1983-02-28,Male,Nashik,Maharashtra,2019-09-11,Low
CUST02574,Mehul,Tripathi,1984-07-20,Male,Kanpur,Uttar Pradesh,2024-10-26,Low
CUST02575,Charvi,Dewan,2007-09-11,Female,Hyderabad,Telangana,2024-09-19,Low
CUST02576,Tiya,Mannan,1996-01-18,Female,Bengaluru,Karnataka,2020-12-21,Low
CUST02577,Tanya,Subramanian,1999-06-18,Female,Kochi,Kerala,2022-01-20,High
CUST02578,Taimur,Khanna,2001-01-06,Female,Bengaluru,Karnataka,2023-10-12,Low
CUST02579,Yuvaan,Kibe,1990-06-14,Female,Bengaluru,Karnataka,2021-01-08,Low
CUST02580,Hunar,Sodhi,1986-08-03,Female,Nashik,Maharashtra,2019-07-27,Low
CUST02581,Gatik,Dass,1988-12-12,Female,Thiruvananthapuram,Kerala,2022-11-17,Low
CUST02582,Mehul,Ratti,1964-10-22,Female,Ahmedabad,Gujarat,2018-11-26,Medium
CUST02583,Divyansh,Shan,1959-03-31,Female,Kolkata,West Bengal,2019-03-25,Low
CUST02584,Charvi,Sane,1957-06-20,Female,Kozhikode,Kerala,2020-03-04,Low
CUST02585,Vaibhav,Ramakrishnan,2001-11-13,Female,Kolkata,West Bengal,2021-06-06,Low
CUST02586,Indrans,Doshi,1997-12-22,Female,Lucknow,Uttar Pradesh,2023-12-14,Low
CUST02587,Divit,Sidhu,1960-11-08,Male,Hyderabad,Telangana,2024-04-09,Low
CUST02588,Suhana,Lad,2007-11-19,Male,Chennai,Tamil Nadu,2022-11-02,Low
CUST02589,Vritika,Kaul,1969-05-23,Female,Ahmedabad,Gujarat,2021-02-23,Low
CUST02590,Nitara,Kothari,1989-01-04,Male,Pune,Maharashtra,2022-12-11,Medium
CUST02591,Pranay,Madan,1979-01-12,Female,Jaipur,Rajasthan,2025-07-14,Medium
CUST02592,Hrishita,Mahajan,1956-11-07,Male,Kochi,Kerala,2025-02-23,Medium
CUST02593,Arhaan,Kale,1963-10-04,Male,Mangaluru,Karnataka,2021-11-29,Low
CUST02594,Alisha,Dugar,1981-04-04,Male,Thiruvananthapuram,Kerala,2022-05-31,Low
CUST02595,Amira,Badami,1957-11-19,Female,Kozhikode,Kerala,2020-02-26,Low
CUST02596,Ivana,Sahni,1976-04-09,Male,Madurai,Tamil Nadu,2024-08-27,Medium
CUST02597,Ivan,Korpal,1984-12-15,Female,Pune,Maharashtra,2019-10-17,Low
CUST02598,Sahil,Sehgal,1982-02-15,Female,Madurai,Tamil Nadu,2022-10-18,Low
CUST02599,Tarini,Bhakta,1994-05-11,Female,Kolkata,West Bengal,2024-05-23,Low
CUST02600,Ayesha,Sahni,1993-05-02,Male,Kanpur,Uttar Pradesh,2024-06-24,Low
CUST02601,Hrishita,Mangal,1987-08-15,Female,Thiruvananthapuram,Kerala,2022-09-12,Low
CUST02602,Jhanvi,Varma,1966-04-15,Female,Hyderabad,Telangana,2022-12-17,Low
CUST02603,Bhavin,Hayre,1973-07-28,Female,Kozhikode,Kerala,2022-11-09,Medium
CUST02604,Kiara,Gulati,1997-08-19,Male,New Delhi,Delhi,2024-05-27,Low
CUST02605,Sumer,Sinha,1975-01-02,Male,Mumbai,Maharashtra,2021-05-17,Low
CUST02606,Biju,Atwal,1995-10-31,Female,Mysuru,Karnataka,2019-01-13,Low
CUST02607,Gokul,Toor,1980-08-01,Male,Warangal,Telangana,2021-08-13,Low
CUST02608,Zoya,Shanker,1995-05-22,Female,Warangal,Telangana,2018-11-17,Low
CUST02609,Tarini,Walla,1998-03-11,Male,New Delhi,Delhi,2021-07-21,Medium
CUST02610,Vaibhav,Bava,1984-10-13,Female,Kozhikode,Kerala,2021-08-02,Low
CUST02611,Taimur,Jha,1979-07-21,Female,Madurai,Tamil Nadu,2019-02-17,Medium
CUST02612,Nitara,Das,1972-07-01,Male,Chennai,Tamil Nadu,2020-08-23,Low
CUST02613,Neelofar,Dugal,1995-12-21,Female,Surat,Gujarat,2019-05-16,Low
CUST02614,Prisha,Bali,1976-05-25,Male,Ahmedabad,Gujarat,2019-08-16,Medium
CUST02615,Shayak,Chad,1956-12-27,Male,Thiruvananthapuram,Kerala,2023-03-25,Low
CUST02616,Shaan,Bahl,1987-01-05,Male,Kozhikode,Kerala,2024-03-30,Low
CUST02617,Aarna,Mander,1990-09-05,Male,Coimbatore,Tamil Nadu,2022-03-26,Low
CUST02618,Priyansh,Anne,2003-01-04,Male,Pune,Maharashtra,2022-08-24,Low
CUST02619,Khushi,Apte,1977-03-10,Male,Kolkata,West Bengal,2021-11-11,Medium
CUST02620,Kaira,Hayer,1977-08-03,Female,Hubballi,Karnataka,2023-07-09,Low
CUST02621,Divyansh,Swamy,1988-11-18,Female,New Delhi,Delhi,2019-07-02,Medium
CUST02622,Prisha,Sandal,1969-08-29,Male,Jaipur,Rajasthan,2021-07-04,Medium
CUST02623,Charvi,Krishnamurthy,2007-09-13,Female,Ahmedabad,Gujarat,2024-04-29,Low
CUST02624,Shayak,Chacko,1997-06-27,Male,Vadodara,Gujarat,2021-03-13,Medium
CUST02625,Tejas,Kamdar,1969-05-18,Female,Udaipur,Rajasthan,2022-11-16,Low
CUST02626,Myra,Vaidya,1960-10-10,Male,Kolkata,West Bengal,2023-03-17,High
CUST02627,Lakshit,Dhawan,1973-09-10,Female,Mumbai,Maharashtra,2019-01-20,Low
CUST02628,Rohan,Mangat,1983-01-03,Female,Ahmedabad,Gujarat,2025-06-29,Low
CUST02629,Mamooty,Ratta,2006-03-15,Female,Warangal,Telangana,2019-06-07,Low
CUST02630,Saanvi,Uppal,1994-12-30,Male,Kanpur,Uttar Pradesh,2019-06-16,Low
CUST02631,Kiara,Ganguly,1974-04-02,Female,Udaipur,Rajasthan,2019-03-22,Low
CUST02632,Jiya,Suresh,1991-10-15,Male,Mysuru,Karnataka,2022-09-10,Medium
CUST02633,Aaryahi,Cheema,1979-04-14,Male,Hyderabad,Telangana,2025-06-02,Low
CUST02634,Dhanuk,Sachdev,1976-03-10,Male,Mangaluru,Karnataka,2022-12-10,Low
CUST02635,Zaina,Doctor,1985-02-09,Male,Mumbai,Maharashtra,2024-04-17,Medium
CUST02636,Hrishita,Dugar,1969-04-06,Female,Warangal,Telangana,2022-03-05,Low
CUST02637,Yakshit,Dass,1998-03-06,Female,Ahmedabad,Gujarat,2023-01-13,High
CUST02638,Amani,Sampath,2007-08-08,Male,Thiruvananthapuram,Kerala,2023-04-23,Medium
CUST02639,Jivin,Wadhwa,1956-11-30,Male,Chennai,Tamil Nadu,2023-12-28,High
CUST02640,Renee,Kuruvilla,1968-05-05,Female,Kozhikode,Kerala,2023-07-23,Medium
CUST02641,Charvi,Chhabra,2000-08-13,Female,Bengaluru,Karnataka,2024-12-17,Low
CUST02642,Anahita,Desai,1999-01-22,Male,Udaipur,Rajasthan,2023-03-08,Low
CUST02643,Zoya,Rana,2007-12-27,Female,Hyderabad,Telangana,2022-05-04,Medium
CUST02644,Jivika,Seth,1998-04-20,Female,Pune,Maharashtra,2019-02-28,Low
CUST02645,Elakshi,Chaudhry,1980-06-09,Male,New Delhi,Delhi,2022-08-01,Low
CUST02646,Hunar,Dara,1965-11-21,Male,Hubballi,Karnataka,2024-12-31,Low
CUST02647,Piya,Singhal,1976-01-31,Female,New Delhi,Delhi,2022-05-09,High
CUST02648,Zain,Dutta,1960-01-13,Male,Kochi,Kerala,2024-01-16,Low
CUST02649,Lagan,Vaidya,1983-09-19,Male,Mangaluru,Karnataka,2020-12-02,Low
CUST02650,Reyansh,Roy,1966-07-30,Female,Lucknow,Uttar Pradesh,2020-10-30,Low
CUST02651,Piya,Rama,1971-09-20,Female,Warangal,Telangana,2022-02-06,Low
CUST02652,Nakul,Bhandari,1965-11-08,Male,Bengaluru,Karnataka,2020-04-13,Low
CUST02653,Aniruddh,Das,1976-10-12,Female,Hyderabad,Telangana,2022-08-07,Low
CUST02654,Aradhya,Mammen,1985-04-30,Male,Mumbai,Maharashtra,2022-03-29,Low
CUST02655,Neelofar,Zachariah,1958-03-02,Female,New Delhi,Delhi,2020-05-14,Medium
CUST02656,Indranil,Deshpande,1964-12-07,Female,New Delhi,Delhi,2018-11-24,Low
CUST02657,Pranay,Subramanian,1974-07-21,Female,Thiruvananthapuram,Kerala,2024-04-02,Medium
CUST02658,Ira,Chakrabarti,1999-06-30,Female,Mangaluru,Karnataka,2019-01-04,Medium
CUST02659,Saira,Kibe,1957-01-01,Female,New Delhi,Delhi,2019-02-13,Low
CUST02660,Dharmajan,Dugar,1996-08-02,Male,Kozhikode,Kerala,2021-03-08,Low
CUST02661,Chirag,Yohannan,1983-05-07,Male,Coimbatore,Tamil Nadu,2021-09-28,Low
CUST02662,Oorja,Saha,1961-10-17,Male,Coimbatore,Tamil Nadu,2022-01-10,Medium
CUST02663,Samaira,Upadhyay,1965-03-19,Female,Mysuru,Karnataka,2020-08-28,Low
CUST02664,Faiyaz,Mangal,2005-08-18,Female,New Delhi,Delhi,2022-11-27,Low
CUST02665,Fateh,Lal,2000-11-06,Male,Warangal,Telangana,2023-08-03,Low
CUST02666,Urvi,Lala,1972-10-13,Male,Kozhikode,Kerala,2022-11-15,Low
CUST02667,Divij,Dani,1996-06-19,Female,Jaipur,Rajasthan,2019-09-09,Low
CUST02668,Trisha,Swamy,1976-12-22,Female,New Delhi,Delhi,2021-06-14,Low
CUST02669,Keya,Shan,1982-03-09,Female,Kanpur,Uttar Pradesh,2025-07-03,Medium
CUST02670,Siya,Sharaf,1971-09-15,Female,Kochi,Kerala,2022-03-31,Low
CUST02671,Madhav,Bora,1962-12-01,Male,Noida,Uttar Pradesh,2020-02-21,Low
CUST02672,Lakshit,Devan,1985-07-22,Female,Lucknow,Uttar Pradesh,2022-02-14,Low
CUST02673,Onkar,Venkataraman,1995-10-06,Female,Kolkata,West Bengal,2019-02-15,Medium
CUST02674,Ayesha,Loke,1981-02-23,Female,Mumbai,Maharashtra,2024-08-07,Low
CUST02675,Faiyaz,Dutt,1992-10-14,Female,Coimbatore,Tamil Nadu,2022-04-03,Medium
CUST02676,Anika,Sanghvi,1972-05-30,Male,Udaipur,Rajasthan,2021-01-04,Low
CUST02677,Vardaniya,Bora,1980-05-08,Male,Thiruvananthapuram,Kerala,2022-09-10,Low
CUST02678,Saanvi,Gour,1976-08-14,Female,Nagpur,Maharashtra,2018-10-30,Low
CUST02679,Neelofar,Zachariah,1996-11-15,Male,Kolkata,West Bengal,2018-12-12,Low
CUST02680,Seher,Saini,1959-05-15,Male,Kozhikode,Kerala,2024-07-10,Low
CUST02681,Vedika,Sampath,1971-12-17,Male,Hubballi,Karnataka,2020-10-19,Low
CUST02682,Ishita,Handa,1976-09-10,Female,Hubballi,Karnataka,2024-02-01,Medium
CUST02683,Rati,Golla,2002-04-12,Female,Bengaluru,Karnataka,2019-09-09,Low
CUST02684,Hazel,Verma,1971-09-26,Female,Coimbatore,Tamil Nadu,2022-05-31,Low
CUST02685,Vidur,Agrawal,1982-05-23,Female,Jaipur,Rajasthan,2020-10-27,Low
CUST02686,Romil,Bath,2007-02-21,Male,Kochi,Kerala,2020-08-26,Low
CUST02687,Rohan,Cheema,1966-07-21,Male,Vadodara,Gujarat,2022-05-20,Low
CUST02688,Mohanlal,Dutt,2007-10-29,Male,Kochi,Kerala,2024-02-18,Low
CUST02689,Yuvraj ,Subramanian,1957-12-15,Male,Kolkata,West Bengal,2020-12-24,Low
CUST02690,Dhanush,Tata,1989-02-09,Male,Surat,Gujarat,2022-08-28,Low
CUST02691,Sara,Jhaveri,1978-04-16,Female,Nagpur,Maharashtra,2024-10-01,Low
CUST02692,Aarna,Vora,1962-06-25,Female,Kanpur,Uttar Pradesh,2020-01-06,Low
CUST02693,Rasha,De,1990-02-08,Male,Kanpur,Uttar Pradesh,2019-03-20,Low
CUST02694,Sumer,Kade,1996-08-15,Female,Lucknow,Uttar Pradesh,2024-11-07,Low
CUST02695,Ira,Shan,1977-11-19,Male,Kochi,Kerala,2022-07-04,High
CUST02696,Rania,Atwal,2007-07-03,Female,Jaipur,Rajasthan,2019-02-03,Low
CUST02697,Nayantara,Rege,1968-02-25,Female,Kochi,Kerala,2024-01-04,Low
CUST02698,Ahana ,Sule,1999-04-11,Female,Noida,Uttar Pradesh,2019-10-22,Low
CUST02699,Aarav,Iyer,1969-04-06,Female,Jaipur,Rajasthan,2023-12-30,Medium
CUST02700,Ryan,Dugar,1994-10-31,Female,Ahmedabad,Gujarat,2019-05-08,Medium
CUST02701,Faiyaz,Brar,1972-08-19,Male,Udaipur,Rajasthan,2023-01-16,Low
CUST02702,Riya,Sodhi,1999-10-29,Female,Udaipur,Rajasthan,2025-02-21,High
CUST02703,Hansh,Vaidya,1996-01-27,Female,New Delhi,Delhi,2024-06-25,Low
CUST02704,Zain,Sule,1977-05-20,Female,Surat,Gujarat,2022-06-28,Low
CUST02705,Anvi,Vohra,2005-09-04,Female,Bengaluru,Karnataka,2019-10-14,Medium
CUST02706,Pranay,Chadha,2002-06-07,Female,Pune,Maharashtra,2023-09-11,Medium
CUST02707,Shaan,Sura,1974-10-29,Female,Warangal,Telangana,2020-05-04,Low
CUST02708,Dharmajan,Johal,1980-08-30,Male,Noida,Uttar Pradesh,2020-03-13,Low
CUST02709,Vihaan,Vora,1981-04-29,Female,Hubballi,Karnataka,2023-07-03,Low
CUST02710,Mamooty,Anne,1957-03-18,Male,Vadodara,Gujarat,2023-05-27,Low
CUST02711,Neelofar,Ramesh,1998-04-16,Male,Kolkata,West Bengal,2020-08-05,Medium
CUST02712,Dhruv,Kashyap,1969-02-20,Male,Mumbai,Maharashtra,2020-11-16,Low
CUST02713,Rati,Varkey,1967-02-18,Female,Nagpur,Maharashtra,2019-01-27,Low
CUST02714,Yakshit,Ranganathan,1984-11-01,Male,Kozhikode,Kerala,2023-10-04,Low
CUST02715,Pranay,Borde,1961-09-16,Female,New Delhi,Delhi,2021-10-12,Low
CUST02716,Jayan,Mander,1963-08-20,Male,Noida,Uttar Pradesh,2018-10-08,Low
CUST02717,Saanvi,Lall,1985-04-05,Male,Hyderabad,Telangana,2025-03-24,Low
CUST02718,Amani,Thaker,2001-06-27,Female,Chennai,Tamil Nadu,2022-11-08,High
CUST02719,Fateh,Choudhury,2004-03-16,Male,Kozhikode,Kerala,2020-05-18,Medium
CUST02720,Kanav,Venkataraman,1973-10-06,Female,Hubballi,Karnataka,2021-02-05,Low
CUST02721,Siya,Kota,1981-08-25,Male,Mumbai,Maharashtra,2019-10-04,Medium
CUST02722,Adah,Varty,1969-09-16,Male,Madurai,Tamil Nadu,2023-10-03,Medium
CUST02723,Madhav,Tata,1974-11-27,Male,Jaipur,Rajasthan,2024-10-30,Medium
CUST02724,Parinaaz,Chandra,1984-02-12,Male,Hyderabad,Telangana,2020-03-08,Low
CUST02725,Yuvraj ,Sule,1965-07-31,Female,Hubballi,Karnataka,2018-11-23,Low
CUST02726,Riaan,Deep,1971-09-04,Female,Bengaluru,Karnataka,2023-11-27,Low
CUST02727,Alisha,Dash,1980-10-20,Female,Surat,Gujarat,2023-08-11,Low
CUST02728,Piya,Sabharwal,1986-10-29,Male,Warangal,Telangana,2019-05-19,Low
CUST02729,Aayush,Keer,1964-09-17,Female,Lucknow,Uttar Pradesh,2021-05-26,Low
CUST02730,Rania,Issac,2002-05-22,Female,Madurai,Tamil Nadu,2020-06-15,Low
CUST02731,Riya,Handa,2003-11-10,Male,Chennai,Tamil Nadu,2022-04-02,Medium
CUST02732,Sara,Raju,1973-01-31,Male,Madurai,Tamil Nadu,2019-04-09,Low
CUST02733,Divit,Mallick,1959-08-25,Male,Kolkata,West Bengal,2019-02-03,Low
CUST02734,Shamik,Dalal,1987-09-12,Female,Kozhikode,Kerala,2021-08-30,High
CUST02735,Mahika,Sampath,1996-05-11,Male,Kanpur,Uttar Pradesh,2024-09-07,Medium
CUST02736,Siya,Tailor,1958-09-30,Female,Thiruvananthapuram,Kerala,2018-09-11,Medium
CUST02737,Ojas,Krishnan,1997-10-25,Female,Nashik,Maharashtra,2021-11-21,High
CUST02738,Romil,Hora,2001-04-30,Female,Ahmedabad,Gujarat,2021-10-21,Low
CUST02739,Hansh,Walla,1993-09-22,Male,Thiruvananthapuram,Kerala,2018-12-31,High
CUST02740,Kavya,Chakraborty,1973-05-12,Male,Kanpur,Uttar Pradesh,2020-02-04,Low
CUST02741,Damini,Koshy,1978-09-24,Male,Kanpur,Uttar Pradesh,2022-08-19,Low
CUST02742,Hansh,Basu,1977-03-29,Male,Kanpur,Uttar Pradesh,2024-09-09,Low
CUST02743,Eva,Kalita,1965-04-19,Male,New Delhi,Delhi,2020-11-12,Low
CUST02744,Farhan,Dugar,1958-08-27,Female,Kolkata,West Bengal,2019-09-27,Low
CUST02745,Charvi,Viswanathan,1974-10-09,Male,Coimbatore,Tamil Nadu,2025-01-04,Low
CUST02746,Taran,Kale,1974-11-26,Male,New Delhi,Delhi,2020-11-20,Medium
CUST02747,Manjari,Thakkar,2007-06-22,Male,Madurai,Tamil Nadu,2020-11-22,Low
CUST02748,Ela,Dugar,1985-04-21,Male,New Delhi,Delhi,2020-01-20,Low
CUST02749,Saksham,Shan,1989-01-29,Female,Coimbatore,Tamil Nadu,2025-02-22,Medium
CUST02750,Indrajit,Mall,2000-05-21,Female,Ahmedabad,Gujarat,2024-01-25,Low
CUST02751,Yasmin,Kannan,1959-04-09,Female,Surat,Gujarat,2020-04-03,Low
CUST02752,Indrajit,Bala,1971-04-17,Male,Noida,Uttar Pradesh,2020-03-17,Low
CUST02753,Armaan,Keer,1973-05-10,Female,Madurai,Tamil Nadu,2020-01-16,Low
CUST02754,Renee,Kaur,1985-05-07,Female,Noida,Uttar Pradesh,2019-08-21,Low
CUST02755,Bhamini,Bahri,1985-09-11,Female,Noida,Uttar Pradesh,2021-09-06,Medium
CUST02756,Rhea,Mand,1988-08-31,Female,Mumbai,Maharashtra,2022-07-18,Low
CUST02757,Bhamini,Bhalla,2004-08-17,Male,Chennai,Tamil Nadu,2019-11-28,Low
CUST02758,Gatik,Ghosh,1962-01-06,Male,Nashik,Maharashtra,2020-05-19,Medium
CUST02759,Raunak,Chana,1967-02-06,Female,New Delhi,Delhi,2025-01-10,Medium
CUST02760,Diya,Tata,1974-03-19,Male,Pune,Maharashtra,2023-06-10,Low
CUST02761,Nitara,Master,1970-02-07,Female,Ahmedabad,Gujarat,2023-08-13,Low
CUST02762,Aarush,Lall,2007-11-01,Male,Kanpur,Uttar Pradesh,2023-07-04,Low
CUST02763,Jivin,Joshi,1960-11-16,Male,Bengaluru,Karnataka,2020-09-28,Low
CUST02764,Tiya,Krish,2001-09-17,Female,New Delhi,Delhi,2019-06-14,Low
CUST02765,Shalv,Arya,1974-12-29,Male,New Delhi,Delhi,2024-06-11,Low
CUST02766,Pihu,Bhat,1982-06-22,Female,Ahmedabad,Gujarat,2021-10-29,High
CUST02767,Kiara,Bera,1977-08-31,Male,Warangal,Telangana,2019-12-16,Low
CUST02768,Aniruddh,Baria,1986-12-20,Female,Kolkata,West Bengal,2024-09-01,Low
CUST02769,Nirvi,Khatri,1986-07-19,Male,Hyderabad,Telangana,2023-12-30,Low
CUST02770,Priyansh,Rajan,2000-06-04,Female,Jaipur,Rajasthan,2018-09-13,Low
CUST02771,Shalv,Bains,2000-04-20,Male,Lucknow,Uttar Pradesh,2023-12-11,Low
CUST02772,Alisha,Gaba,2005-06-06,Male,Hyderabad,Telangana,2024-11-23,Low
CUST02773,Yasmin,Mane,1964-06-13,Male,Mangaluru,Karnataka,2020-06-12,Medium
CUST02774,Badal,Suresh,1999-06-13,Female,Noida,Uttar Pradesh,2021-01-21,Low
CUST02775,Samarth,Sur,1959-06-06,Male,New Delhi,Delhi,2024-12-22,Low
CUST02776,Devansh,Mahal,1996-08-20,Female,Hyderabad,Telangana,2021-11-22,Low
CUST02777,Divij,Iyengar,1973-01-05,Female,Udaipur,Rajasthan,2020-03-01,Low
CUST02778,Nakul,Solanki,1982-10-18,Female,Noida,Uttar Pradesh,2019-05-30,Low
CUST02779,Akarsh,Varkey,1969-10-26,Male,Nashik,Maharashtra,2020-01-14,Low
CUST02780,Vidur,Sridhar,1983-01-12,Female,Ahmedabad,Gujarat,2021-01-27,Low
CUST02781,Neelofar,Shetty,2000-02-27,Male,Madurai,Tamil Nadu,2019-12-17,Low
CUST02782,Fateh,Dixit,1989-01-19,Female,Mumbai,Maharashtra,2025-06-18,Medium
CUST02783,Adah,Shah,1976-10-01,Female,Hyderabad,Telangana,2024-06-23,High
CUST02784,Lavanya,Bhatti,1980-01-31,Female,Mysuru,Karnataka,2024-04-23,Medium
CUST02785,Divit,Thaman,1980-08-27,Female,Thiruvananthapuram,Kerala,2023-01-04,Medium
CUST02786,Krish,Konda,1985-12-17,Female,Pune,Maharashtra,2021-12-13,Low
CUST02787,Anika,Desai,1993-12-18,Female,Pune,Maharashtra,2023-10-04,High
CUST02788,Aarna,Bath,2007-02-16,Female,Vadodara,Gujarat,2022-03-30,Low
CUST02789,Zoya,Gour,1997-06-03,Male,Jaipur,Rajasthan,2020-03-26,High
CUST02790,Adira,Rau,1984-08-21,Female,Kozhikode,Kerala,2019-06-10,High
CUST02791,Arnav,Kunda,1978-11-27,Male,Mangaluru,Karnataka,2022-08-05,Medium
CUST02792,Parinaaz,Choudhury,1999-09-20,Female,Kochi,Kerala,2024-06-27,High
CUST02793,Riya,Brahmbhatt,1989-05-10,Female,Mysuru,Karnataka,2023-02-19,Low
CUST02794,Mohanlal,Sabharwal,1991-05-09,Male,Udaipur,Rajasthan,2019-05-13,Low
CUST02795,Riaan,Kaur,1985-05-30,Male,Warangal,Telangana,2019-04-29,Low
CUST02796,Zaina,Khare,1976-02-03,Male,Noida,Uttar Pradesh,2019-11-30,Low
CUST02797,Gokul,Sani,1976-02-03,Male,New Delhi,Delhi,2020-10-06,Low
CUST02798,Elakshi,Kala,1975-10-04,Female,Noida,Uttar Pradesh,2023-06-27,Low
CUST02799,Badal,Majumdar,1960-11-09,Male,Udaipur,Rajasthan,2019-01-13,High
CUST02800,Drishya,Bhagat,1990-05-26,Male,Kozhikode,Kerala,2022-04-07,Low
CUST02801,Zain,Batta,1987-04-09,Male,Mumbai,Maharashtra,2024-04-09,Medium
CUST02802,Saira,Mane,1972-11-21,Female,Jaipur,Rajasthan,2021-09-03,Medium
CUST02803,Onkar,Master,1961-03-19,Female,Surat,Gujarat,2025-03-10,Medium
CUST02804,Damini,Anand,1963-05-27,Female,Hyderabad,Telangana,2024-12-12,High
CUST02805,Nitara,Kashyap,1967-11-13,Male,Mysuru,Karnataka,2025-05-03,Low
CUST02806,Jivin,Upadhyay,1982-05-23,Female,Hubballi,Karnataka,2019-01-13,High
CUST02807,Dharmajan,Joshi,2003-08-01,Male,Surat,Gujarat,2021-03-07,Medium
CUST02808,Saksham,Raj,2004-12-03,Male,Vadodara,Gujarat,2022-07-09,Low
CUST02809,Tanya,Sampath,1986-04-08,Female,Jaipur,Rajasthan,2023-12-16,Low
CUST02810,Zara,Deo,1978-11-16,Male,Kolkata,West Bengal,2025-07-16,Medium
CUST02811,Kabir,Cherian,1968-03-30,Female,New Delhi,Delhi,2019-04-26,Low
CUST02812,Siya,Ramakrishnan,1973-04-18,Female,Ahmedabad,Gujarat,2024-05-18,Low
CUST02813,Emir,Kalla,1992-01-05,Male,Hyderabad,Telangana,2018-10-20,Low
CUST02814,Aarush,Hora,1963-08-04,Male,Warangal,Telangana,2018-10-06,Low
CUST02815,Jayan,Sagar,1988-02-12,Male,Mysuru,Karnataka,2022-07-25,Low
CUST02816,Rania,Jain,2000-05-28,Male,Mumbai,Maharashtra,2024-12-24,Medium
CUST02817,Lavanya,Seshadri,1988-10-08,Male,Kolkata,West Bengal,2021-03-23,Low
CUST02818,Miraya,Talwar,1997-08-14,Female,Mangaluru,Karnataka,2021-09-19,Low
CUST02819,Prisha,Samra,2002-08-16,Female,Noida,Uttar Pradesh,2024-05-23,Low
CUST02820,Vivaan,Suri,1976-03-30,Male,Kochi,Kerala,2019-05-25,Low
CUST02821,Gokul,Bir,1956-08-04,Female,Kolkata,West Bengal,2020-04-09,Medium
CUST02822,Faiyaz,Tandon,1956-09-23,Male,Nagpur,Maharashtra,2024-07-27,Low
CUST02823,Kanav,Varughese,1957-06-22,Male,Kolkata,West Bengal,2020-06-06,Low
CUST02824,Anya,Sachar,1965-07-11,Male,Kolkata,West Bengal,2024-03-05,Low
CUST02825,Nakul,Kamdar,1998-04-02,Female,Udaipur,Rajasthan,2025-05-15,Low
CUST02826,Heer,Chandran,1961-07-04,Male,Udaipur,Rajasthan,2021-03-17,Medium
CUST02827,Trisha,Kata,1965-09-24,Female,Jaipur,Rajasthan,2022-09-06,Medium
CUST02828,Aarna,Apte,1963-07-29,Male,New Delhi,Delhi,2020-01-24,Low
CUST02829,Indrans,Shankar,2003-06-18,Female,Kochi,Kerala,2022-06-09,Low
CUST02830,Aradhya,Keer,1956-12-25,Male,Madurai,Tamil Nadu,2022-06-22,Low
CUST02831,Keya,Dara,1969-05-08,Male,Kozhikode,Kerala,2021-02-27,Low
CUST02832,Jiya,Thakkar,1982-04-22,Male,Nagpur,Maharashtra,2019-01-31,Low
CUST02833,Shamik,Agrawal,1962-08-20,Male,Mysuru,Karnataka,2024-01-05,Low
CUST02834,Riya,Kalita,1983-12-08,Female,Kolkata,West Bengal,2022-11-13,Low
CUST02835,Sara,Mann,1996-03-12,Male,Kolkata,West Bengal,2024-11-13,Low
CUST02836,Ishita,Dhillon,1958-03-03,Female,Kozhikode,Kerala,2022-10-18,Medium
CUST02837,Yakshit,Kibe,1990-08-01,Female,Kochi,Kerala,2023-09-05,High
CUST02838,Samaira,Ramesh,2001-10-31,Male,Kozhikode,Kerala,2025-08-06,Low
CUST02839,Aradhya,D’Alia,2004-04-03,Female,Kolkata,West Bengal,2019-03-02,Medium
CUST02840,Eva,Andra,1984-05-13,Female,Surat,Gujarat,2023-07-21,Low
CUST02841,Saksham,Malhotra,1959-12-21,Male,Hyderabad,Telangana,2020-12-05,Low
CUST02842,Neelofar,Joshi,1987-11-10,Female,Madurai,Tamil Nadu,2019-08-24,Medium
CUST02843,Bhamini,Rastogi,1999-08-15,Female,Jaipur,Rajasthan,2021-08-07,Medium
CUST02844,Alia,Sarkar,1985-05-02,Female,Mangaluru,Karnataka,2018-10-29,High
CUST02845,Ishaan,Dhawan,2005-01-25,Male,Kanpur,Uttar Pradesh,2020-04-14,Low
CUST02846,Anaya,Gera,1985-06-18,Female,Lucknow,Uttar Pradesh,2020-08-16,Low
CUST02847,Dishani,Choudhary,1995-08-22,Male,New Delhi,Delhi,2024-06-23,Medium
CUST02848,Shayak,Ramachandran,2004-04-26,Female,Bengaluru,Karnataka,2024-03-28,Low
CUST02849,Anahita,Bhatti,1975-08-13,Female,Kozhikode,Kerala,2024-10-19,Low
CUST02850,Riya,Hayer,1984-01-07,Female,Vadodara,Gujarat,2024-05-17,Low
CUST02851,Neysa,Shah,1980-03-01,Female,Coimbatore,Tamil Nadu,2025-06-03,Low
CUST02852,Anaya,Sura,1966-09-04,Female,Hyderabad,Telangana,2023-12-09,Low
CUST02853,Lakshay,Dhaliwal,2002-08-26,Male,Kozhikode,Kerala,2025-01-08,Low
CUST02854,Dhruv,Sama,1988-07-05,Female,Pune,Maharashtra,2019-10-01,Medium
CUST02855,Jayant,Chaudhry,1966-04-15,Female,New Delhi,Delhi,2023-10-20,Low
CUST02856,Ayesha,Bedi,1983-12-16,Male,Kanpur,Uttar Pradesh,2022-11-06,Low
CUST02857,Romil,Dalal,1969-11-25,Female,Kozhikode,Kerala,2023-05-22,Low
CUST02858,Badal,Andra,1980-01-24,Female,Lucknow,Uttar Pradesh,2020-11-13,Low
CUST02859,Taimur,Sandhu,1966-06-11,Male,Kozhikode,Kerala,2020-02-19,Low
CUST02860,Damini,Babu,1959-12-25,Female,Kochi,Kerala,2021-07-10,Low
CUST02861,Adah,Bhandari,1997-09-03,Female,Kolkata,West Bengal,2020-07-30,Medium
CUST02862,Fateh,Mand,1970-11-24,Female,Hubballi,Karnataka,2022-10-15,Low
CUST02863,Pranay,Garde,1979-10-28,Male,New Delhi,Delhi,2025-03-12,High
CUST02864,Azad,Solanki,1993-07-21,Male,Ahmedabad,Gujarat,2020-12-04,Low
CUST02865,Indrajit,Varkey,2002-08-12,Male,Kozhikode,Kerala,2023-01-13,Low
CUST02866,Lavanya,Sami,1962-09-26,Female,Nashik,Maharashtra,2024-08-28,Low
CUST02867,Badal,Kanda,1986-10-04,Male,Thiruvananthapuram,Kerala,2025-01-29,Low
CUST02868,Faiyaz,Bera,1997-03-13,Female,Kolkata,West Bengal,2023-11-02,Medium
CUST02869,Vardaniya,Varughese,1962-07-31,Male,Chennai,Tamil Nadu,2023-06-08,Low
CUST02870,Arnav,Kulkarni,1962-10-28,Male,Hyderabad,Telangana,2020-01-26,Low
CUST02871,Mohanlal,Bhargava,1969-08-16,Male,Madurai,Tamil Nadu,2021-09-22,Medium
CUST02872,Indranil,Seth,1975-07-12,Female,Kanpur,Uttar Pradesh,2024-09-03,Medium
CUST02873,Ahana ,Singh,1990-01-28,Male,Jaipur,Rajasthan,2022-11-21,Medium
CUST02874,Sana,Virk,1962-05-28,Male,Thiruvananthapuram,Kerala,2019-12-18,Low
CUST02875,Neelofar,Gopal,1978-06-02,Male,New Delhi,Delhi,2025-08-14,Medium
CUST02876,Hiran,Bhat,1969-05-22,Male,New Delhi,Delhi,2022-05-21,Low
CUST02877,Zeeshan,Sodhi,2007-12-25,Male,Udaipur,Rajasthan,2018-09-15,Low
CUST02878,Nirvaan,Tiwari,1987-11-18,Male,Jaipur,Rajasthan,2021-07-21,Low
CUST02879,Reyansh,Krishnan,1967-04-21,Male,Warangal,Telangana,2019-05-17,Low
CUST02880,Priyansh,Grewal,2004-04-26,Female,Ahmedabad,Gujarat,2025-01-26,Low
CUST02881,Zeeshan,Gole,1998-06-25,Female,Kochi,Kerala,2024-04-22,Low
CUST02882,Nirvaan,Borra,2006-11-27,Male,New Delhi,Delhi,2025-01-22,Medium
CUST02883,Eva,Kade,1971-03-06,Female,Vadodara,Gujarat,2019-10-28,Low
CUST02884,Zaina,Kala,1983-10-13,Female,Kolkata,West Bengal,2022-02-17,Low
CUST02885,Amira,Varkey,1990-10-10,Male,Coimbatore,Tamil Nadu,2025-05-29,Low
CUST02886,Pihu,Golla,1957-09-03,Male,Kochi,Kerala,2022-06-01,Medium
CUST02887,Hunar,Solanki,1956-04-29,Male,Pune,Maharashtra,2024-10-02,Low
CUST02888,Zara,Kuruvilla,1960-05-20,Female,Udaipur,Rajasthan,2019-05-16,Low
CUST02889,Shayak,Dugar,1982-12-25,Male,Vadodara,Gujarat,2025-03-21,Medium
CUST02890,Ivan,Kalla,1959-10-31,Male,Coimbatore,Tamil Nadu,2021-12-29,Medium
CUST02891,Tara,Badami,2000-07-28,Male,Pune,Maharashtra,2024-02-08,Low
CUST02892,Indrajit,Zacharia,1994-09-30,Female,Jaipur,Rajasthan,2019-02-21,Low
CUST02893,Mohanlal,Saxena,2000-08-02,Male,Kanpur,Uttar Pradesh,2023-01-26,Medium
CUST02894,Ritvik,Kadakia,1983-01-02,Female,New Delhi,Delhi,2024-06-10,Low
CUST02895,Rati,Malhotra,1976-05-10,Male,Kanpur,Uttar Pradesh,2024-10-14,Low
CUST02896,Shanaya,Dugar,1979-01-26,Male,New Delhi,Delhi,2018-09-19,Medium
CUST02897,Ranbir,Yogi,1991-07-26,Female,Warangal,Telangana,2023-11-04,Low
CUST02898,Hunar,Sarma,1983-02-19,Female,Pune,Maharashtra,2022-06-12,Low
CUST02899,Nayantara,Chauhan,1992-09-11,Female,Surat,Gujarat,2023-12-17,Low
CUST02900,Vedika,Ranganathan,2000-01-08,Male,New Delhi,Delhi,2022-05-30,Low
CUST02901,Rasha,Gera,1999-10-18,Female,Kolkata,West Bengal,2022-02-02,Low
CUST02902,Urvi,Chaudhary,1976-03-02,Female,Ahmedabad,Gujarat,2019-05-14,Medium
CUST02903,Armaan,Luthra,1978-05-30,Male,Jaipur,Rajasthan,2021-12-19,Low
CUST02904,Samaira,Sem,2006-01-04,Female,Noida,Uttar Pradesh,2019-09-21,Low
CUST02905,Elakshi,Madan,1974-12-21,Male,Kanpur,Uttar Pradesh,2020-06-20,Low
CUST02906,Divij,Kumer,1993-03-13,Female,New Delhi,Delhi,2021-04-22,Low
CUST02907,Elakshi,Garde,2007-03-02,Male,Nashik,Maharashtra,2024-01-22,High
CUST02908,Indranil,Apte,1957-07-19,Female,Jaipur,Rajasthan,2025-06-04,Low
CUST02909,Hrishita,Rajagopalan,1973-04-02,Female,Hyderabad,Telangana,2020-09-13,Low
CUST02910,Urvi,Doshi,2005-02-01,Female,Mysuru,Karnataka,2022-03-31,Low
CUST02911,Dishani,Bhakta,2005-06-17,Male,Surat,Gujarat,2019-02-28,Low
CUST02912,Umang,Dayal,1998-04-25,Female,Pune,Maharashtra,2022-12-19,Low
CUST02913,Sumer,Bhatia,1958-11-24,Male,Ahmedabad,Gujarat,2025-01-31,Medium
CUST02914,Nehmat,Bhatia,1986-03-09,Male,Pune,Maharashtra,2021-03-08,High
CUST02915,Kaira,Shan,1956-01-02,Female,Surat,Gujarat,2022-07-03,Low
CUST02916,Shayak,Dalal,2006-05-25,Male,Vadodara,Gujarat,2023-08-06,Low
CUST02917,Jivika,Saxena,1998-05-14,Male,Kochi,Kerala,2024-04-23,Medium
CUST02918,Hazel,Uppal,1996-03-05,Female,New Delhi,Delhi,2020-08-21,Medium
CUST02919,Stuvan,Doctor,1975-01-05,Male,Nagpur,Maharashtra,2024-04-28,Low
CUST02920,Vardaniya,Tandon,2004-04-17,Female,Vadodara,Gujarat,2023-07-10,Low
CUST02921,Pari,Boase,2004-04-05,Female,Surat,Gujarat,2021-11-11,Low
CUST02922,Elakshi,Shan,1972-07-01,Female,Madurai,Tamil Nadu,2019-07-18,Medium
CUST02923,Shaan,Kuruvilla,1995-04-12,Male,Noida,Uttar Pradesh,2020-04-15,Medium
CUST02924,Vanya,Gole,1986-07-25,Male,Chennai,Tamil Nadu,2019-06-26,Low
CUST02925,Hunar,Sawhney,1984-08-13,Female,Kolkata,West Bengal,2022-02-26,Low
CUST02926,Dhanush,Batra,1959-11-18,Female,Kolkata,West Bengal,2022-04-07,Medium
CUST02927,Hansh,Khanna,1970-04-07,Female,Pune,Maharashtra,2022-06-12,Medium
CUST02928,Dhanuk,Goyal,2001-09-15,Female,Kolkata,West Bengal,2023-02-16,High
CUST02929,Yuvaan,Raja,1993-09-08,Male,Noida,Uttar Pradesh,2023-01-24,Medium
CUST02930,Vanya,Hora,1973-08-05,Female,Thiruvananthapuram,Kerala,2023-08-15,Low
CUST02931,Charvi,Ravi,1984-06-18,Female,New Delhi,Delhi,2022-05-24,Low
CUST02932,Prisha,Konda,2005-06-10,Male,Mysuru,Karnataka,2022-03-13,Low
CUST02933,Ishaan,Bora,1990-01-25,Female,Udaipur,Rajasthan,2019-09-24,Low
CUST02934,Aradhya,Sawhney,1986-10-18,Female,Nagpur,Maharashtra,2019-10-01,Low
CUST02935,Renee,Kunda,1991-08-28,Female,Chennai,Tamil Nadu,2019-08-27,Medium
CUST02936,Rania,Cherian,1986-08-22,Female,Thiruvananthapuram,Kerala,2022-09-04,Low
CUST02937,Arhaan,Shenoy,1966-04-28,Female,Hyderabad,Telangana,2023-05-28,Medium
CUST02938,Tushar,Bhargava,1996-08-02,Female,Kozhikode,Kerala,2022-02-15,Low
CUST02939,Faiyaz,Bhasin,1980-10-19,Male,Warangal,Telangana,2023-07-07,High
CUST02940,Riaan,Bahri,1991-03-23,Male,Pune,Maharashtra,2019-12-15,Low
CUST02941,Fateh,Grewal,1976-05-25,Male,Bengaluru,Karnataka,2021-11-01,Low
CUST02942,Romil,Din,1988-09-18,Male,Hubballi,Karnataka,2018-11-20,Low
CUST02943,Vritika,Bora,1965-04-27,Male,New Delhi,Delhi,2025-04-26,Low
CUST02944,Khushi,Kade,1958-12-17,Female,Kanpur,Uttar Pradesh,2021-03-31,Medium
CUST02945,Raunak,Chokshi,1968-02-09,Female,Jaipur,Rajasthan,2025-08-13,Medium
CUST02946,Seher,Konda,1955-10-16,Female,Kochi,Kerala,2019-09-10,Low
CUST02947,Ira,Ghosh,1960-03-31,Male,Kolkata,West Bengal,2019-01-11,Low
CUST02948,Zeeshan,Khosla,1994-08-24,Female,Kochi,Kerala,2021-04-14,Low
CUST02949,Jivika,Kara,1978-08-21,Male,Kozhikode,Kerala,2025-04-18,Low
CUST02950,Uthkarsh,Khanna,2004-08-24,Male,New Delhi,Delhi,2023-10-20,Medium
CUST02951,Hansh,Singh,1965-01-27,Male,Nagpur,Maharashtra,2022-12-11,Medium
CUST02952,Myra,Karpe,2007-06-25,Male,Udaipur,Rajasthan,2022-06-23,Low
CUST02953,Nitya,Kapur,1965-10-14,Female,Kolkata,West Bengal,2024-11-03,Medium
CUST02954,Shaan,Basu,1998-03-01,Female,Hubballi,Karnataka,2024-04-20,Low
CUST02955,Misha,Jayaraman,1981-12-31,Male,Udaipur,Rajasthan,2020-08-18,Medium
CUST02956,Vivaan,Gara,1992-06-18,Male,Jaipur,Rajasthan,2019-01-15,Low
CUST02957,Oorja,Walia,1985-10-20,Male,Hyderabad,Telangana,2024-11-28,Medium
CUST02958,Ranbir,Roy,1961-09-03,Female,Hyderabad,Telangana,2020-01-22,Medium
CUST02959,Rhea,Arora,1994-07-29,Female,Kolkata,West Bengal,2024-01-04,Low
CUST02960,Yashvi,Som,2003-10-15,Female,Madurai,Tamil Nadu,2021-04-11,Medium
CUST02961,Jhanvi,Roy,1964-01-27,Female,Kochi,Kerala,2024-02-16,Low
CUST02962,Jhanvi,Basak,1968-09-28,Male,Pune,Maharashtra,2023-11-30,Low
CUST02963,Hrishita,Mani,2007-03-16,Male,Ahmedabad,Gujarat,2019-02-06,Low
CUST02964,Jiya,Lal,1968-07-15,Female,Jaipur,Rajasthan,2025-01-12,High
CUST02965,Anika,Krishnamurthy,1956-12-01,Male,Hubballi,Karnataka,2019-09-03,Medium
CUST02966,Nirvi,Lata,1967-11-18,Female,Kanpur,Uttar Pradesh,2018-10-23,Medium
CUST02967,Raghav,Srivastava,1969-08-27,Male,New Delhi,Delhi,2020-09-26,Medium
CUST02968,Renee,Tripathi,1995-02-01,Male,Kochi,Kerala,2022-06-06,Low
CUST02969,Dharmajan,Swamy,1991-12-16,Female,Kolkata,West Bengal,2023-10-24,Medium
CUST02970,Samarth,Iyer,1995-09-22,Female,Kanpur,Uttar Pradesh,2019-01-12,Low
CUST02971,Ayesha,Venkataraman,1957-03-26,Female,Kochi,Kerala,2021-07-17,Low
CUST02972,Adira,Chana,1983-11-20,Male,Nagpur,Maharashtra,2018-11-08,Low
CUST02973,Eva,Dutt,1981-08-23,Female,Kolkata,West Bengal,2020-11-02,Medium
CUST02974,Divij,Bhandari,1962-05-29,Male,Ahmedabad,Gujarat,2023-04-05,Medium
CUST02975,Jayan,Dhar,1965-06-13,Male,Kolkata,West Bengal,2020-03-15,Low
CUST02976,Onkar,Sodhi,1961-09-30,Male,New Delhi,Delhi,2019-12-18,Low
CUST02977,Ryan,Jani,2001-10-29,Male,Kolkata,West Bengal,2020-02-02,Medium
CUST02978,Biju,Rana,1977-10-14,Female,Hyderabad,Telangana,2020-03-11,Low
CUST02979,Anay,Saxena,1959-08-19,Female,Kozhikode,Kerala,2021-03-08,Medium
CUST02980,Vidur,Bawa,1977-06-05,Male,Ahmedabad,Gujarat,2019-11-11,High
CUST02981,Zain,Warrior,1977-09-17,Female,Kozhikode,Kerala,2020-11-04,Low
CUST02982,Uthkarsh,Thaker,1963-11-18,Female,Surat,Gujarat,2019-02-03,Low
CUST02983,Krish,Dar,2006-10-31,Female,Surat,Gujarat,2023-09-23,Medium
CUST02984,Khushi,Dani,1989-03-13,Female,Mangaluru,Karnataka,2022-12-23,Medium
CUST02985,Suhana,Krishnan,1981-11-07,Female,Warangal,Telangana,2019-08-18,Low
CUST02986,Priyansh,Balasubramanian,1977-04-24,Male,Thiruvananthapuram,Kerala,2022-08-09,High
CUST02987,Ishita,Jani,1960-02-07,Female,Hyderabad,Telangana,2022-10-08,Low
CUST02988,Aniruddh,Jani,1998-10-05,Male,Nagpur,Maharashtra,2020-08-21,Low
CUST02989,Advik,Desai,1993-05-09,Male,Noida,Uttar Pradesh,2023-08-21,Medium
CUST02990,Pari,Bedi,1972-05-30,Male,Hubballi,Karnataka,2025-02-20,Medium
CUST02991,Ivana,Sachdev,1964-03-12,Male,New Delhi,Delhi,2021-03-29,Low
CUST02992,Jiya,Jani,1985-12-30,Male,Mysuru,Karnataka,2019-05-13,Medium
CUST02993,Myra,Krishna,1969-06-29,Female,Jaipur,Rajasthan,2025-04-23,Low
CUST02994,Hridaan,Grover,1992-06-04,Male,Udaipur,Rajasthan,2020-01-30,Low
CUST02995,Vardaniya,Das,1992-03-24,Male,Kochi,Kerala,2022-04-03,Low
CUST02996,Ivana,Kara,1958-06-29,Female,New Delhi,Delhi,2018-08-29,Medium
CUST02997,Anahi,Thakkar,1997-11-21,Male,Jaipur,Rajasthan,2021-02-09,Low
CUST02998,Neysa,Chacko,1955-09-08,Male,Bengaluru,Karnataka,2019-02-28,Low
CUST02999,Anya,Deshpande,1996-05-02,Male,Udaipur,Rajasthan,2020-10-13,Low
CUST03000,Pihu,Gupta,1979-07-25,Female,Mysuru,Karnataka,2024-01-11,Medium
CUST03001,Lakshit,Master,1990-05-18,Female,Kochi,Kerala,2021-01-16,Low
CUST03002,Azad,Buch,2005-12-13,Male,Hyderabad,Telangana,2023-03-12,Medium
CUST03003,Jivika,Banerjee,1976-02-09,Female,Nashik,Maharashtra,2019-05-31,Low
CUST03004,Vivaan,Sarkar,1964-01-07,Female,Madurai,Tamil Nadu,2019-11-02,Low
CUST03005,Samaira,Mall,1974-08-31,Female,Mumbai,Maharashtra,2022-04-29,Low
CUST03006,Lakshay,Ramaswamy,1990-01-01,Male,Udaipur,Rajasthan,2025-06-21,Medium
CUST03007,Samar,Wagle,2002-01-24,Male,Mysuru,Karnataka,2021-07-25,Medium
CUST03008,Myra,De,2006-11-14,Male,Kanpur,Uttar Pradesh,2024-09-01,Low
CUST03009,Alisha,Deshpande,1972-05-20,Male,Kanpur,Uttar Pradesh,2024-04-13,Low
CUST03010,Samarth,Garde,1969-12-25,Female,Vadodara,Gujarat,2022-07-24,Low
CUST03011,Kismat,Gala,1956-09-23,Male,Thiruvananthapuram,Kerala,2024-07-14,Low
CUST03012,Himmat,Roy,1955-10-15,Female,Hyderabad,Telangana,2023-10-30,Low
CUST03013,Anika,Agate,1956-04-20,Female,Kanpur,Uttar Pradesh,2024-05-16,Low
CUST03014,Jayant,Jhaveri,1993-06-21,Female,Thiruvananthapuram,Kerala,2024-07-28,Low
CUST03015,Renee,Konda,2007-07-15,Male,Warangal,Telangana,2021-12-28,Low
CUST03016,Heer,Baria,1999-10-27,Female,Kolkata,West Bengal,2024-03-10,Low
CUST03017,Dhanuk,Luthra,1957-10-03,Male,Ahmedabad,Gujarat,2025-08-04,Medium
CUST03018,Oorja,Kapadia,2001-05-24,Female,Surat,Gujarat,2019-09-13,Low
CUST03019,Sumer,Talwar,1981-04-05,Male,Kolkata,West Bengal,2023-10-07,Low
CUST03020,Taimur,Hari,1967-09-15,Male,Ahmedabad,Gujarat,2025-03-07,Medium
CUST03021,Zoya,Sarin,1956-03-22,Female,New Delhi,Delhi,2019-09-17,Low
CUST03022,Anahi,Goyal,1968-10-12,Male,Thiruvananthapuram,Kerala,2022-06-07,Low
CUST03023,Aayush,Choudhry,2006-03-21,Male,Mumbai,Maharashtra,2018-10-26,Low
CUST03024,Tara,Dey,2001-12-17,Male,Warangal,Telangana,2024-09-06,Low
CUST03025,Taimur,Char,1961-10-09,Male,Pune,Maharashtra,2025-08-05,Low
CUST03026,Mannat,Rattan,1976-04-12,Female,Kanpur,Uttar Pradesh,2025-07-11,Low
CUST03027,Saanvi,Choudhry,1971-08-04,Male,Hubballi,Karnataka,2022-11-07,Medium
CUST03028,Taran,Badami,1974-10-03,Female,Surat,Gujarat,2022-11-04,Low
CUST03029,Renee,Sastry,1996-11-20,Female,Chennai,Tamil Nadu,2020-06-05,Low
CUST03030,Aarush,Chaudhari,1999-02-04,Female,Noida,Uttar Pradesh,2022-01-07,Low
CUST03031,Faiyaz,Virk,1974-07-10,Female,Mangaluru,Karnataka,2023-06-29,Low
CUST03032,Damini,Koshy,1967-04-02,Male,Udaipur,Rajasthan,2023-05-06,Low
CUST03033,Kartik,Sahni,2005-12-04,Female,New Delhi,Delhi,2023-06-18,Medium
CUST03034,Pari,Sanghvi,1996-09-05,Female,Kolkata,West Bengal,2023-06-16,Low
CUST03035,Jayant,Bali,1995-09-03,Male,Nashik,Maharashtra,2019-09-28,Low
CUST03036,Shanaya,Bali,1964-04-27,Male,Ahmedabad,Gujarat,2020-11-09,Low
CUST03037,Jiya,Varty,1971-03-01,Male,Madurai,Tamil Nadu,2023-02-06,Low
CUST03038,Samiha,Srinivas,1974-04-26,Male,Chennai,Tamil Nadu,2020-04-13,High
CUST03039,Parinaaz,Apte,2002-10-22,Female,Mumbai,Maharashtra,2024-05-31,Low
CUST03040,Hazel,Rana,1972-11-10,Female,Kolkata,West Bengal,2024-06-09,Low
CUST03041,Jhanvi,Wagle,1986-07-16,Female,Madurai,Tamil Nadu,2018-09-01,Low
CUST03042,Aaryahi,Rege,2001-06-14,Female,Ahmedabad,Gujarat,2024-03-06,High
CUST03043,Baiju,Varma,1977-08-18,Female,Nashik,Maharashtra,2022-04-30,Low
CUST03044,Yuvraj ,Devan,1963-12-07,Female,Kozhikode,Kerala,2024-06-08,Low
CUST03045,Ela,Kaul,1989-05-16,Female,Kanpur,Uttar Pradesh,2021-09-22,Medium
CUST03046,Ela,Sibal,1958-08-10,Male,Coimbatore,Tamil Nadu,2024-10-13,Medium
CUST03047,Mamooty,Bajwa,1974-07-25,Male,Noida,Uttar Pradesh,2022-03-23,Low
CUST03048,Hazel,Kapur,1977-03-03,Female,Udaipur,Rajasthan,2018-09-11,Low
CUST03049,Vihaan,Chatterjee,1978-06-05,Female,Kolkata,West Bengal,2019-05-07,Low
CUST03050,Kaira,Swamy,1957-05-17,Female,Chennai,Tamil Nadu,2024-12-03,Low
CUST03051,Mamooty,Sant,1984-06-28,Female,Mangaluru,Karnataka,2019-04-14,Low
CUST03052,Nishith,Chaudhari,1966-11-04,Female,Chennai,Tamil Nadu,2021-06-13,Low
CUST03053,Sahil,Balay,1998-04-01,Female,Mumbai,Maharashtra,2023-12-20,Low
CUST03054,Divit,Atwal,1988-04-23,Female,Hyderabad,Telangana,2022-04-29,Low
CUST03055,Zara,Arora,1995-12-21,Male,Udaipur,Rajasthan,2025-06-06,Low
CUST03056,Mishti,Ganesh,1972-09-08,Female,Mumbai,Maharashtra,2020-10-01,High
CUST03057,Emir,Khalsa,1971-11-14,Female,Lucknow,Uttar Pradesh,2021-07-19,Low
CUST03058,Baiju,Tara,1978-05-08,Male,New Delhi,Delhi,2023-01-26,Low
CUST03059,Yashvi,Dani,1960-08-11,Female,Mysuru,Karnataka,2025-04-01,Low
CUST03060,Kismat,Rao,1985-06-28,Female,Thiruvananthapuram,Kerala,2025-02-23,High
CUST03061,Divit,Rattan,1986-01-11,Female,New Delhi,Delhi,2023-07-29,Low
CUST03062,Gatik,Basak,1959-10-12,Female,Jaipur,Rajasthan,2018-12-07,Low
CUST03063,Uthkarsh,Dugar,2002-10-31,Male,Lucknow,Uttar Pradesh,2019-03-16,Low
CUST03064,Vardaniya,Bhatt,1959-11-14,Male,Warangal,Telangana,2025-06-22,Low
CUST03065,Ahana ,Bala,1976-03-01,Male,Kozhikode,Kerala,2023-11-05,Low
CUST03066,Mishti,Kalita,1960-02-16,Male,Madurai,Tamil Nadu,2019-07-08,Low
CUST03067,Parinaaz,Bala,1993-09-15,Female,New Delhi,Delhi,2019-02-04,Low
CUST03068,Ritvik,Varghese,1981-08-10,Female,Hyderabad,Telangana,2022-01-24,High
CUST03069,Divit,Ranganathan,2006-10-27,Male,Hyderabad,Telangana,2022-02-23,Low
CUST03070,Mehul,Venkatesh,1996-06-13,Male,Lucknow,Uttar Pradesh,2025-05-07,Low
CUST03071,Nirvi,Ratta,1956-05-15,Male,Coimbatore,Tamil Nadu,2022-07-04,Medium
CUST03072,Veer,Kata,1984-10-12,Male,New Delhi,Delhi,2023-12-04,Low
CUST03073,Miraya,Bedi,1978-10-05,Male,Madurai,Tamil Nadu,2024-03-09,Low
CUST03074,Pari,Srinivas,1957-06-01,Female,Vadodara,Gujarat,2022-07-06,Low
CUST03075,Ela,Gala,1995-08-26,Female,New Delhi,Delhi,2020-04-15,Low
CUST03076,Emir,Behl,1956-06-26,Male,Warangal,Telangana,2023-09-18,Medium
CUST03077,Riya,Bandi,1995-12-30,Female,Vadodara,Gujarat,2025-05-13,Medium
CUST03078,Kartik,Zachariah,1994-08-28,Female,New Delhi,Delhi,2019-09-21,Low
CUST03079,Navya,Kumar,1973-02-02,Female,Jaipur,Rajasthan,2021-09-03,Low
CUST03080,Aaina,Khosla,2004-12-16,Male,Madurai,Tamil Nadu,2023-12-06,Medium
CUST03081,Ahana ,Chander,1972-03-12,Female,Coimbatore,Tamil Nadu,2019-10-27,Medium
CUST03082,Yasmin,Bains,1959-10-07,Female,Kolkata,West Bengal,2019-09-26,Medium
CUST03083,Sahil,Master,1985-04-23,Male,Udaipur,Rajasthan,2023-01-06,Low
CUST03084,Nehmat,Shroff,1979-12-29,Female,Chennai,Tamil Nadu,2021-04-18,Low
CUST03085,Keya,Wali,1992-06-22,Female,Kolkata,West Bengal,2025-03-31,Medium
CUST03086,Hunar,Borah,1987-08-08,Female,Hyderabad,Telangana,2021-04-11,Low
CUST03087,Lavanya,Garg,1975-06-16,Female,New Delhi,Delhi,2021-10-14,Low
CUST03088,Aayush,Lad,1995-07-23,Male,Warangal,Telangana,2024-03-30,Low
CUST03089,Parinaaz,Bora,1959-07-20,Female,Jaipur,Rajasthan,2020-09-01,Low
CUST03090,Dishani,Tank,1993-09-20,Male,Kanpur,Uttar Pradesh,2019-02-11,Low
CUST03091,Aarna,Gera,1968-12-11,Female,Nagpur,Maharashtra,2020-05-09,Low
CUST03092,Navya,Chaudhuri,1960-04-21,Female,Jaipur,Rajasthan,2021-07-22,High
CUST03093,Kanav,Sama,1988-01-09,Female,Mangaluru,Karnataka,2024-07-23,Low
CUST03094,Rania,Kaur,1996-06-18,Female,Ahmedabad,Gujarat,2024-07-16,Medium
CUST03095,Shalv,Varkey,1995-01-04,Female,Kozhikode,Kerala,2023-06-19,Low
CUST03096,Shamik,Randhawa,1976-01-15,Male,Lucknow,Uttar Pradesh,2022-03-18,Low
CUST03097,Shalv,Bumb,1962-10-14,Female,Noida,Uttar Pradesh,2022-07-07,High
CUST03098,Vritika,Bail,1989-05-25,Female,Kolkata,West Bengal,2020-07-07,Low
CUST03099,Aarav,Reddy,1970-10-29,Female,Jaipur,Rajasthan,2024-07-18,Low
CUST03100,Manikya,Kaul,1998-02-08,Male,New Delhi,Delhi,2020-06-18,Low
CUST03101,Nakul,Khosla,2005-08-21,Male,Chennai,Tamil Nadu,2025-03-09,Low
CUST03102,Shalv,Swamy,2006-01-04,Male,Ahmedabad,Gujarat,2021-11-05,Medium
CUST03103,Lagan,Iyengar,1968-03-09,Male,Kolkata,West Bengal,2018-09-15,Medium
CUST03104,Taran,Ahluwalia,1960-08-31,Female,Nagpur,Maharashtra,2021-09-10,Low
CUST03105,Aniruddh,Mall,1963-06-28,Male,Noida,Uttar Pradesh,2019-11-11,Low
CUST03106,Riaan,Kannan,1968-11-16,Male,New Delhi,Delhi,2024-01-08,Low
CUST03107,Keya,Singhal,1980-02-21,Male,Noida,Uttar Pradesh,2019-01-09,Medium
CUST03108,Aniruddh,Chaudhary,1969-02-09,Female,Jaipur,Rajasthan,2021-01-24,Low
CUST03109,Jayant,Choudhary,1973-06-24,Female,Vadodara,Gujarat,2024-10-06,Low
CUST03110,Jayant,Gara,1993-05-20,Male,Pune,Maharashtra,2020-09-28,Low
CUST03111,Jayesh,Chaudhari,1957-02-10,Male,Kochi,Kerala,2020-02-24,Low
CUST03112,Prerak,Bedi,1957-01-28,Male,Kolkata,West Bengal,2024-05-30,Low
CUST03113,Hiran,Gupta,2000-03-18,Female,Lucknow,Uttar Pradesh,2025-05-07,Medium
CUST03114,Faiyaz,Gara,1969-12-15,Female,Madurai,Tamil Nadu,2021-03-30,Low
CUST03115,Amani,Dar,1980-10-20,Male,Thiruvananthapuram,Kerala,2025-07-14,Low
CUST03116,Umang,Sahota,1967-04-24,Female,Nagpur,Maharashtra,2023-02-18,Medium
CUST03117,Yasmin,Ratta,1985-03-01,Female,Noida,Uttar Pradesh,2024-09-11,Medium
CUST03118,Chirag,Bhargava,1965-06-23,Male,Kanpur,Uttar Pradesh,2019-10-06,Low
CUST03119,Yashvi,Chandran,1968-09-10,Male,Mumbai,Maharashtra,2023-03-07,Low
CUST03120,Uthkarsh,Saran,1981-02-12,Male,Pune,Maharashtra,2021-05-09,Low
CUST03121,Kismat,Kala,1998-12-09,Female,Noida,Uttar Pradesh,2020-09-23,Low
CUST03122,Azad,Singh,1997-07-27,Male,Chennai,Tamil Nadu,2023-08-24,Low
CUST03123,Kanav,Varma,1992-02-02,Male,New Delhi,Delhi,2021-02-24,Low
CUST03124,Vritika,Borde,1977-12-12,Male,Warangal,Telangana,2020-10-01,Low
CUST03125,Baiju,Rau,1974-09-16,Male,Coimbatore,Tamil Nadu,2019-09-22,Medium
CUST03126,Diya,Master,1988-12-03,Male,Vadodara,Gujarat,2020-06-06,Low
CUST03127,Samiha,Baria,1987-09-05,Female,Coimbatore,Tamil Nadu,2025-05-18,Low
CUST03128,Nitara,Rana,1960-01-24,Male,Kanpur,Uttar Pradesh,2020-01-28,Low
CUST03129,Diya,Hari,2006-10-10,Female,Hyderabad,Telangana,2024-02-20,High
CUST03130,Suhana,Kumar,1981-02-12,Female,Hyderabad,Telangana,2022-11-22,Medium
CUST03131,Ela,Kata,1967-10-31,Female,Kozhikode,Kerala,2021-05-21,Medium
CUST03132,Riya,Grover,1991-05-29,Female,Kochi,Kerala,2024-07-22,Medium
CUST03133,Anya,Sehgal,1989-04-27,Female,New Delhi,Delhi,2022-09-05,Medium
CUST03134,Priyansh,Mannan,1982-12-07,Female,Udaipur,Rajasthan,2024-01-29,Low
CUST03135,Vritika,Manne,1999-11-12,Male,Hubballi,Karnataka,2018-12-17,Low
CUST03136,Lakshay,Choudhary,1969-06-18,Male,Jaipur,Rajasthan,2022-06-30,Low
CUST03137,Miraan,Hora,1970-07-11,Female,New Delhi,Delhi,2021-04-02,Medium
CUST03138,Aarna,Walia,1981-04-23,Male,New Delhi,Delhi,2023-07-06,Medium
CUST03139,Indranil,Upadhyay,1981-02-08,Male,Jaipur,Rajasthan,2020-10-24,Low
CUST03140,Ira,Basak,1964-10-15,Female,Warangal,Telangana,2025-01-16,Low
CUST03141,Dharmajan,Divan,1985-11-24,Female,Bengaluru,Karnataka,2023-01-23,Low
CUST03142,Sumer,Contractor,1995-05-22,Male,Kolkata,West Bengal,2018-12-31,Medium
CUST03143,Anahita,Kunda,1997-12-01,Female,Kanpur,Uttar Pradesh,2021-07-06,Low
CUST03144,Aaryahi,Kar,1987-06-20,Female,Kanpur,Uttar Pradesh,2022-04-30,Low
CUST03145,Yuvraj ,Gour,1989-07-04,Male,New Delhi,Delhi,2021-05-06,Low
CUST03146,Purab,Halder,1957-05-01,Female,Mysuru,Karnataka,2020-03-05,Low
CUST03147,Ahana ,Dada,1973-09-22,Female,Kolkata,West Bengal,2024-02-21,Medium
CUST03148,Dhanuk,Gola,1961-04-04,Female,Pune,Maharashtra,2021-02-26,Low
CUST03149,Damini,Kunda,1992-11-06,Female,Kochi,Kerala,2024-02-15,Medium
CUST03150,Dhanush,Srivastava,1974-06-17,Female,Jaipur,Rajasthan,2020-08-02,Low
CUST03151,Divyansh,Bhargava,1960-07-03,Male,Kolkata,West Bengal,2021-09-18,Low
CUST03152,Armaan,Mahajan,1969-04-12,Female,Surat,Gujarat,2021-06-27,Low
CUST03153,Kiaan,Sandal,1978-01-20,Male,Kozhikode,Kerala,2020-10-10,Medium
CUST03154,Romil,Sharma,2007-12-11,Female,Kanpur,Uttar Pradesh,2024-06-18,Low
CUST03155,Raghav,Chandran,2003-09-01,Female,Surat,Gujarat,2023-10-15,Low
CUST03156,Hiran,Varma,2006-11-06,Male,Hyderabad,Telangana,2024-09-28,Low
CUST03157,Seher,Magar,1973-06-02,Female,Surat,Gujarat,2018-09-21,Medium
CUST03158,Trisha,Doctor,1974-10-30,Female,Lucknow,Uttar Pradesh,2025-08-23,Low
CUST03159,Shray,Srinivas,1983-02-16,Male,Jaipur,Rajasthan,2022-02-06,Medium
CUST03160,Kavya,Shukla,2000-03-29,Female,Noida,Uttar Pradesh,2018-10-01,Low
CUST03161,Anaya,Sachdeva,1990-07-14,Male,Lucknow,Uttar Pradesh,2025-02-14,Low
CUST03162,Indrajit,Verma,1982-09-13,Male,New Delhi,Delhi,2020-08-02,Low
CUST03163,Manikya,Sengupta,2006-08-17,Male,Kochi,Kerala,2020-06-08,Low
CUST03164,Anika,Dada,1990-10-01,Female,Kolkata,West Bengal,2023-08-23,Low
CUST03165,Vedika,Majumdar,2007-03-16,Male,Kolkata,West Bengal,2022-08-21,Low
CUST03166,Saira,Talwar,1987-01-18,Male,Hyderabad,Telangana,2021-07-19,Low
CUST03167,Vritika,Basak,1976-12-14,Female,Kochi,Kerala,2020-03-31,Medium
CUST03168,Aaryahi,Solanki,2003-02-22,Male,Hyderabad,Telangana,2022-03-15,Low
CUST03169,Lakshay,Kanda,1986-04-09,Female,Pune,Maharashtra,2023-05-27,Medium
CUST03170,Aniruddh,Grover,1965-02-07,Male,Udaipur,Rajasthan,2023-07-25,Low
CUST03171,Gokul,Dua,2005-11-09,Male,Kolkata,West Bengal,2018-09-25,Low
CUST03172,Charvi,Tailor,2000-06-25,Female,Nashik,Maharashtra,2021-08-31,Low
CUST03173,Shayak,Chowdhury,1984-03-03,Female,Warangal,Telangana,2022-04-09,Low
CUST03174,Piya,Shetty,1983-02-05,Female,Kolkata,West Bengal,2025-02-20,Low
CUST03175,Vanya,Sant,1992-03-26,Male,Ahmedabad,Gujarat,2021-03-13,Low
CUST03176,Shaan,Raj,1957-03-25,Female,Coimbatore,Tamil Nadu,2023-06-24,Low
CUST03177,Vedika,Babu,1965-02-12,Female,Kozhikode,Kerala,2019-12-16,Low
CUST03178,Shalv,Mander,1998-07-05,Female,Kanpur,Uttar Pradesh,2025-06-12,Medium
CUST03179,Lavanya,Ramanathan,1994-09-13,Male,New Delhi,Delhi,2021-12-22,Medium
CUST03180,Vaibhav,Chaudry,1982-03-26,Male,Hyderabad,Telangana,2019-03-11,Low
CUST03181,Hazel,Hans,1968-06-19,Male,New Delhi,Delhi,2022-09-09,Low
CUST03182,Emir,Gala,1994-05-28,Female,Jaipur,Rajasthan,2022-06-28,Low
CUST03183,Navya,Wason,1976-05-19,Female,Pune,Maharashtra,2019-06-11,Low
CUST03184,Jayan,Ben,2001-07-29,Male,Kolkata,West Bengal,2023-05-09,Low
CUST03185,Jayesh,Babu,2002-07-15,Male,Warangal,Telangana,2023-10-13,Low
CUST03186,Ayesha,Arya,1968-05-09,Female,Nagpur,Maharashtra,2020-05-05,Low
CUST03187,Darshit,Hans,1974-12-18,Female,Coimbatore,Tamil Nadu,2020-05-26,Low
CUST03188,Mehul,Dhingra,2000-07-13,Male,Thiruvananthapuram,Kerala,2023-02-10,Low
CUST03189,Darshit,Karan,1959-07-24,Female,Kolkata,West Bengal,2021-10-14,Medium
CUST03190,Ela,Ahluwalia,1967-05-05,Female,Ahmedabad,Gujarat,2021-06-06,Medium
CUST03191,Zain,Hayre,1966-05-03,Male,Vadodara,Gujarat,2019-08-05,Low
CUST03192,Hansh,Loyal,1984-02-14,Male,Kolkata,West Bengal,2022-09-19,Medium
CUST03193,Shanaya,Banerjee,1982-02-13,Female,Nashik,Maharashtra,2020-05-28,High
CUST03194,Hansh,Virk,1969-08-24,Male,Coimbatore,Tamil Nadu,2021-04-14,Low
CUST03195,Adah,Taneja,2003-12-10,Male,Noida,Uttar Pradesh,2024-04-21,Low
CUST03196,Anika,Buch,1996-09-24,Female,Kolkata,West Bengal,2023-07-17,Low
CUST03197,Sahil,Raj,1969-06-17,Female,Surat,Gujarat,2022-12-04,Medium
CUST03198,Saanvi,Sani,1986-11-18,Male,Thiruvananthapuram,Kerala,2020-12-28,Medium
CUST03199,Krish,Aggarwal,1965-05-11,Female,Nashik,Maharashtra,2022-06-10,Low
CUST03200,Chirag,Tella,1982-10-26,Female,Kolkata,West Bengal,2023-10-18,Low
CUST03201,Zara,Dasgupta,1991-06-08,Female,Pune,Maharashtra,2021-06-12,Low
CUST03202,Jiya,Wable,1989-01-21,Female,Udaipur,Rajasthan,2022-07-25,Low
CUST03203,Anahi,Mani,1958-04-23,Male,Chennai,Tamil Nadu,2024-12-02,Low
CUST03204,Divij,Dhawan,1999-08-18,Female,Kanpur,Uttar Pradesh,2022-07-13,Medium
CUST03205,Shray,Sarma,2004-01-29,Male,Udaipur,Rajasthan,2025-05-22,Low
CUST03206,Rohan,Hayre,1997-05-13,Female,Hubballi,Karnataka,2025-07-16,Medium
CUST03207,Jayant,Johal,1972-08-08,Female,Bengaluru,Karnataka,2020-03-05,Medium
CUST03208,Miraya,Sha,1985-01-19,Female,Kolkata,West Bengal,2022-07-18,Medium
CUST03209,Veer,Sahni,1968-02-18,Male,Noida,Uttar Pradesh,2024-08-04,Low
CUST03210,Jiya,Batta,1982-06-06,Female,Thiruvananthapuram,Kerala,2024-08-04,Low
CUST03211,Azad,Dar,1966-05-25,Female,Kochi,Kerala,2020-12-23,Low
CUST03212,Mishti,Luthra,1975-07-06,Female,Coimbatore,Tamil Nadu,2024-04-27,Low
CUST03213,Darshit,Sarkar,2005-02-02,Female,Ahmedabad,Gujarat,2024-10-17,Low
CUST03214,Madhav,Koshy,1983-08-21,Female,New Delhi,Delhi,2025-02-17,Low
CUST03215,Ishita,Bhat,1980-09-27,Male,Lucknow,Uttar Pradesh,2019-04-20,Low
CUST03216,Tanya,Ben,1989-12-21,Female,Hubballi,Karnataka,2025-03-03,Low
CUST03217,Vanya,Gaba,1983-07-22,Male,Chennai,Tamil Nadu,2022-06-27,Low
CUST03218,Ivan,Date,1969-10-05,Male,Madurai,Tamil Nadu,2022-12-15,Low
CUST03219,Azad,Kashyap,1957-06-20,Male,Kolkata,West Bengal,2019-04-10,Medium
CUST03220,Navya,Saran,2001-08-16,Female,New Delhi,Delhi,2025-01-10,Medium
CUST03221,Anahi,Halder,1979-01-13,Male,Udaipur,Rajasthan,2024-12-29,Low
CUST03222,Yakshit,Varty,1968-11-16,Male,Nagpur,Maharashtra,2022-01-09,Low
CUST03223,Armaan,Ahluwalia,1972-09-13,Female,Mysuru,Karnataka,2019-08-17,Low
CUST03224,Rhea,Bir,1977-11-28,Male,Vadodara,Gujarat,2024-05-08,Low
CUST03225,Siya,Kata,1988-08-20,Male,New Delhi,Delhi,2022-07-29,Low
CUST03226,Darshit,Barman,1992-12-20,Female,Ahmedabad,Gujarat,2024-03-28,Medium
CUST03227,Nirvaan,Saxena,1985-06-08,Male,Kozhikode,Kerala,2019-11-04,Low
CUST03228,Anaya,Tara,1974-08-24,Male,Ahmedabad,Gujarat,2020-01-09,Low
CUST03229,Jayan,Tripathi,1956-11-17,Male,Kanpur,Uttar Pradesh,2023-10-24,Low
CUST03230,Divyansh,Chakrabarti,1975-09-01,Female,Noida,Uttar Pradesh,2019-09-15,Low
CUST03231,Hazel,Shanker,1982-03-31,Male,Mangaluru,Karnataka,2020-01-31,Low
CUST03232,Dhanuk,Sampath,2007-08-12,Female,Warangal,Telangana,2018-09-29,Low
CUST03233,Parinaaz,Deshpande,1966-02-04,Female,Coimbatore,Tamil Nadu,2022-05-26,Low
CUST03234,Taimur,Chakraborty,1970-05-24,Male,Kanpur,Uttar Pradesh,2024-09-22,Low
CUST03235,Arhaan,Warrior,2001-08-02,Male,Thiruvananthapuram,Kerala,2023-03-06,Low
CUST03236,Madhav,Kant,2003-01-23,Male,Ahmedabad,Gujarat,2019-01-21,Low
CUST03237,Myra,Tak,1991-03-26,Male,Vadodara,Gujarat,2024-02-07,Low
CUST03238,Nitara,Sehgal,2000-07-25,Male,Thiruvananthapuram,Kerala,2019-07-11,High
CUST03239,Vidur,Sant,1976-08-18,Female,Noida,Uttar Pradesh,2022-06-05,Low
CUST03240,Baiju,Ram,1955-12-19,Female,Pune,Maharashtra,2019-01-24,Low
CUST03241,Trisha,Gulati,2007-11-07,Male,Mangaluru,Karnataka,2020-05-13,Low
CUST03242,Nishith,Grover,1971-11-18,Male,Nagpur,Maharashtra,2020-05-08,Low
CUST03243,Divij,Anand,1984-05-05,Female,Kanpur,Uttar Pradesh,2018-11-20,Low
CUST03244,Abram,Ganguly,1968-09-21,Female,Udaipur,Rajasthan,2024-06-07,Low
CUST03245,Oorja,Balay,1970-08-29,Female,Jaipur,Rajasthan,2019-06-22,Medium
CUST03246,Yasmin,Tiwari,2000-11-03,Female,New Delhi,Delhi,2020-01-29,Low
CUST03247,Samaira,Chacko,1958-08-23,Female,Kolkata,West Bengal,2022-03-09,Low
CUST03248,Drishya,Bhagat,1977-11-29,Female,Kolkata,West Bengal,2021-05-24,Low
CUST03249,Jhanvi,Rattan,1968-07-19,Male,Surat,Gujarat,2023-12-18,Medium
CUST03250,Lakshay,Madan,1982-07-14,Female,Bengaluru,Karnataka,2022-04-16,Low
CUST03251,Fateh,D’Alia,1970-03-13,Female,Udaipur,Rajasthan,2019-07-20,Low
CUST03252,Taimur,Edwin,1967-06-19,Male,Warangal,Telangana,2018-10-11,Low
CUST03253,Yakshit,Sachdeva,1977-03-03,Female,Thiruvananthapuram,Kerala,2018-10-02,Low
CUST03254,Vidur,Cherian,1986-11-13,Female,Kolkata,West Bengal,2020-07-09,Low
CUST03255,Chirag,Saha,1974-08-07,Male,Noida,Uttar Pradesh,2024-03-06,Low
CUST03256,Misha,Gour,1958-08-22,Male,Kanpur,Uttar Pradesh,2019-03-23,Low
CUST03257,Madhav,Jha,1976-03-02,Female,Ahmedabad,Gujarat,2025-03-06,Low
CUST03258,Kismat,Krish,1962-07-30,Female,Udaipur,Rajasthan,2024-09-16,Low
CUST03259,Heer,Sule,1994-05-20,Male,Vadodara,Gujarat,2020-02-09,Low
CUST03260,Ojas,Batta,1996-06-20,Male,Vadodara,Gujarat,2021-05-29,Medium
CUST03261,Mohanlal,Sarin,1982-02-02,Male,Nashik,Maharashtra,2024-06-01,Low
CUST03262,Trisha,Saran,1964-09-11,Male,Hyderabad,Telangana,2021-06-22,Low
CUST03263,Jayant,Ravi,2007-06-26,Female,Chennai,Tamil Nadu,2024-07-01,Low
CUST03264,Samar,Varghese,2000-12-29,Female,Udaipur,Rajasthan,2022-10-01,Low
CUST03265,Darshit,Ganesh,1956-11-06,Female,Warangal,Telangana,2023-10-29,Medium
CUST03266,Keya,Kapur,1981-09-01,Female,New Delhi,Delhi,2022-12-30,Low
CUST03267,Navya,Shanker,1971-06-19,Male,New Delhi,Delhi,2022-12-07,Low
CUST03268,Khushi,Sarraf,1956-07-21,Male,Surat,Gujarat,2020-08-17,Low
CUST03269,Akarsh,Randhawa,2007-04-18,Female,Thiruvananthapuram,Kerala,2019-09-15,Low
CUST03270,Sahil,Dani,2005-11-11,Male,Coimbatore,Tamil Nadu,2022-04-18,Low
CUST03271,Tanya,Dara,1997-10-28,Female,Mangaluru,Karnataka,2019-04-29,Low
CUST03272,Biju,Biswas,1981-02-18,Female,Madurai,Tamil Nadu,2022-11-22,Low
CUST03273,Ritvik,Chaudhuri,1965-12-20,Male,Vadodara,Gujarat,2021-11-05,Medium
CUST03274,Lagan,Rege,1958-03-25,Female,Surat,Gujarat,2020-09-03,Low
CUST03275,Samaira,Ram,1985-11-04,Male,Mysuru,Karnataka,2024-12-08,Medium
CUST03276,Shalv,Bhavsar,1974-07-29,Male,Noida,Uttar Pradesh,2021-05-08,Medium
CUST03277,Nayantara,Srivastava,2007-05-27,Male,Noida,Uttar Pradesh,2018-12-27,Medium
CUST03278,Elakshi,Sule,1983-11-19,Female,Mangaluru,Karnataka,2024-02-29,Low
CUST03279,Reyansh,Sheth,1957-04-05,Male,Madurai,Tamil Nadu,2020-08-06,Low
CUST03280,Sana,Gandhi,1978-12-21,Female,Nagpur,Maharashtra,2020-09-16,Medium
CUST03281,Lagan,Madan,1959-05-01,Male,Noida,Uttar Pradesh,2024-04-22,Low
CUST03282,Nishith,Suresh,2002-06-04,Female,Jaipur,Rajasthan,2024-07-28,Low
CUST03283,Saira,Choudhry,1997-01-10,Male,Kolkata,West Bengal,2021-11-23,Medium
CUST03284,Elakshi,Dyal,1968-02-21,Male,Coimbatore,Tamil Nadu,2022-05-31,Medium
CUST03285,Mohanlal,Aggarwal,1960-01-18,Male,New Delhi,Delhi,2022-10-31,Low
CUST03286,Darshit,Char,1959-03-13,Female,Mumbai,Maharashtra,2024-01-17,Low
CUST03287,Hridaan,Chaudry,1964-03-11,Male,Kanpur,Uttar Pradesh,2019-06-07,Low
CUST03288,Jayant,Rajagopalan,1992-12-30,Female,Warangal,Telangana,2025-05-31,Medium
CUST03289,Lagan,Dalal,1990-03-07,Male,Coimbatore,Tamil Nadu,2019-04-25,Medium
CUST03290,Aaryahi,Seshadri,1987-06-08,Male,Kanpur,Uttar Pradesh,2021-04-19,Low
CUST03291,Ivan,Sen,1969-02-02,Male,Warangal,Telangana,2020-09-24,Low
CUST03292,Aarna,Chakrabarti,1996-11-16,Male,Bengaluru,Karnataka,2020-10-07,Medium
CUST03293,Romil,Dhar,1994-11-16,Female,Udaipur,Rajasthan,2022-06-18,Low
CUST03294,Myra,Chaudhuri,1974-02-24,Female,Nashik,Maharashtra,2025-04-18,Low
CUST03295,Anya,Baral,1980-02-13,Female,Jaipur,Rajasthan,2022-01-14,High
CUST03296,Uthkarsh,Chacko,1987-09-06,Male,Kolkata,West Bengal,2022-05-28,Low
CUST03297,Aarna,Krishnan,1997-02-12,Male,Thiruvananthapuram,Kerala,2024-11-25,Low
CUST03298,Adah,Sidhu,1966-04-04,Male,New Delhi,Delhi,2025-08-15,Low
CUST03299,Yashvi,Khosla,1956-12-30,Female,Ahmedabad,Gujarat,2025-02-17,Low
CUST03300,Vaibhav,Kala,1961-04-24,Male,Coimbatore,Tamil Nadu,2025-02-07,Medium
CUST03301,Rohan,Rajan,1992-03-16,Male,Coimbatore,Tamil Nadu,2019-12-13,Low
CUST03302,Ishita,Seth,1967-08-10,Female,New Delhi,Delhi,2020-11-02,High
CUST03303,Vaibhav,Kata,1976-06-17,Male,Kolkata,West Bengal,2022-07-05,Low
CUST03304,Raunak,Guha,1993-11-26,Female,Nagpur,Maharashtra,2023-10-21,Low
CUST03305,Anya,Banik,1978-04-29,Male,Kolkata,West Bengal,2019-10-24,Low
CUST03306,Saanvi,Keer,1968-12-19,Male,Thiruvananthapuram,Kerala,2019-12-19,Low
CUST03307,Kanav,Agate,1956-07-09,Female,Kolkata,West Bengal,2022-11-28,Low
CUST03308,Samiha,Seshadri,1981-02-12,Female,Kozhikode,Kerala,2022-10-30,Low
CUST03309,Yuvaan,Johal,1982-07-04,Female,Lucknow,Uttar Pradesh,2024-12-17,Low
CUST03310,Umang,Handa,1988-12-17,Male,Madurai,Tamil Nadu,2021-04-08,Low
CUST03311,Nayantara,Raja,1960-06-30,Female,Mysuru,Karnataka,2022-02-16,Medium
CUST03312,Armaan,Bhatia,1981-11-01,Female,Kanpur,Uttar Pradesh,2023-06-18,Low
CUST03313,Ishaan,Chatterjee,2007-07-27,Female,Kozhikode,Kerala,2022-05-12,Medium
CUST03314,Onkar,Solanki,2006-10-17,Male,Noida,Uttar Pradesh,2024-10-16,Low
CUST03315,Stuvan,Kumar,2003-11-27,Female,Kolkata,West Bengal,2022-10-22,Low
CUST03316,Myra,Sankaran,1980-09-14,Female,Madurai,Tamil Nadu,2024-07-28,Low
CUST03317,Bhavin,Sachdev,1981-11-14,Male,Madurai,Tamil Nadu,2022-04-04,Low
CUST03318,Sara,Dasgupta,1972-02-21,Female,Surat,Gujarat,2022-09-18,Low
CUST03319,Arhaan,Talwar,1980-03-30,Male,Mysuru,Karnataka,2024-01-07,Medium
CUST03320,Renee,Sandhu,1957-07-28,Female,Madurai,Tamil Nadu,2024-07-31,Medium
CUST03321,Nitya,Roy,1965-09-17,Male,Thiruvananthapuram,Kerala,2020-11-14,Low
CUST03322,Lavanya,Kari,2001-12-29,Female,Kolkata,West Bengal,2019-11-26,Low
CUST03323,Onkar,Dasgupta,1996-08-16,Female,Madurai,Tamil Nadu,2023-07-27,Medium
CUST03324,Nitara,Trivedi,1966-08-20,Female,Udaipur,Rajasthan,2018-10-03,Low
CUST03325,Farhan,Solanki,1961-12-06,Female,Kolkata,West Bengal,2024-02-18,Medium
CUST03326,Riya,Handa,1982-09-17,Female,Coimbatore,Tamil Nadu,2024-08-27,Medium
CUST03327,Khushi,Yohannan,1961-02-12,Female,Bengaluru,Karnataka,2023-01-23,Medium
CUST03328,Kanav,Vora,1984-06-06,Female,Warangal,Telangana,2020-01-23,Low
CUST03329,Aaryahi,Date,2002-09-23,Male,Hyderabad,Telangana,2021-03-21,Low
CUST03330,Damini,Lata,2000-06-16,Female,Noida,Uttar Pradesh,2021-11-27,Low
CUST03331,Khushi,Dube,2005-08-05,Male,Warangal,Telangana,2022-02-24,Low
CUST03332,Suhana,Vora,2005-03-01,Female,Kolkata,West Bengal,2019-05-29,Medium
CUST03333,Emir,Ravi,1994-08-13,Male,Warangal,Telangana,2025-04-04,Low
CUST03334,Yasmin,Gera,1965-05-12,Male,Vadodara,Gujarat,2020-12-08,Low
CUST03335,Siya,Cheema,2006-07-27,Male,New Delhi,Delhi,2022-01-13,Medium
CUST03336,Rasha,Dube,1956-02-01,Female,Jaipur,Rajasthan,2020-01-31,Medium
CUST03337,Ayesha,Acharya,1962-03-29,Male,Kolkata,West Bengal,2019-03-30,Medium
CUST03338,Urvi,Sarin,1984-01-31,Male,Kozhikode,Kerala,2023-02-12,Medium
CUST03339,Zeeshan,Sagar,1975-04-09,Male,Hyderabad,Telangana,2024-11-19,Low
CUST03340,Adah,Chada,1967-08-27,Female,Chennai,Tamil Nadu,2021-11-02,Low
CUST03341,Kabir,Sarraf,1964-10-15,Female,Udaipur,Rajasthan,2020-05-02,Medium
CUST03342,Aradhya,Chand,1989-11-07,Male,Hyderabad,Telangana,2019-08-03,Low
CUST03343,Alisha,Mander,1970-02-11,Male,Udaipur,Rajasthan,2020-03-24,Low
CUST03344,Krish,Balan,2006-09-06,Male,Hyderabad,Telangana,2020-03-15,Low
CUST03345,Zoya,Sibal,1968-09-15,Male,Noida,Uttar Pradesh,2020-11-08,Low
CUST03346,Yuvraj ,Kannan,1998-04-22,Female,Kolkata,West Bengal,2023-12-18,Medium
CUST03347,Emir,Vig,1998-12-16,Male,New Delhi,Delhi,2020-01-24,Low
CUST03348,Dhanush,Din,1961-06-25,Male,Kolkata,West Bengal,2021-11-11,Low
CUST03349,Gatik,Devi,1960-01-09,Female,Nashik,Maharashtra,2021-07-24,Low
CUST03350,Aniruddh,Master,1971-08-17,Male,Pune,Maharashtra,2022-09-18,Low
CUST03351,Aradhya,Samra,2007-05-28,Female,Kozhikode,Kerala,2019-07-05,Low
CUST03352,Aayush,Balasubramanian,1973-10-03,Male,Kanpur,Uttar Pradesh,2025-01-16,Low
CUST03353,Aarush,Salvi,1995-04-14,Male,Kolkata,West Bengal,2025-05-12,Medium
CUST03354,Arnav,Bava,1970-01-05,Female,Mangaluru,Karnataka,2023-02-03,Low
CUST03355,Vritika,Aggarwal,1981-03-19,Female,Kanpur,Uttar Pradesh,2023-10-12,Low
CUST03356,Elakshi,Sidhu,1973-09-27,Female,Coimbatore,Tamil Nadu,2022-10-13,Low
CUST03357,Anika,Shukla,1978-08-01,Female,Udaipur,Rajasthan,2023-10-16,Low
CUST03358,Aaryahi,Ganguly,1980-11-17,Female,Kozhikode,Kerala,2024-06-13,Low
CUST03359,Shlok,Dugar,1971-12-15,Male,New Delhi,Delhi,2021-09-21,Medium
CUST03360,Nitya,Iyengar,1981-05-27,Female,Kolkata,West Bengal,2023-11-05,Low
CUST03361,Bhavin,Gokhale,1978-02-14,Male,Kolkata,West Bengal,2025-07-04,Medium
CUST03362,Divyansh,Agarwal,1986-09-28,Female,Udaipur,Rajasthan,2024-08-03,Low
CUST03363,Yakshit,Seshadri,1965-02-05,Female,Chennai,Tamil Nadu,2018-11-13,Low
CUST03364,Lavanya,Bhat,1991-10-04,Male,Vadodara,Gujarat,2021-01-10,Low
CUST03365,Rati,Sheth,1972-07-24,Female,Nashik,Maharashtra,2021-10-13,Medium
CUST03366,Alisha,Ranganathan,2002-05-06,Female,Jaipur,Rajasthan,2024-04-03,Low
CUST03367,Anika,Kurian,1983-10-06,Male,Pune,Maharashtra,2024-04-07,Low
CUST03368,Kanav,Agarwal,1999-01-26,Male,Kozhikode,Kerala,2025-07-24,Low
CUST03369,Samarth,Anand,1998-10-11,Female,New Delhi,Delhi,2021-09-18,Low
CUST03370,Azad,Swamy,2005-09-20,Male,Kozhikode,Kerala,2021-06-02,Low
CUST03371,Parinaaz,Kapadia,1971-07-18,Male,Noida,Uttar Pradesh,2023-10-24,Low
CUST03372,Aradhya,Iyengar,2005-12-14,Male,New Delhi,Delhi,2023-11-11,Low
CUST03373,Yashvi,Baria,1979-05-09,Male,Ahmedabad,Gujarat,2022-04-16,Low
CUST03374,Anika,Sahni,2003-04-02,Male,Noida,Uttar Pradesh,2019-07-04,Low
CUST03375,Sana,Hans,1975-08-25,Male,New Delhi,Delhi,2023-10-25,Medium
CUST03376,Kartik,Sawhney,1965-05-23,Female,Kochi,Kerala,2023-01-27,Medium
CUST03377,Kaira,Srinivasan,2004-06-01,Female,Kolkata,West Bengal,2022-12-10,Medium
CUST03378,Arhaan,Bhatt,1989-07-13,Female,Coimbatore,Tamil Nadu,2025-06-05,Low
CUST03379,Dhruv,Dora,2001-06-14,Female,New Delhi,Delhi,2023-04-26,Low
CUST03380,Anahita,Chad,1986-01-07,Female,Thiruvananthapuram,Kerala,2019-08-20,Low
CUST03381,Anya,Saini,1992-06-10,Female,Ahmedabad,Gujarat,2020-09-12,Low
CUST03382,Nirvaan,Cherian,1967-04-01,Female,Hubballi,Karnataka,2025-01-21,Low
CUST03383,Nirvi,Sarma,1961-09-25,Female,Coimbatore,Tamil Nadu,2019-07-19,Low
CUST03384,Adira,Sehgal,1957-08-21,Female,Mysuru,Karnataka,2020-01-05,Low
CUST03385,Shaan,Zacharia,1981-09-29,Male,Thiruvananthapuram,Kerala,2025-03-02,Low
CUST03386,Ranbir,Choudhary,2004-08-03,Female,Mangaluru,Karnataka,2020-11-03,Medium
CUST03387,Nitya,Khanna,2001-04-13,Female,Surat,Gujarat,2019-09-12,Low
CUST03388,Nitya,Bir,1992-01-10,Male,Warangal,Telangana,2024-01-15,Low
CUST03389,Samaira,Korpal,1961-10-20,Female,Mumbai,Maharashtra,2025-06-01,Low
CUST03390,Rania,Ganesan,1970-11-17,Male,Coimbatore,Tamil Nadu,2023-07-20,Low
CUST03391,Tiya,Rama,1960-01-19,Female,Kanpur,Uttar Pradesh,2024-02-16,Low
CUST03392,Shlok,Gulati,2004-06-21,Male,Vadodara,Gujarat,2024-12-20,Medium
CUST03393,Sara,Seshadri,1981-08-14,Female,Warangal,Telangana,2024-03-18,Medium
CUST03394,Nayantara,Srinivasan,1993-11-20,Female,Bengaluru,Karnataka,2022-05-14,Low
CUST03395,Zara,Dada,1970-11-11,Male,New Delhi,Delhi,2020-11-07,Medium
CUST03396,Farhan,Dhillon,1961-08-13,Female,Kolkata,West Bengal,2019-08-07,High
CUST03397,Dhruv,Garde,2006-01-17,Male,Kolkata,West Bengal,2023-09-08,Medium
CUST03398,Kanav,Sharma,1963-07-20,Male,New Delhi,Delhi,2023-07-10,Medium
CUST03399,Tushar,Bhatt,1976-12-21,Male,Madurai,Tamil Nadu,2021-11-19,Low
CUST03400,Kashvi,Shan,1955-10-06,Female,Lucknow,Uttar Pradesh,2021-04-17,Low
CUST03401,Biju,Rajagopal,1992-02-05,Male,Kolkata,West Bengal,2020-04-06,Low
CUST03402,Vidur,Kakar,1977-05-26,Female,Noida,Uttar Pradesh,2025-03-18,Low
CUST03403,Tejas,Sur,2001-11-16,Female,Udaipur,Rajasthan,2025-06-04,High
CUST03404,Gokul,Lad,2000-10-25,Male,Chennai,Tamil Nadu,2023-10-08,Low
CUST03405,Kiara,Choudhry,1962-11-26,Female,New Delhi,Delhi,2022-01-05,Medium
CUST03406,Aayush,Luthra,1986-12-29,Male,Coimbatore,Tamil Nadu,2021-05-03,Medium
CUST03407,Hunar,Tandon,1975-11-06,Female,Warangal,Telangana,2020-07-06,Medium
CUST03408,Charvi,Sangha,1986-08-31,Female,New Delhi,Delhi,2019-11-27,High
CUST03409,Kismat,Dhar,1965-07-29,Female,Kozhikode,Kerala,2025-01-02,Low
CUST03410,Nitya,Vala,2003-06-27,Male,Chennai,Tamil Nadu,2018-12-10,Low
CUST03411,Kismat,Dutta,1976-09-01,Female,Surat,Gujarat,2022-12-03,Low
CUST03412,Prisha,Bhatia,1974-04-04,Female,Bengaluru,Karnataka,2024-08-29,Low
CUST03413,Kaira,Khare,1998-08-05,Female,Hubballi,Karnataka,2020-06-26,Low
CUST03414,Bhamini,Dhingra,2003-07-26,Male,Udaipur,Rajasthan,2021-11-08,Low
CUST03415,Biju,Tailor,1978-04-27,Female,Kozhikode,Kerala,2019-12-13,Medium
CUST03416,Saanvi,Cheema,2005-07-04,Female,Mumbai,Maharashtra,2025-07-17,Low
CUST03417,Mamooty,Sarma,2005-09-18,Male,Jaipur,Rajasthan,2019-02-05,Low
CUST03418,Urvi,Chakraborty,1988-10-27,Male,Jaipur,Rajasthan,2024-11-01,Low
CUST03419,Vihaan,Doctor,2000-07-05,Female,Noida,Uttar Pradesh,2020-01-02,Low
CUST03420,Akarsh,Mahal,1982-05-06,Male,Nashik,Maharashtra,2021-07-09,Low
CUST03421,Aarna,Sane,1987-11-12,Female,Kolkata,West Bengal,2021-08-12,Medium
CUST03422,Tanya,Hayre,1982-04-05,Male,New Delhi,Delhi,2019-04-06,Low
CUST03423,Eva,Seth,1974-11-28,Male,Kanpur,Uttar Pradesh,2021-01-19,Medium
CUST03424,Rasha,Chatterjee,2003-05-12,Female,Udaipur,Rajasthan,2023-04-24,Low
CUST03425,Vihaan,Bava,1964-07-22,Male,Vadodara,Gujarat,2021-05-26,Medium
CUST03426,Suhana,Sule,1995-02-22,Female,Hubballi,Karnataka,2025-07-01,Low
CUST03427,Baiju,Varghese,2003-12-08,Male,Mysuru,Karnataka,2021-03-27,Low
CUST03428,Amira,Sagar,1966-10-15,Female,Ahmedabad,Gujarat,2023-07-24,Low
CUST03429,Hiran,Kant,2003-01-04,Female,Warangal,Telangana,2022-10-02,Medium
CUST03430,Riaan,Yadav,1965-07-03,Female,Warangal,Telangana,2020-06-07,Low
CUST03431,Madhav,Suri,2006-07-30,Male,Hyderabad,Telangana,2020-04-24,Low
CUST03432,Sara,Sachdev,1956-04-08,Male,Kochi,Kerala,2021-09-24,High
CUST03433,Samaira,Varty,1994-10-28,Male,Bengaluru,Karnataka,2019-07-08,Medium
CUST03434,Parinaaz,Srivastava,1965-09-10,Male,Udaipur,Rajasthan,2021-11-07,Low
CUST03435,Aaryahi,Sane,1967-02-05,Male,New Delhi,Delhi,2019-02-17,Medium
CUST03436,Divit,Gokhale,1987-11-24,Male,Hyderabad,Telangana,2020-03-06,Low
CUST03437,Baiju,Bhargava,1990-09-22,Female,Coimbatore,Tamil Nadu,2024-03-06,Low
CUST03438,Shayak,Rajagopalan,1985-03-03,Female,Hyderabad,Telangana,2019-11-30,Low
CUST03439,Mishti,Sen,1983-02-21,Female,Mysuru,Karnataka,2020-09-25,Medium
CUST03440,Arhaan,Bhargava,1972-01-15,Female,Nashik,Maharashtra,2022-01-09,Medium
CUST03441,Ayesha,Dora,2002-06-19,Male,Kolkata,West Bengal,2023-09-21,Low
CUST03442,Jayant,Sachdeva,2006-05-12,Female,Hubballi,Karnataka,2021-11-04,Low
CUST03443,Urvi,Saraf,2001-04-17,Female,Ahmedabad,Gujarat,2024-04-01,Low
CUST03444,Dhruv,Sood,1987-03-15,Male,Vadodara,Gujarat,2025-08-11,High
CUST03445,Nehmat,Halder,1974-05-18,Male,Pune,Maharashtra,2024-01-11,High
CUST03446,Neysa,Kapadia,1980-08-23,Male,Chennai,Tamil Nadu,2018-10-01,Low
CUST03447,Fateh,Bhardwaj,1961-04-09,Male,Kolkata,West Bengal,2019-09-09,Medium
CUST03448,Ayesha,Rege,2001-02-27,Female,Ahmedabad,Gujarat,2022-12-26,Medium
CUST03449,Mamooty,Apte,1995-08-02,Male,Nagpur,Maharashtra,2023-07-11,Low
CUST03450,Kaira,Khatri,1974-04-11,Female,Kozhikode,Kerala,2024-07-20,Low
CUST03451,Shanaya,Batta,1995-12-30,Male,Kolkata,West Bengal,2020-03-10,Low
CUST03452,Veer,Khurana,1999-07-07,Male,Surat,Gujarat,2024-08-17,Low
CUST03453,Adira,Dixit,1994-07-14,Female,Nagpur,Maharashtra,2019-09-19,Low
CUST03454,Divyansh,Gaba,1959-12-21,Female,Kochi,Kerala,2024-09-20,Low
CUST03455,Yashvi,Luthra,1968-03-25,Female,Kochi,Kerala,2022-02-05,Medium
CUST03456,Rati,Anne,1982-06-12,Male,Surat,Gujarat,2023-05-19,Low
CUST03457,Heer,Srinivasan,1991-09-21,Male,Kozhikode,Kerala,2022-10-21,Low
CUST03458,Chirag,Lad,1995-06-10,Female,Mysuru,Karnataka,2023-03-27,Low
CUST03459,Riya,Tank,1999-12-31,Male,Madurai,Tamil Nadu,2019-09-15,Low
CUST03460,Suhana,Shetty,1969-10-07,Male,Madurai,Tamil Nadu,2024-04-02,Low
CUST03461,Fateh,Chana,1996-06-01,Male,Madurai,Tamil Nadu,2024-07-24,Low
CUST03462,Jivin,Agate,1993-05-25,Female,Bengaluru,Karnataka,2022-06-15,Low
CUST03463,Yasmin,Dugar,1964-01-09,Male,Thiruvananthapuram,Kerala,2018-12-25,Low
CUST03464,Gokul,Mani,1969-09-06,Female,Coimbatore,Tamil Nadu,2024-03-14,Low
CUST03465,Ishaan,Bassi,1993-12-04,Male,Madurai,Tamil Nadu,2020-10-31,Low
CUST03466,Suhana,Badal,1961-05-29,Male,Coimbatore,Tamil Nadu,2019-09-17,Medium
CUST03467,Dishani,Dixit,1980-05-22,Male,Chennai,Tamil Nadu,2023-04-13,Low
CUST03468,Jayan,Kakar,2000-06-08,Female,Warangal,Telangana,2018-08-26,Low
CUST03469,Nishith,Doctor,1958-10-16,Female,New Delhi,Delhi,2023-01-25,Medium
CUST03470,Vardaniya,Din,2000-07-03,Female,Bengaluru,Karnataka,2023-03-12,Low
CUST03471,Ahana ,Boase,1994-12-02,Female,Hubballi,Karnataka,2022-10-27,Low
CUST03472,Rania,Dugar,1991-03-20,Male,Coimbatore,Tamil Nadu,2021-08-23,Medium
CUST03473,Mahika,Luthra,1990-05-24,Male,Udaipur,Rajasthan,2020-06-07,Low
CUST03474,Prisha,Bawa,2000-09-27,Male,Chennai,Tamil Nadu,2025-08-15,Low
CUST03475,Azad,Dani,1958-02-24,Male,New Delhi,Delhi,2020-04-01,Medium
CUST03476,Hridaan,Doctor,1970-04-18,Male,Ahmedabad,Gujarat,2019-10-16,Medium
CUST03477,Lavanya,Majumdar,1970-05-08,Male,Kolkata,West Bengal,2023-09-07,High
CUST03478,Taimur,Dewan,1964-05-23,Female,Udaipur,Rajasthan,2024-11-07,Low
CUST03479,Misha,Kakar,1960-09-16,Male,Noida,Uttar Pradesh,2023-04-30,Low
CUST03480,Onkar,De,1981-08-18,Male,Thiruvananthapuram,Kerala,2024-03-05,Low
CUST03481,Ishaan,Iyengar,1986-09-07,Female,Kochi,Kerala,2019-05-11,Low
CUST03482,Onkar,Sandhu,1984-08-04,Female,Udaipur,Rajasthan,2024-07-22,Low
CUST03483,Hridaan,Loyal,1969-07-07,Male,Kolkata,West Bengal,2019-04-02,Low
CUST03484,Mohanlal,Sha,1973-12-24,Male,Chennai,Tamil Nadu,2024-01-14,Medium
CUST03485,Rasha,Roy,1968-10-03,Male,Chennai,Tamil Nadu,2024-09-22,Low
CUST03486,Umang,Manda,2000-05-18,Male,Nashik,Maharashtra,2024-02-28,Low
CUST03487,Diya,Ramakrishnan,1966-10-24,Female,Lucknow,Uttar Pradesh,2022-03-21,Low
CUST03488,Indrans,Dugar,1985-02-26,Male,Warangal,Telangana,2021-11-15,Low
CUST03489,Anay,Ramakrishnan,1972-06-28,Male,Thiruvananthapuram,Kerala,2019-04-23,Low
CUST03490,Purab,Bhatia,1991-10-25,Female,Noida,Uttar Pradesh,2019-08-02,Low
CUST03491,Piya,Mahal,1983-05-01,Female,Coimbatore,Tamil Nadu,2019-03-18,Low
CUST03492,Shalv,Reddy,1961-09-14,Female,New Delhi,Delhi,2021-09-26,Low
CUST03493,Shamik,Sood,1974-03-30,Male,Vadodara,Gujarat,2019-11-23,Medium
CUST03494,Yasmin,Chowdhury,1974-04-09,Male,Hyderabad,Telangana,2018-09-25,Medium
CUST03495,Divyansh,Gulati,1970-10-09,Male,Madurai,Tamil Nadu,2021-11-14,Low
CUST03496,Ehsaan,Srinivas,1964-01-20,Male,Hyderabad,Telangana,2020-02-22,Low
CUST03497,Eshani,Seth,1976-07-05,Female,New Delhi,Delhi,2023-08-29,Medium
CUST03498,Zara,Konda,1962-02-24,Female,Kolkata,West Bengal,2023-02-24,Medium
CUST03499,Stuvan,Sarma,1994-08-02,Male,Kanpur,Uttar Pradesh,2021-01-18,Low
CUST03500,Ishita,Deshmukh,1996-12-26,Female,Warangal,Telangana,2019-06-29,Medium
CUST03501,Badal,Chada,1977-04-15,Female,Udaipur,Rajasthan,2025-01-16,Low
CUST03502,Vidur,Chana,1979-02-20,Male,Kozhikode,Kerala,2025-07-04,Medium
CUST03503,Seher,Sane,1991-10-31,Female,New Delhi,Delhi,2023-05-05,High
CUST03504,Kimaya,Wadhwa,1983-01-18,Female,New Delhi,Delhi,2022-09-15,Low
CUST03505,Kiara,Bhatt,1973-04-11,Female,Nagpur,Maharashtra,2018-09-24,Medium
CUST03506,Piya,Kunda,2004-03-08,Female,Nagpur,Maharashtra,2019-12-22,Low
CUST03507,Nirvi,Bhatnagar,1965-05-11,Female,Mysuru,Karnataka,2021-11-14,High
CUST03508,Jiya,Shah,1973-11-04,Male,Warangal,Telangana,2019-02-06,Low
CUST03509,Samaira,Reddy,1980-11-02,Male,Nagpur,Maharashtra,2024-09-01,Medium
CUST03510,Vanya,Dash,2001-10-20,Male,New Delhi,Delhi,2023-10-30,Low
CUST03511,Aaina,Sastry,1986-10-20,Female,Vadodara,Gujarat,2020-03-16,Low
CUST03512,Advika,Goel,1987-07-17,Male,Jaipur,Rajasthan,2022-12-03,Low
CUST03513,Reyansh,Devi,1984-10-04,Female,Jaipur,Rajasthan,2023-01-29,High
CUST03514,Saanvi,Wadhwa,1971-03-20,Male,Hyderabad,Telangana,2021-03-31,Medium
CUST03515,Myra,Varughese,1961-07-25,Male,New Delhi,Delhi,2021-04-01,Medium
CUST03516,Yuvraj ,Solanki,1976-12-06,Male,Udaipur,Rajasthan,2019-06-02,Medium
CUST03517,Myra,Baral,1960-11-13,Male,Jaipur,Rajasthan,2024-11-09,Low
CUST03518,Nakul,Batra,1966-11-19,Female,Chennai,Tamil Nadu,2023-07-18,Low
CUST03519,Bhavin,Basak,2006-03-28,Male,Lucknow,Uttar Pradesh,2021-01-30,Low
CUST03520,Ishita,Koshy,1956-05-17,Male,Udaipur,Rajasthan,2022-04-04,Low
CUST03521,Parinaaz,Kumar,2005-05-19,Male,Kochi,Kerala,2019-10-23,Low
CUST03522,Anvi,Kothari,1990-09-11,Female,Thiruvananthapuram,Kerala,2024-06-23,Low
CUST03523,Parinaaz,Wali,1991-11-18,Female,Kolkata,West Bengal,2024-08-02,Low
CUST03524,Gatik,Jain,1956-08-05,Female,Madurai,Tamil Nadu,2023-11-22,Low
CUST03525,Kanav,Thakur,2006-05-29,Female,Bengaluru,Karnataka,2018-09-17,Low
CUST03526,Riya,Kala,2003-06-18,Female,Udaipur,Rajasthan,2023-03-13,Low
CUST03527,Siya,Gera,1972-04-08,Male,Noida,Uttar Pradesh,2024-12-07,High
CUST03528,Nitara,Tata,1991-08-03,Male,Hubballi,Karnataka,2024-06-20,Medium
CUST03529,Mahika,Bail,1996-12-24,Male,Coimbatore,Tamil Nadu,2022-06-19,High
CUST03530,Jayan,Sandal,2007-08-15,Male,Warangal,Telangana,2023-02-07,Low
CUST03531,Mamooty,Chahal,1960-10-05,Male,Surat,Gujarat,2021-10-09,Low
CUST03532,Himmat,Kurian,1979-09-10,Male,Warangal,Telangana,2019-01-31,Medium
CUST03533,Aarna,Kota,1981-06-12,Male,Warangal,Telangana,2020-02-06,Low
CUST03534,Umang,Bhalla,1978-08-25,Male,Ahmedabad,Gujarat,2024-06-04,Low
CUST03535,Nishith,Thakur,1992-05-02,Male,Warangal,Telangana,2025-03-03,Low
CUST03536,Fateh,Dhillon,1976-01-04,Male,Thiruvananthapuram,Kerala,2022-10-05,Low
CUST03537,Ritvik,Deo,1970-02-23,Male,Nagpur,Maharashtra,2018-09-01,Low
CUST03538,Sara,Raval,1994-05-11,Male,Kanpur,Uttar Pradesh,2021-12-30,Low
CUST03539,Madhav,Dua,1999-05-28,Male,Kolkata,West Bengal,2023-01-13,Low
CUST03540,Armaan,Kata,1997-09-08,Male,Udaipur,Rajasthan,2022-10-20,Low
CUST03541,Bhavin,Gokhale,1956-01-19,Male,Nagpur,Maharashtra,2023-11-20,Low
CUST03542,Amira,Gala,1975-12-14,Female,Hubballi,Karnataka,2021-08-29,Medium
CUST03543,Emir,Agate,1979-06-13,Female,Nashik,Maharashtra,2024-10-17,Low
CUST03544,Kabir,Iyer,1979-10-10,Female,Lucknow,Uttar Pradesh,2018-09-22,Low
CUST03545,Divyansh,Kale,1989-02-17,Female,Kochi,Kerala,2020-04-30,Medium
CUST03546,Dharmajan,Lalla,1990-08-25,Male,Nagpur,Maharashtra,2019-12-16,Low
CUST03547,Zain,Bhatia,1988-10-25,Male,Kolkata,West Bengal,2018-09-16,Low
CUST03548,Indrans,Sodhi,2000-05-01,Female,Bengaluru,Karnataka,2020-10-11,Low
CUST03549,Mamooty,Keer,1982-07-21,Female,Thiruvananthapuram,Kerala,2021-10-31,Low
CUST03550,Rohan,Gopal,1984-10-18,Female,Vadodara,Gujarat,2020-03-14,Low
CUST03551,Heer,Tak,1973-12-27,Female,New Delhi,Delhi,2019-07-29,Medium
CUST03552,Advika,Saha,1985-07-19,Male,Nashik,Maharashtra,2020-01-10,Low
CUST03553,Hiran,Goel,2006-06-28,Male,Kanpur,Uttar Pradesh,2022-05-05,Low
CUST03554,Aarush,Gola,2003-11-29,Male,Kanpur,Uttar Pradesh,2020-05-03,Low
CUST03555,Faiyaz,Chandran,1975-01-14,Female,Nashik,Maharashtra,2018-12-29,Low
CUST03556,Himmat,Hora,1984-04-20,Female,Noida,Uttar Pradesh,2024-12-23,Low
CUST03557,Shalv,Yohannan,1957-10-19,Female,Bengaluru,Karnataka,2020-01-06,Low
CUST03558,Nitya,Chaudhary,1988-04-06,Male,Lucknow,Uttar Pradesh,2024-04-22,Low
CUST03559,Priyansh,Bhargava,1984-04-21,Male,Warangal,Telangana,2022-10-23,Low
CUST03560,Ira,Kota,2002-01-15,Female,Vadodara,Gujarat,2024-09-22,Low
CUST03561,Gokul,Gaba,2006-10-05,Male,New Delhi,Delhi,2025-02-24,Low
CUST03562,Vanya,Wadhwa,1982-11-10,Female,Noida,Uttar Pradesh,2022-12-02,Medium
CUST03563,Samaira,Shanker,1982-02-09,Male,Vadodara,Gujarat,2019-10-08,Low
CUST03564,Faiyaz,Bhagat,1957-02-01,Female,Mysuru,Karnataka,2019-09-21,Low
CUST03565,Indrans,Gera,1989-09-03,Male,Mangaluru,Karnataka,2018-10-07,Low
CUST03566,Tiya,Sani,1971-09-29,Male,Thiruvananthapuram,Kerala,2019-02-03,Medium
CUST03567,Parinaaz,Thakkar,1978-12-06,Male,Kolkata,West Bengal,2022-04-21,Low
CUST03568,Kimaya,Shan,1956-03-12,Female,New Delhi,Delhi,2022-05-06,Low
CUST03569,Anvi,Dhillon,1974-11-08,Male,Thiruvananthapuram,Kerala,2022-10-13,Medium
CUST03570,Dharmajan,Sidhu,1984-11-02,Male,New Delhi,Delhi,2020-10-03,Medium
CUST03571,Miraya,Bose,2005-04-10,Female,Chennai,Tamil Nadu,2022-12-31,Low
CUST03572,Kabir,Dash,1974-10-12,Female,Surat,Gujarat,2025-03-04,Low
CUST03573,Farhan,Venkatesh,1973-08-01,Male,Kolkata,West Bengal,2024-08-11,Medium
CUST03574,Nishith,Sama,1984-11-07,Female,New Delhi,Delhi,2020-05-03,High
CUST03575,Anika,Sastry,1962-08-30,Female,Kochi,Kerala,2024-08-12,Medium
CUST03576,Samiha,Krishnamurthy,1997-03-26,Male,Surat,Gujarat,2020-03-10,Low
CUST03577,Kanav,Varma,1995-11-18,Female,Coimbatore,Tamil Nadu,2023-12-31,Low
CUST03578,Myra,Borde,1971-04-05,Male,Kozhikode,Kerala,2019-09-04,Low
CUST03579,Hansh,Iyer,1958-04-05,Female,New Delhi,Delhi,2020-12-23,Medium
CUST03580,Kartik,Bora,1984-08-28,Female,New Delhi,Delhi,2018-10-19,Low
CUST03581,Mannat,Chaudhry,1961-11-02,Male,New Delhi,Delhi,2019-01-31,Low
CUST03582,Vaibhav,Jani,1991-05-17,Male,Warangal,Telangana,2021-04-04,Medium
CUST03583,Rati,Ravel,1971-05-26,Female,Jaipur,Rajasthan,2020-07-15,Low
CUST03584,Shayak,Kala,1988-04-04,Female,Noida,Uttar Pradesh,2019-03-04,Medium
CUST03585,Diya,Kala,1999-06-19,Male,Hyderabad,Telangana,2019-02-02,Low
CUST03586,Romil,Bhakta,1973-12-21,Male,Noida,Uttar Pradesh,2021-09-28,Low
CUST03587,Ranbir,Gill,2004-01-27,Female,Kochi,Kerala,2022-03-16,Low
CUST03588,Nishith,Dutta,1958-11-20,Female,Udaipur,Rajasthan,2020-03-12,Medium
CUST03589,Arnav,Acharya,1959-03-13,Female,Coimbatore,Tamil Nadu,2024-04-07,Low
CUST03590,Shanaya,Dyal,1970-01-27,Male,Kozhikode,Kerala,2021-01-28,Low
CUST03591,Anaya,Dey,1996-12-03,Male,New Delhi,Delhi,2019-07-05,High
CUST03592,Adah,Chanda,1972-10-25,Female,Mysuru,Karnataka,2022-10-30,Low
CUST03593,Tejas,Ganesh,1976-05-11,Male,Kochi,Kerala,2019-08-07,Low
CUST03594,Divit,Sami,1956-07-30,Female,Hyderabad,Telangana,2024-06-16,Low
CUST03595,Ishita,Solanki,1964-07-07,Male,Warangal,Telangana,2021-06-20,Low
CUST03596,Taran,Shanker,1980-03-29,Male,Chennai,Tamil Nadu,2024-12-20,Low
CUST03597,Vanya,Raja,1991-08-21,Female,Hyderabad,Telangana,2023-10-17,Low
CUST03598,Umang,Dani,1999-11-25,Female,Kolkata,West Bengal,2020-12-30,Low
CUST03599,Lakshay,Master,1981-10-13,Male,Ahmedabad,Gujarat,2019-05-24,Low
CUST03600,Emir,Bhattacharyya,1998-06-28,Female,Kanpur,Uttar Pradesh,2024-12-19,Low
CUST03601,Lavanya,Bhasin,1958-06-11,Female,New Delhi,Delhi,2023-08-22,Low
CUST03602,Neysa,Taneja,1968-08-10,Female,New Delhi,Delhi,2020-04-16,Low
CUST03603,Renee,Kapoor,1962-05-12,Male,New Delhi,Delhi,2019-04-15,Low
CUST03604,Inaaya ,Ranganathan,1978-12-25,Male,Coimbatore,Tamil Nadu,2021-03-19,Low
CUST03605,Samaira,Khalsa,2007-06-08,Male,Jaipur,Rajasthan,2020-05-14,Low
CUST03606,Hazel,Sen,1966-02-08,Male,Udaipur,Rajasthan,2019-01-09,Low
CUST03607,Gokul,Char,1984-02-09,Female,Pune,Maharashtra,2023-05-02,Medium
CUST03608,Riya,Date,2007-04-28,Female,Jaipur,Rajasthan,2023-06-01,Low
CUST03609,Shray,Wason,1980-07-22,Female,Kozhikode,Kerala,2022-06-19,Medium
CUST03610,Mohanlal,Sekhon,1963-08-22,Male,Kolkata,West Bengal,2022-05-11,High
CUST03611,Darshit,Khurana,1984-02-29,Female,Kanpur,Uttar Pradesh,2023-02-08,Low
CUST03612,Damini,Subramanian,1957-02-19,Male,Chennai,Tamil Nadu,2020-01-26,Low
CUST03613,Kismat,Devan,2003-01-22,Female,Jaipur,Rajasthan,2019-09-30,Low
CUST03614,Riaan,Bajaj,1994-03-06,Female,Kolkata,West Bengal,2019-03-02,Medium
CUST03615,Yashvi,Saran,1968-08-04,Male,New Delhi,Delhi,2024-12-13,Low
CUST03616,Vivaan,Kota,2002-03-30,Female,Kanpur,Uttar Pradesh,2023-03-07,Low
CUST03617,Drishya,Barad,1966-11-29,Male,Kanpur,Uttar Pradesh,2022-05-17,Low
CUST03618,Suhana,Kumar,1981-10-16,Female,Coimbatore,Tamil Nadu,2023-06-08,Medium
CUST03619,Vanya,Hayer,1982-12-05,Male,Kolkata,West Bengal,2023-10-25,Medium
CUST03620,Purab,Chauhan,1968-03-04,Female,New Delhi,Delhi,2018-09-06,Low
CUST03621,Indranil,Mangal,1970-06-21,Female,Madurai,Tamil Nadu,2023-09-08,Low
CUST03622,Rasha,Agrawal,1990-07-18,Female,Bengaluru,Karnataka,2022-07-11,Low
CUST03623,Damini,Sathe,2004-09-07,Female,Lucknow,Uttar Pradesh,2023-02-12,Low
CUST03624,Pranay,Doshi,1970-08-23,Male,Lucknow,Uttar Pradesh,2021-03-03,Medium
CUST03625,Rhea,Desai,1993-03-22,Female,Madurai,Tamil Nadu,2019-08-31,Low
CUST03626,Jayan,Choudhury,1958-10-02,Male,Hyderabad,Telangana,2023-03-10,Low
CUST03627,Miraan,Dhingra,1958-04-23,Male,Hubballi,Karnataka,2024-02-03,Low
CUST03628,Hunar,Wagle,1974-07-20,Male,New Delhi,Delhi,2019-10-13,Medium
CUST03629,Purab,Vohra,1959-02-26,Male,Vadodara,Gujarat,2024-02-11,Medium
CUST03630,Nishith,Tata,1969-12-08,Female,Surat,Gujarat,2023-03-13,Low
CUST03631,Farhan,Acharya,1999-10-16,Female,Coimbatore,Tamil Nadu,2021-08-09,Medium
CUST03632,Mohanlal,Ramakrishnan,1980-10-07,Male,Nagpur,Maharashtra,2021-05-30,Low
CUST03633,Dharmajan,Sastry,1993-01-10,Female,Madurai,Tamil Nadu,2020-11-23,Low
CUST03634,Saira,Bhavsar,1983-06-09,Female,Thiruvananthapuram,Kerala,2023-11-07,Low
CUST03635,Ritvik,Gaba,1959-07-19,Male,Coimbatore,Tamil Nadu,2023-12-22,Low
CUST03636,Aayush,Tata,1979-11-03,Female,Hyderabad,Telangana,2020-07-07,Low
CUST03637,Sana,Dey,1967-09-04,Female,Nagpur,Maharashtra,2020-10-29,Medium
CUST03638,Advik,Luthra,2000-05-18,Female,Nagpur,Maharashtra,2025-04-08,Low
CUST03639,Vanya,Manne,1962-11-22,Male,Lucknow,Uttar Pradesh,2024-10-18,Low
CUST03640,Shanaya,Sankaran,1981-08-23,Male,New Delhi,Delhi,2024-03-18,Low
CUST03641,Onkar,Virk,1998-04-07,Male,Bengaluru,Karnataka,2024-01-17,Low
CUST03642,Lavanya,Majumdar,1969-09-05,Male,New Delhi,Delhi,2025-08-06,Medium
CUST03643,Ahana ,Choudhary,1977-09-18,Female,Mangaluru,Karnataka,2020-12-08,Low
CUST03644,Lagan,Mannan,1998-07-04,Male,Chennai,Tamil Nadu,2025-07-09,Low
CUST03645,Suhana,Hora,1966-03-29,Female,Madurai,Tamil Nadu,2022-06-11,Medium
CUST03646,Mehul,Sethi,2005-01-26,Male,New Delhi,Delhi,2022-05-05,Low
CUST03647,Tushar,Borah,1988-03-30,Male,Kanpur,Uttar Pradesh,2019-06-13,Low
CUST03648,Bhamini,Chana,1986-11-29,Male,Kolkata,West Bengal,2020-03-22,Low
CUST03649,Jayesh,Chandra,1994-05-31,Male,Kolkata,West Bengal,2022-10-27,Low
CUST03650,Samiha,Chana,1999-09-19,Male,Jaipur,Rajasthan,2021-01-18,High
CUST03651,Akarsh,Dubey,1966-09-26,Female,Kochi,Kerala,2020-02-29,Medium
CUST03652,Vihaan,Sankar,1997-01-04,Female,Madurai,Tamil Nadu,2020-03-31,Low
CUST03653,Darshit,Bora,1960-07-20,Male,Nashik,Maharashtra,2022-04-11,Medium
CUST03654,Nirvaan,Karan,1999-07-20,Male,Lucknow,Uttar Pradesh,2022-01-27,Low
CUST03655,Divyansh,Sengupta,1991-07-01,Female,Kolkata,West Bengal,2019-10-26,Low
CUST03656,Samiha,Sheth,1956-06-14,Female,Mumbai,Maharashtra,2023-10-13,Low
CUST03657,Divyansh,Gulati,1981-10-12,Female,Warangal,Telangana,2018-10-29,Low
CUST03658,Faiyaz,Thaker,1956-07-27,Male,Warangal,Telangana,2025-02-21,Low
CUST03659,Nayantara,Bains,1964-08-23,Male,Ahmedabad,Gujarat,2020-10-05,Low
CUST03660,Trisha,Barman,1973-11-11,Female,Hubballi,Karnataka,2019-11-12,Medium
CUST03661,Mishti,Rama,1956-07-26,Male,Jaipur,Rajasthan,2025-05-22,Low
CUST03662,Aayush,Sule,1962-11-20,Female,Udaipur,Rajasthan,2023-04-07,Low
CUST03663,Sara,Taneja,1978-09-04,Male,Thiruvananthapuram,Kerala,2024-08-31,Low
CUST03664,Dharmajan,Chaudhuri,1965-02-14,Male,Kolkata,West Bengal,2022-09-26,Low
CUST03665,Tara,Manda,1985-11-19,Female,Surat,Gujarat,2025-08-02,Low
CUST03666,Ishaan,Dube,1978-03-23,Female,Ahmedabad,Gujarat,2022-09-21,Low
CUST03667,Indrans,Dara,1959-06-14,Female,Hubballi,Karnataka,2023-04-10,Medium
CUST03668,Rania,Deol,1998-05-08,Male,New Delhi,Delhi,2023-04-10,Low
CUST03669,Gatik,Anne,1958-09-05,Female,Thiruvananthapuram,Kerala,2019-07-11,Low
CUST03670,Inaaya ,Divan,1962-08-18,Female,Bengaluru,Karnataka,2023-01-01,Low
CUST03671,Zeeshan,Bobal,1955-09-25,Male,Nagpur,Maharashtra,2020-07-22,Low
CUST03672,Anay,Comar,1984-09-18,Male,New Delhi,Delhi,2021-12-05,Low
CUST03673,Hunar,Goda,2000-03-31,Male,Mangaluru,Karnataka,2021-02-02,Medium
CUST03674,Mamooty,Wable,2002-03-23,Female,Warangal,Telangana,2021-12-03,Low
CUST03675,Piya,Wagle,2004-04-17,Male,Vadodara,Gujarat,2019-08-10,Low
CUST03676,Ayesha,Chad,1963-02-22,Male,Udaipur,Rajasthan,2020-07-23,Low
CUST03677,Ehsaan,Dhaliwal,1979-12-18,Male,Hyderabad,Telangana,2019-04-20,Low
CUST03678,Mannat,Ganesan,1963-09-14,Female,Chennai,Tamil Nadu,2021-09-19,Low
CUST03679,Dharmajan,Wason,1958-08-07,Female,Pune,Maharashtra,2023-10-17,Medium
CUST03680,Indrajit,Chakraborty,1984-10-25,Female,Hyderabad,Telangana,2023-03-01,Low
CUST03681,Shamik,Rama,1967-12-28,Male,Ahmedabad,Gujarat,2024-06-05,Medium
CUST03682,Aarna,Borde,2001-01-21,Male,Kochi,Kerala,2024-06-29,Low
CUST03683,Romil,Ratta,1975-03-07,Male,New Delhi,Delhi,2021-08-12,Medium
CUST03684,Ehsaan,Deshmukh,1989-08-15,Female,Warangal,Telangana,2024-04-11,Low
CUST03685,Tushar,Deo,2004-01-20,Female,Mysuru,Karnataka,2025-06-11,Low
CUST03686,Dhanuk,Subramaniam,1955-10-19,Male,Lucknow,Uttar Pradesh,2019-11-30,Low
CUST03687,Vanya,Sagar,1965-08-16,Female,Vadodara,Gujarat,2021-05-17,Medium
CUST03688,Hunar,Hayer,1986-01-17,Female,Warangal,Telangana,2024-10-14,Low
CUST03689,Yashvi,Srivastava,1988-03-16,Female,Hubballi,Karnataka,2025-07-31,Low
CUST03690,Darshit,Bhalla,1994-12-21,Female,Surat,Gujarat,2022-04-15,Low
CUST03691,Samiha,Dewan,1965-06-29,Male,Kolkata,West Bengal,2019-06-03,Medium
CUST03692,Samarth,Bhatt,1968-01-10,Male,Ahmedabad,Gujarat,2025-03-06,Low
CUST03693,Veer,Goda,1977-05-18,Female,Madurai,Tamil Nadu,2022-11-08,Medium
CUST03694,Aarna,Khosla,2002-11-02,Male,Mumbai,Maharashtra,2022-03-04,Low
CUST03695,Lavanya,Sundaram,1998-12-20,Male,Coimbatore,Tamil Nadu,2021-06-27,Low
CUST03696,Hiran,Suresh,2000-02-25,Male,Madurai,Tamil Nadu,2020-09-28,Low
CUST03697,Veer,Kadakia,1993-01-11,Female,Madurai,Tamil Nadu,2022-11-17,High
CUST03698,Heer,Loke,1989-03-03,Female,Surat,Gujarat,2023-03-07,Low
CUST03699,Heer,Tara,1971-04-23,Female,Kozhikode,Kerala,2021-12-02,Medium
CUST03700,Dharmajan,Mannan,2004-04-19,Female,Mumbai,Maharashtra,2022-03-28,Low
CUST03701,Eshani,Mani,2008-06-30,Female,Hyderabad,Telangana,2024-07-19,Low
CUST03702,Zoya,Shere,1970-07-29,Female,Hyderabad,Telangana,2024-08-18,Low
CUST03703,Dhruv,Dalal,1980-04-06,Male,Kolkata,West Bengal,2018-09-03,Low
CUST03704,Lagan,Varghese,1956-10-25,Male,Pune,Maharashtra,2021-09-24,Medium
CUST03705,Ivana,Khalsa,1964-09-27,Male,Ahmedabad,Gujarat,2019-08-03,Medium
CUST03706,Biju,Ghosh,1980-03-16,Male,Pune,Maharashtra,2025-04-10,Medium
CUST03707,Hiran,Din,1986-12-24,Female,Kanpur,Uttar Pradesh,2019-11-16,Medium
CUST03708,Ishita,Kade,1972-02-25,Female,Coimbatore,Tamil Nadu,2020-06-10,Low
CUST03709,Mamooty,Bala,2006-06-25,Male,Jaipur,Rajasthan,2019-10-28,Low
CUST03710,Fateh,Sarin,2003-07-22,Male,New Delhi,Delhi,2019-11-13,High
CUST03711,Uthkarsh,Sha,1957-06-10,Male,Coimbatore,Tamil Nadu,2024-07-27,Low
CUST03712,Aarna,Grewal,1959-05-01,Female,Coimbatore,Tamil Nadu,2024-08-13,Medium
CUST03713,Emir,Saini,1995-03-24,Female,Hyderabad,Telangana,2019-04-12,Medium
CUST03714,Anvi,Toor,1996-01-25,Female,Ahmedabad,Gujarat,2019-12-30,Low
CUST03715,Aniruddh,Borah,1980-07-03,Female,Jaipur,Rajasthan,2019-11-07,High
CUST03716,Dhanush,Das,1960-11-22,Male,Madurai,Tamil Nadu,2018-10-03,Low
CUST03717,Jiya,Thakur,1983-12-29,Male,New Delhi,Delhi,2019-12-04,Low
CUST03718,Tarini,Chand,1987-08-14,Male,Kolkata,West Bengal,2024-12-22,Low
CUST03719,Hiran,Shere,1991-07-17,Male,Noida,Uttar Pradesh,2024-08-04,Low
CUST03720,Rohan,Keer,1983-08-27,Female,Jaipur,Rajasthan,2024-10-17,Low
CUST03721,Shayak,Kapadia,1999-07-13,Male,Udaipur,Rajasthan,2024-07-25,Low
CUST03722,Abram,Dhar,1963-03-22,Male,Mumbai,Maharashtra,2019-12-23,Medium
CUST03723,Biju,Wadhwa,1999-05-15,Female,Jaipur,Rajasthan,2018-12-03,Medium
CUST03724,Lavanya,Sheth,1967-06-18,Male,New Delhi,Delhi,2022-12-06,Low
CUST03725,Ishaan,Ahluwalia,1982-08-16,Male,Chennai,Tamil Nadu,2022-04-03,Low
CUST03726,Pihu,Vora,1986-07-25,Male,Hubballi,Karnataka,2023-05-13,Medium
CUST03727,Riya,Thakkar,1973-03-17,Male,Lucknow,Uttar Pradesh,2023-07-08,Low
CUST03728,Damini,Dua,2003-12-03,Female,Lucknow,Uttar Pradesh,2020-08-01,Low
CUST03729,Aarna,Brar,1974-02-23,Male,Bengaluru,Karnataka,2019-06-07,Low
CUST03730,Elakshi,Gulati,1964-03-01,Male,Kolkata,West Bengal,2024-12-20,Low
CUST03731,Lakshit,Iyer,1997-10-10,Female,Kanpur,Uttar Pradesh,2019-02-15,Low
CUST03732,Madhup,Hayre,1968-02-24,Female,Warangal,Telangana,2025-08-24,High
CUST03733,Shanaya,Mammen,1996-10-28,Female,New Delhi,Delhi,2019-04-22,Low
CUST03734,Rania,Kaur,1988-02-20,Female,Coimbatore,Tamil Nadu,2021-04-25,Low
CUST03735,Neysa,Rege,1983-03-20,Female,Hyderabad,Telangana,2021-11-20,Low
CUST03736,Ivan,Bala,1980-12-05,Female,Coimbatore,Tamil Nadu,2024-02-25,Low
CUST03737,Aarna,Chatterjee,1974-01-06,Female,Coimbatore,Tamil Nadu,2019-07-28,Low
CUST03738,Ehsaan,Barad,1980-04-30,Male,Surat,Gujarat,2023-10-13,Medium
CUST03739,Vanya,Vaidya,1978-06-24,Male,Hubballi,Karnataka,2018-11-21,Medium
CUST03740,Nakul,Dhaliwal,1966-09-22,Female,Jaipur,Rajasthan,2023-04-04,Low
CUST03741,Emir,Bali,1970-01-26,Female,Madurai,Tamil Nadu,2023-09-24,Medium
CUST03742,Aayush,Shukla,1976-09-07,Female,Warangal,Telangana,2020-03-31,Medium
CUST03743,Ishita,Chaudhuri,1999-02-03,Female,Surat,Gujarat,2018-12-04,Medium
CUST03744,Nakul,Desai,1961-06-08,Female,Kolkata,West Bengal,2023-07-02,Low
CUST03745,Jivika,Bains,1994-01-04,Female,New Delhi,Delhi,2025-05-16,Low
CUST03746,Anya,Bajaj,1958-12-02,Female,Ahmedabad,Gujarat,2021-04-29,Low
CUST03747,Divij,Dubey,1956-03-23,Male,Hyderabad,Telangana,2021-09-07,Low
CUST03748,Suhana,Dhaliwal,1982-09-28,Male,Lucknow,Uttar Pradesh,2022-11-27,Low
CUST03749,Kartik,Dugar,2006-10-24,Female,Kolkata,West Bengal,2021-12-21,Low
CUST03750,Samaira,Gokhale,1964-06-18,Female,Kochi,Kerala,2024-08-17,Medium
CUST03751,Pari,Bava,1978-03-12,Female,Coimbatore,Tamil Nadu,2022-02-11,Medium
CUST03752,Seher,Krishnamurthy,1962-07-10,Male,Udaipur,Rajasthan,2022-12-03,Medium
CUST03753,Zara,Soman,1965-11-13,Female,Kanpur,Uttar Pradesh,2018-11-07,Low
CUST03754,Khushi,Sunder,1981-08-26,Male,Hyderabad,Telangana,2022-09-15,Low
CUST03755,Khushi,Vig,1958-03-12,Female,Jaipur,Rajasthan,2021-02-12,Low
CUST03756,Ishaan,Borra,2002-01-31,Female,Udaipur,Rajasthan,2022-08-03,Low
CUST03757,Dhanush,Wali,1998-03-31,Male,Kolkata,West Bengal,2019-06-11,Low
CUST03758,Saanvi,D’Alia,1970-04-28,Male,Vadodara,Gujarat,2025-07-08,Low
CUST03759,Pihu,Sachdeva,1965-03-27,Male,Kozhikode,Kerala,2025-03-10,Low
CUST03760,Saanvi,Buch,1989-10-13,Male,Vadodara,Gujarat,2023-01-16,Medium
CUST03761,Samiha,Ramanathan,1999-12-23,Male,Coimbatore,Tamil Nadu,2023-02-06,Low
CUST03762,Tiya,Garde,1986-02-06,Female,Kolkata,West Bengal,2025-05-01,Medium
CUST03763,Hansh,Gara,1975-06-10,Male,Kolkata,West Bengal,2021-09-18,Low
CUST03764,Misha,Varty,1984-12-21,Male,Mumbai,Maharashtra,2018-12-28,Low
CUST03765,Riya,Soman,2002-02-12,Male,Bengaluru,Karnataka,2021-12-12,Low
CUST03766,Nakul,Chawla,1997-03-09,Male,New Delhi,Delhi,2023-10-24,Low
CUST03767,Dhanuk,Bose,1994-03-24,Female,New Delhi,Delhi,2023-12-28,Low
CUST03768,Charvi,Bava,1956-08-31,Male,Warangal,Telangana,2019-11-12,Low
CUST03769,Tiya,Virk,1976-09-17,Male,New Delhi,Delhi,2023-04-21,Low
CUST03770,Yasmin,Srinivas,1961-07-31,Female,Kolkata,West Bengal,2022-11-23,Low
CUST03771,Divit,Karan,1976-12-30,Male,Thiruvananthapuram,Kerala,2020-02-04,Low
CUST03772,Ritvik,Buch,1960-04-15,Male,Jaipur,Rajasthan,2021-01-12,Medium
CUST03773,Kashvi,Gopal,1979-09-12,Male,Coimbatore,Tamil Nadu,2019-05-30,Low
CUST03774,Devansh,Chakraborty,2004-01-04,Male,Udaipur,Rajasthan,2025-03-20,Medium
CUST03775,Amira,Dayal,1987-11-08,Male,Udaipur,Rajasthan,2020-10-29,Low
CUST03776,Tarini,Vora,1985-09-24,Female,Hyderabad,Telangana,2024-03-07,Medium
CUST03777,Hiran,Bhatia,1994-05-08,Male,Kolkata,West Bengal,2022-10-20,Medium
CUST03778,Arnav,Gopal,1975-02-26,Male,Coimbatore,Tamil Nadu,2022-01-22,Low
CUST03779,Yuvraj ,Varty,1997-10-26,Female,Surat,Gujarat,2024-06-09,Low
CUST03780,Hansh,Kannan,1980-08-09,Male,Mangaluru,Karnataka,2023-01-04,Medium
CUST03781,Misha,Dugar,1981-01-28,Female,Noida,Uttar Pradesh,2019-05-12,Low
CUST03782,Pihu,Jhaveri,1990-01-29,Male,Kolkata,West Bengal,2022-06-24,Low
CUST03783,Prerak,Vyas,2002-02-05,Female,Kanpur,Uttar Pradesh,2019-01-05,Low
CUST03784,Miraya,Rout,1959-07-14,Female,Nagpur,Maharashtra,2024-12-14,Medium
CUST03785,Vritika,Das,2003-04-08,Male,Chennai,Tamil Nadu,2025-08-20,Medium
CUST03786,Jhanvi,Agrawal,1966-03-02,Female,Ahmedabad,Gujarat,2019-07-19,Low
CUST03787,Riaan,Guha,1966-06-01,Male,Warangal,Telangana,2023-07-02,Low
CUST03788,Yakshit,Varma,1960-08-12,Female,Nagpur,Maharashtra,2020-07-18,Low
CUST03789,Vidur,Vohra,1987-02-08,Female,Hubballi,Karnataka,2024-05-04,Low
CUST03790,Divij,Ghosh,1987-05-09,Male,New Delhi,Delhi,2022-08-20,High
CUST03791,Nayantara,Loke,1987-04-13,Male,Udaipur,Rajasthan,2019-07-31,Low
CUST03792,Dharmajan,Chana,2005-06-12,Male,Kolkata,West Bengal,2019-07-28,Low
CUST03793,Vivaan,Sodhi,1985-02-14,Male,Mysuru,Karnataka,2020-05-06,Low
CUST03794,Yakshit,Gala,1960-01-14,Female,Thiruvananthapuram,Kerala,2021-05-07,Medium
CUST03795,Shlok,Ramakrishnan,1988-09-27,Female,New Delhi,Delhi,2020-06-16,Low
CUST03796,Rati,Shanker,1988-01-21,Female,Kolkata,West Bengal,2019-08-16,Low
CUST03797,Ranbir,Karan,1958-04-03,Female,Jaipur,Rajasthan,2023-04-15,Low
CUST03798,Indrans,Keer,1965-07-20,Male,Lucknow,Uttar Pradesh,2024-02-05,Low
CUST03799,Lakshit,Dutta,1994-04-25,Male,Thiruvananthapuram,Kerala,2018-12-01,Low
CUST03800,Kismat,Soman,1981-07-12,Male,Kolkata,West Bengal,2019-03-07,Low
CUST03801,Zara,Golla,1984-12-01,Female,Mangaluru,Karnataka,2022-09-04,Low
CUST03802,Lakshit,Bala,1970-01-15,Female,New Delhi,Delhi,2018-11-05,Medium
CUST03803,Tara,Sani,1984-06-05,Female,Vadodara,Gujarat,2020-12-11,Medium
CUST03804,Ojas,Ravi,1967-08-20,Female,Coimbatore,Tamil Nadu,2019-05-12,High
CUST03805,Hridaan,Banerjee,1974-04-15,Female,Jaipur,Rajasthan,2022-02-04,Low
CUST03806,Dhanush,Dixit,2004-02-11,Female,Thiruvananthapuram,Kerala,2022-06-28,High
CUST03807,Aaina,Lala,1970-03-21,Male,Kolkata,West Bengal,2024-05-06,Low
CUST03808,Pranay,Chanda,1959-04-22,Female,Jaipur,Rajasthan,2019-06-09,Low
CUST03809,Aaryahi,Garg,2006-11-26,Male,Chennai,Tamil Nadu,2021-03-05,Low
CUST03810,Ivan,Chaudhary,1979-06-02,Male,Pune,Maharashtra,2022-03-20,Low
CUST03811,Anya,Khanna,1992-02-03,Female,Pune,Maharashtra,2024-07-05,Low
CUST03812,Vardaniya,Buch,2003-01-22,Male,Mumbai,Maharashtra,2022-05-14,Low
CUST03813,Sumer,Saraf,1994-06-17,Male,Mangaluru,Karnataka,2021-12-17,Low
CUST03814,Aayush,Mand,1996-04-13,Male,Madurai,Tamil Nadu,2020-05-03,Low
CUST03815,Dhanuk,Sengupta,2001-02-07,Female,New Delhi,Delhi,2023-07-28,Low
CUST03816,Mannat,Bora,1977-09-05,Male,Mysuru,Karnataka,2024-04-19,Low
CUST03817,Sana,Sharaf,2005-10-13,Male,Pune,Maharashtra,2024-11-19,Low
CUST03818,Samar,Amble,1965-11-21,Male,Mumbai,Maharashtra,2022-07-21,Medium
CUST03819,Hunar,Krish,1977-03-07,Female,Hyderabad,Telangana,2019-08-13,Medium
CUST03820,Vritika,Sandal,1983-04-21,Male,Nashik,Maharashtra,2020-11-19,Low
CUST03821,Elakshi,Sen,1955-11-25,Female,Jaipur,Rajasthan,2022-06-25,Low
CUST03822,Gokul,Ravel,1986-03-24,Female,Warangal,Telangana,2024-02-01,Low
CUST03823,Kavya,Bava,1958-02-17,Male,Kolkata,West Bengal,2020-07-05,Medium
CUST03824,Shanaya,Chandra,1984-03-29,Male,Kolkata,West Bengal,2024-07-28,Low
CUST03825,Inaaya ,Soman,1966-12-14,Male,Pune,Maharashtra,2023-10-06,Low
CUST03826,Uthkarsh,Chokshi,1979-05-03,Male,Kochi,Kerala,2020-06-07,Low
CUST03827,Kanav,Sane,1994-11-26,Male,Mumbai,Maharashtra,2018-10-09,Low
CUST03828,Tushar,Talwar,1980-05-28,Male,Coimbatore,Tamil Nadu,2018-10-15,Low
CUST03829,Romil,Yadav,1976-07-15,Male,Coimbatore,Tamil Nadu,2022-12-02,Medium
CUST03830,Gatik,Sarma,1989-08-12,Female,Kanpur,Uttar Pradesh,2024-03-03,Low
CUST03831,Amani,Jhaveri,1983-07-30,Female,Warangal,Telangana,2021-08-22,Low
CUST03832,Sumer,Thakkar,1992-07-25,Female,New Delhi,Delhi,2022-04-10,Medium
CUST03833,Elakshi,Singhal,1978-07-03,Male,Thiruvananthapuram,Kerala,2019-08-13,Medium
CUST03834,Jayesh,Karnik,1984-10-19,Male,Mumbai,Maharashtra,2021-10-28,Low
CUST03835,Jayesh,Malhotra,1996-02-18,Male,Kolkata,West Bengal,2020-01-13,Low
CUST03836,Hrishita,Kamdar,1981-08-12,Male,Kanpur,Uttar Pradesh,2021-01-27,Low
CUST03837,Nirvi,Sankaran,2001-12-10,Male,Kolkata,West Bengal,2022-05-16,Medium
CUST03838,Myra,Dhar,2003-06-05,Male,New Delhi,Delhi,2023-12-05,Low
CUST03839,Divyansh,Bassi,1962-09-18,Male,Kanpur,Uttar Pradesh,2019-05-31,Medium
CUST03840,Nehmat,Anand,1997-08-02,Female,Kolkata,West Bengal,2022-02-23,Low
CUST03841,Ehsaan,Kothari,2006-09-06,Female,New Delhi,Delhi,2025-01-16,Low
CUST03842,Misha,Magar,1962-06-08,Female,Kolkata,West Bengal,2024-01-15,Low
CUST03843,Ahana ,Krishnamurthy,1995-03-15,Male,Hyderabad,Telangana,2025-07-03,Low
CUST03844,Arhaan,Sama,1975-05-18,Male,New Delhi,Delhi,2022-03-24,Low
CUST03845,Lakshit,Choudhury,2008-07-07,Female,Kolkata,West Bengal,2022-07-08,Low
CUST03846,Ishita,Halder,1963-06-10,Female,Kolkata,West Bengal,2020-04-24,Low
CUST03847,Anaya,Bhatia,1979-07-05,Female,Chennai,Tamil Nadu,2025-05-27,High
CUST03848,Anahi,Jhaveri,1999-07-14,Female,Ahmedabad,Gujarat,2024-08-20,Low
CUST03849,Vardaniya,Shanker,1982-08-01,Male,New Delhi,Delhi,2018-09-18,Medium
CUST03850,Umang,Srinivas,1970-11-20,Male,Surat,Gujarat,2022-12-19,Low
CUST03851,Raunak,Desai,2000-06-21,Male,Vadodara,Gujarat,2020-11-24,Low
CUST03852,Ryan,Tripathi,1983-11-14,Male,Madurai,Tamil Nadu,2024-05-17,Low
CUST03853,Nakul,Agate,1983-11-10,Male,Hyderabad,Telangana,2018-12-05,Low
CUST03854,Abram,Arya,1966-02-01,Male,Surat,Gujarat,2025-05-17,Medium
CUST03855,Umang,Trivedi,1990-12-18,Male,Thiruvananthapuram,Kerala,2025-08-16,Low
CUST03856,Seher,Rama,1977-04-02,Male,Hubballi,Karnataka,2021-07-02,Low
CUST03857,Jayan,Mangal,1984-11-29,Female,Coimbatore,Tamil Nadu,2020-09-15,Low
CUST03858,Ivana,Hayre,1968-10-04,Female,Hyderabad,Telangana,2023-11-22,Low
CUST03859,Nayantara,Hegde,1959-02-28,Female,Noida,Uttar Pradesh,2025-06-19,Low
CUST03860,Kashvi,Kala,1964-06-02,Female,Surat,Gujarat,2024-01-23,Medium
CUST03861,Vidur,Seth,1967-06-21,Male,Kolkata,West Bengal,2022-01-29,Medium
CUST03862,Samar,Kuruvilla,1966-06-07,Female,Mumbai,Maharashtra,2022-05-15,Low
CUST03863,Mehul,Bawa,2003-12-19,Female,Kolkata,West Bengal,2025-06-19,Low
CUST03864,Gokul,Krishnan,1963-09-15,Male,Warangal,Telangana,2024-01-08,Low
CUST03865,Kashvi,Srinivasan,1982-04-29,Male,Surat,Gujarat,2025-02-17,Low
CUST03866,Mishti,De,1993-04-10,Male,Kozhikode,Kerala,2020-01-02,Low
CUST03867,Samarth,Chaudry,1961-12-29,Male,New Delhi,Delhi,2019-06-11,Low
CUST03868,Anay,Kamdar,1956-06-07,Female,Lucknow,Uttar Pradesh,2023-12-31,Low
CUST03869,Trisha,Rajagopalan,1966-01-24,Male,Udaipur,Rajasthan,2018-11-20,Low
CUST03870,Miraya,Sathe,1992-08-24,Female,New Delhi,Delhi,2019-04-27,Low
CUST03871,Kaira,Halder,1957-05-15,Female,Kanpur,Uttar Pradesh,2024-12-18,Low
CUST03872,Sana,Bhattacharyya,1986-07-10,Male,Hubballi,Karnataka,2024-01-18,Low
CUST03873,Mohanlal,Sood,1980-01-08,Female,Ahmedabad,Gujarat,2020-03-27,Low
CUST03874,Nakul,Sachdeva,1970-09-27,Male,New Delhi,Delhi,2021-03-05,Medium
CUST03875,Kartik,Loyal,1972-05-03,Female,Kolkata,West Bengal,2024-10-29,Low
CUST03876,Vanya,Swamy,1981-05-18,Female,Kanpur,Uttar Pradesh,2025-03-15,Low
CUST03877,Pranay,Sahni,1959-03-04,Male,Coimbatore,Tamil Nadu,2020-12-27,Low
CUST03878,Dharmajan,Bora,1998-05-07,Male,Noida,Uttar Pradesh,2018-11-05,Medium
CUST03879,Navya,Mann,1962-09-08,Male,Warangal,Telangana,2019-08-05,Low
CUST03880,Amira,Raju,1963-12-31,Female,Mangaluru,Karnataka,2019-07-24,Low
CUST03881,Hridaan,Dhaliwal,1973-06-23,Male,Ahmedabad,Gujarat,2020-03-09,Low
CUST03882,Divij,Barad,1989-04-13,Female,Nashik,Maharashtra,2021-09-21,Medium
CUST03883,Lakshay,Hayre,1962-07-02,Female,Noida,Uttar Pradesh,2022-10-29,High
CUST03884,Yashvi,Apte,1983-10-21,Female,Nashik,Maharashtra,2019-04-11,Low
CUST03885,Aradhya,Rattan,1960-11-03,Female,Warangal,Telangana,2020-06-09,Medium
CUST03886,Piya,Kadakia,1981-03-08,Male,New Delhi,Delhi,2021-04-26,Medium
CUST03887,Myra,Kar,1966-08-12,Female,Hyderabad,Telangana,2020-03-06,Medium
CUST03888,Rohan,Ahluwalia,1967-10-23,Male,New Delhi,Delhi,2024-04-05,Low
CUST03889,Jiya,Raval,1996-12-06,Female,Jaipur,Rajasthan,2018-12-01,Low
CUST03890,Fateh,Garg,1979-04-01,Female,New Delhi,Delhi,2022-10-07,Low
CUST03891,Mannat,Rama,1992-11-01,Female,Noida,Uttar Pradesh,2018-09-10,Medium
CUST03892,Indranil,Lal,2006-02-13,Male,Hyderabad,Telangana,2020-10-24,Low
CUST03893,Gatik,Char,1996-11-22,Female,Mysuru,Karnataka,2018-11-25,Low
CUST03894,Heer,Apte,1990-11-24,Female,Warangal,Telangana,2023-01-01,Low
CUST03895,Tara,Bose,1970-05-15,Female,Mangaluru,Karnataka,2021-10-02,Medium
CUST03896,Farhan,Yogi,1970-05-31,Female,Hyderabad,Telangana,2018-11-25,Medium
CUST03897,Shaan,Biswas,1970-08-09,Female,Bengaluru,Karnataka,2019-05-12,Low
CUST03898,Samiha,Saraf,1964-04-06,Female,Nagpur,Maharashtra,2020-12-04,Medium
CUST03899,Raghav,Khosla,1969-03-17,Female,Coimbatore,Tamil Nadu,2019-06-07,Low
CUST03900,Stuvan,Sathe,1993-03-06,Female,Jaipur,Rajasthan,2024-03-12,Medium
CUST03901,Ritvik,Kaur,2006-05-11,Female,New Delhi,Delhi,2025-07-13,Low
CUST03902,Bhamini,Kamdar,1990-07-15,Female,Kolkata,West Bengal,2022-01-19,Low
CUST03903,Kartik,Dass,1967-06-02,Male,Kanpur,Uttar Pradesh,2020-05-01,Medium
CUST03904,Piya,Vaidya,2004-06-19,Female,Madurai,Tamil Nadu,2021-01-15,Low
CUST03905,Vihaan,Behl,1995-05-14,Male,New Delhi,Delhi,2025-05-25,Medium
CUST03906,Tiya,Raj,1976-11-07,Male,Mangaluru,Karnataka,2020-01-22,Low
CUST03907,Yashvi,Chauhan,2004-10-13,Female,New Delhi,Delhi,2022-10-19,Low
CUST03908,Adah,Wagle,1986-01-04,Female,Vadodara,Gujarat,2022-04-03,Low
CUST03909,Kimaya,Shenoy,1974-02-19,Male,Vadodara,Gujarat,2025-08-03,Low
CUST03910,Samar,Rastogi,1962-12-20,Female,Ahmedabad,Gujarat,2023-10-25,Low
CUST03911,Veer,Kala,1969-03-29,Female,Lucknow,Uttar Pradesh,2023-06-23,Low
CUST03912,Sumer,Grover,1998-09-14,Female,New Delhi,Delhi,2025-08-14,Low
CUST03913,Chirag,Kar,1967-01-11,Male,Coimbatore,Tamil Nadu,2018-12-08,Low
CUST03914,Diya,Date,1995-08-02,Male,Pune,Maharashtra,2022-02-19,High
CUST03915,Ritvik,Ramakrishnan,1999-07-19,Male,Pune,Maharashtra,2023-03-01,High
CUST03916,Sumer,Issac,1957-09-08,Male,Nagpur,Maharashtra,2019-08-17,Low
CUST03917,Jivin,Tailor,1977-08-10,Female,New Delhi,Delhi,2022-04-21,Medium
CUST03918,Vritika,Chander,1979-12-29,Female,New Delhi,Delhi,2020-09-26,Low
CUST03919,Devansh,Chokshi,2000-05-09,Female,Vadodara,Gujarat,2021-10-23,Low
CUST03920,Umang,Bora,1977-01-17,Male,Udaipur,Rajasthan,2019-09-09,Medium
CUST03921,Aayush,Dutta,2002-06-27,Female,Madurai,Tamil Nadu,2018-09-28,Medium
CUST03922,Saanvi,Gala,1970-03-13,Male,Warangal,Telangana,2022-08-10,Low
CUST03923,Jiya,Sunder,1977-07-13,Male,Nagpur,Maharashtra,2020-08-17,Medium
CUST03924,Jhanvi,Bali,1981-11-20,Male,Hyderabad,Telangana,2021-01-23,Low
CUST03925,Lavanya,Cherian,1991-07-13,Male,Mysuru,Karnataka,2020-07-01,High
CUST03926,Ehsaan,Mand,1974-07-27,Female,Bengaluru,Karnataka,2024-09-28,Low
CUST03927,Mahika,Wagle,2001-05-02,Male,Hyderabad,Telangana,2019-04-15,Low
CUST03928,Kaira,Warrior,1999-08-18,Male,Udaipur,Rajasthan,2022-03-28,Low
CUST03929,Pihu,Shukla,1985-04-07,Female,Vadodara,Gujarat,2021-05-09,Low
CUST03930,Samar,Chaudhary,1969-01-23,Female,Mangaluru,Karnataka,2019-01-27,Low
CUST03931,Zaina,Koshy,1989-08-01,Female,Hubballi,Karnataka,2019-01-18,Medium
CUST03932,Raghav,Kade,1963-10-07,Male,Mysuru,Karnataka,2019-09-15,Low
CUST03933,Alisha,Chada,1996-07-29,Male,Hyderabad,Telangana,2021-06-06,Low
CUST03934,Kiara,Handa,1971-09-27,Female,Mangaluru,Karnataka,2023-07-21,Low
CUST03935,Akarsh,Dhar,1956-11-11,Male,Kanpur,Uttar Pradesh,2024-02-15,Low
CUST03936,Vardaniya,Varty,1994-10-30,Male,Ahmedabad,Gujarat,2018-09-09,Low
CUST03937,Anahi,Dhar,1964-07-26,Male,Jaipur,Rajasthan,2022-01-28,Low
CUST03938,Armaan,Wason,1991-12-14,Female,Kozhikode,Kerala,2023-02-19,Low
CUST03939,Arnav,Ganguly,1999-07-11,Female,Udaipur,Rajasthan,2018-10-15,Low
CUST03940,Darshit,Keer,1962-02-14,Male,Warangal,Telangana,2025-06-23,Low
CUST03941,Zeeshan,Sengupta,1976-02-18,Female,Warangal,Telangana,2020-12-26,Medium
CUST03942,Samar,Shetty,1979-03-08,Female,Ahmedabad,Gujarat,2022-01-20,Medium
CUST03943,Dhanush,Mall,2008-05-12,Female,Kolkata,West Bengal,2021-04-24,Low
CUST03944,Bhamini,Ramesh,1958-11-08,Female,Noida,Uttar Pradesh,2021-12-30,Low
CUST03945,Rohan,Sarin,1986-08-01,Female,Hyderabad,Telangana,2022-11-05,Low
CUST03946,Nayantara,Bhat,1981-02-03,Male,Hubballi,Karnataka,2023-11-27,Low
CUST03947,Ehsaan,Atwal,1970-11-22,Male,Hyderabad,Telangana,2019-01-21,Low
CUST03948,Aayush,Boase,1962-10-21,Female,Warangal,Telangana,2021-05-25,Low
CUST03949,Prisha,Sengupta,1985-04-18,Female,Kolkata,West Bengal,2020-07-29,Low
CUST03950,Jayan,Basu,1968-08-28,Male,Kanpur,Uttar Pradesh,2024-10-22,Low
CUST03951,Zoya,Gour,1992-03-25,Male,Jaipur,Rajasthan,2018-09-10,Low
CUST03952,Prisha,Vig,1959-03-22,Female,Mysuru,Karnataka,2020-11-09,Medium
CUST03953,Vardaniya,Bains,1963-03-11,Male,New Delhi,Delhi,2019-01-22,High
CUST03954,Romil,Barad,1973-08-05,Female,Vadodara,Gujarat,2021-06-14,Low
CUST03955,Prisha,Ramesh,1981-06-23,Female,Kolkata,West Bengal,2020-12-11,Low
CUST03956,Rasha,Chada,1965-01-09,Male,Kolkata,West Bengal,2023-08-12,Medium
CUST03957,Amira,Bhasin,1964-03-29,Female,Hyderabad,Telangana,2021-05-14,Medium
CUST03958,Hunar,Shetty,1995-05-26,Male,Bengaluru,Karnataka,2022-03-02,Low
CUST03959,Navya,Kapoor,2001-02-14,Male,Mangaluru,Karnataka,2019-09-10,Low
CUST03960,Elakshi,Lalla,1972-01-07,Male,Thiruvananthapuram,Kerala,2023-07-26,Low
CUST03961,Anvi,Sahota,1988-12-31,Female,Lucknow,Uttar Pradesh,2021-01-13,Low
CUST03962,Samarth,Som,2005-05-20,Male,Mangaluru,Karnataka,2022-10-03,Low
CUST03963,Mamooty,Batra,1973-08-08,Male,Warangal,Telangana,2025-03-02,Low
CUST03964,Ritvik,Sawhney,1961-04-13,Female,Nagpur,Maharashtra,2021-08-26,Low
CUST03965,Ivana,Tiwari,1972-02-22,Female,Mangaluru,Karnataka,2024-04-04,Low
CUST03966,Neelofar,Shah,1969-08-29,Male,Nagpur,Maharashtra,2024-07-24,Medium
CUST03967,Dhanuk,Barad,1989-04-22,Male,Thiruvananthapuram,Kerala,2019-03-01,Low
CUST03968,Lakshit,Ahuja,2001-04-11,Male,Mumbai,Maharashtra,2020-06-27,Low
CUST03969,Anahita,Tank,1981-11-07,Female,Chennai,Tamil Nadu,2020-03-31,Low
CUST03970,Aradhya,Ben,1978-10-25,Male,Pune,Maharashtra,2020-06-04,Low
CUST03971,Kiara,Sidhu,1991-07-22,Female,Noida,Uttar Pradesh,2023-01-08,High
CUST03972,Saksham,Sidhu,1976-11-13,Female,Kochi,Kerala,2024-09-04,Low
CUST03973,Amani,Sagar,1966-02-16,Female,Pune,Maharashtra,2022-12-10,Low
CUST03974,Emir,Bhattacharyya,1970-07-15,Male,Nashik,Maharashtra,2021-09-28,Medium
CUST03975,Veer,Kara,1997-11-15,Female,Bengaluru,Karnataka,2023-01-07,Low
CUST03976,Krish,Sridhar,1982-11-19,Female,Surat,Gujarat,2020-03-31,Medium
CUST03977,Darshit,Dewan,1984-06-10,Female,Chennai,Tamil Nadu,2020-01-18,Low
CUST03978,Piya,Dube,1994-12-06,Male,Nagpur,Maharashtra,2024-03-01,Low
CUST03979,Ehsaan,Borah,1987-01-07,Female,Kolkata,West Bengal,2019-07-24,Low
CUST03980,Shanaya,Bhakta,1972-01-08,Female,Mangaluru,Karnataka,2018-10-16,Low
CUST03981,Amira,Chander,1973-10-20,Male,Warangal,Telangana,2018-11-22,Medium
CUST03982,Anika,Sahota,1991-10-11,Male,Hubballi,Karnataka,2022-07-02,Medium
CUST03983,Sumer,Deo,1963-09-14,Female,Hyderabad,Telangana,2023-05-01,Low
CUST03984,Dharmajan,Goel,1985-01-04,Female,New Delhi,Delhi,2020-06-14,Low
CUST03985,Indrajit,Issac,1989-10-28,Female,Kolkata,West Bengal,2022-04-25,Medium
CUST03986,Diya,Ganesan,1959-04-08,Male,New Delhi,Delhi,2022-05-28,Medium
CUST03987,Purab,Goyal,1962-04-22,Male,New Delhi,Delhi,2019-01-25,Low
CUST03988,Nehmat,Halder,2005-06-17,Female,Madurai,Tamil Nadu,2022-03-30,Low
CUST03989,Kartik,Din,1968-07-16,Female,New Delhi,Delhi,2022-01-28,Low
CUST03990,Jayesh,Rajan,1974-06-05,Female,Kochi,Kerala,2023-02-26,Medium
CUST03991,Mahika,Koshy,1990-12-10,Female,Udaipur,Rajasthan,2022-05-04,Low
CUST03992,Emir,Sangha,1959-01-16,Female,Ahmedabad,Gujarat,2024-02-24,Low
CUST03993,Nishith,Bhakta,1970-08-04,Female,Coimbatore,Tamil Nadu,2019-08-18,Medium
CUST03994,Baiju,Wason,1958-01-29,Female,Kolkata,West Bengal,2023-07-18,Low
CUST03995,Priyansh,Dar,1960-02-17,Male,Mangaluru,Karnataka,2023-03-06,Low
CUST03996,Divyansh,Devi,1971-01-22,Male,Kanpur,Uttar Pradesh,2023-12-04,Low
CUST03997,Rati,Sehgal,1983-03-07,Male,Lucknow,Uttar Pradesh,2021-12-25,Low
CUST03998,Vihaan,Bedi,1970-08-12,Male,Ahmedabad,Gujarat,2024-11-22,Low
CUST03999,Rania,Desai,1989-05-06,Female,Mumbai,Maharashtra,2020-05-26,Low
CUST04000,Jayan,Srivastava,1969-07-02,Male,Lucknow,Uttar Pradesh,2021-08-10,Low
CUST04001,Navya,Dhawan,2003-09-07,Female,Jaipur,Rajasthan,2023-09-21,Low
CUST04002,Reyansh,Sha,1955-11-11,Male,New Delhi,Delhi,2019-06-14,Medium
CUST04003,Kabir,Krishnamurthy,2003-04-26,Male,New Delhi,Delhi,2023-12-10,Medium
CUST04004,Anvi,Shankar,1976-06-04,Female,Udaipur,Rajasthan,2024-07-02,Low
CUST04005,Nakul,Chada,1977-02-03,Male,Kanpur,Uttar Pradesh,2024-06-12,Low
CUST04006,Darshit,Chacko,1968-05-25,Female,Pune,Maharashtra,2021-06-22,Low
CUST04007,Amani,Bobal,1956-07-07,Female,Madurai,Tamil Nadu,2024-04-25,Low
CUST04008,Anika,Kala,1978-05-19,Male,Bengaluru,Karnataka,2018-10-29,Low
CUST04009,Jayesh,Deo,1960-11-20,Female,Chennai,Tamil Nadu,2020-02-07,Low
CUST04010,Parinaaz,Sidhu,1956-04-23,Female,Warangal,Telangana,2023-09-14,Low
CUST04011,Sumer,Khalsa,1995-05-02,Female,Hyderabad,Telangana,2018-08-29,Low
CUST04012,Ayesha,Vohra,1972-06-28,Male,Bengaluru,Karnataka,2022-09-02,Low
CUST04013,Faiyaz,Bajaj,1956-10-31,Male,Kochi,Kerala,2023-06-23,Low
CUST04014,Pihu,Dhillon,1971-03-09,Male,Madurai,Tamil Nadu,2023-02-12,Low
CUST04015,Damini,Chacko,2007-01-10,Male,Nagpur,Maharashtra,2019-11-24,Low
CUST04016,Urvi,Batta,1962-06-15,Female,Nashik,Maharashtra,2021-03-29,Low
CUST04017,Zaina,Shah,1978-06-29,Female,Ahmedabad,Gujarat,2022-07-02,Medium
CUST04018,Ayesha,Shah,1979-07-09,Female,New Delhi,Delhi,2023-04-17,Medium
CUST04019,Onkar,Saini,1988-10-02,Female,Warangal,Telangana,2020-10-21,Low
CUST04020,Tejas,Karnik,1956-07-28,Female,Noida,Uttar Pradesh,2021-08-25,Low
CUST04021,Romil,Savant,1978-05-12,Female,Noida,Uttar Pradesh,2023-01-20,Low
CUST04022,Urvi,Saini,1996-03-10,Male,Kolkata,West Bengal,2022-10-08,Low
CUST04023,Faiyaz,Deshmukh,2002-04-26,Female,New Delhi,Delhi,2023-01-25,Low
CUST04024,Samiha,Reddy,1957-01-22,Male,Kozhikode,Kerala,2019-11-28,Medium
CUST04025,Zain,Varty,1970-08-21,Female,Vadodara,Gujarat,2024-04-04,Low
CUST04026,Hridaan,Gokhale,1989-07-11,Male,Vadodara,Gujarat,2018-11-30,Medium
CUST04027,Nirvaan,Mani,2006-01-27,Female,Kolkata,West Bengal,2024-07-26,Low
CUST04028,Adah,Gole,1969-09-08,Female,Hubballi,Karnataka,2024-12-24,Low
CUST04029,Dhruv,Chatterjee,1981-05-10,Male,Kolkata,West Bengal,2024-01-31,Medium
CUST04030,Emir,Devan,1998-04-23,Male,Pune,Maharashtra,2024-06-03,Low
CUST04031,Inaaya ,Yogi,1986-03-22,Male,Kolkata,West Bengal,2023-02-18,Low
CUST04032,Jayant,Deo,2001-11-10,Female,Warangal,Telangana,2021-08-13,Low
CUST04033,Shalv,Hayre,1995-09-28,Male,New Delhi,Delhi,2022-03-14,Low
CUST04034,Raghav,Dubey,1968-08-13,Female,Warangal,Telangana,2018-12-31,High
CUST04035,Kavya,Lad,2003-05-30,Male,Mysuru,Karnataka,2021-07-27,Low
CUST04036,Manjari,Bhat,1985-02-22,Male,Udaipur,Rajasthan,2025-06-01,High
CUST04037,Amani,Mander,1979-04-06,Male,Jaipur,Rajasthan,2021-02-07,High
CUST04038,Faiyaz,Agrawal,1989-08-07,Female,Kozhikode,Kerala,2024-06-24,Medium
CUST04039,Hunar,Kaul,2001-12-26,Female,Jaipur,Rajasthan,2019-12-05,Low
CUST04040,Elakshi,Dhillon,1998-02-05,Female,Lucknow,Uttar Pradesh,2023-05-26,Low
CUST04041,Nitya,Bumb,1976-04-24,Female,Coimbatore,Tamil Nadu,2022-10-16,Medium
CUST04042,Reyansh,Bali,1975-09-15,Female,Chennai,Tamil Nadu,2018-10-13,Low
CUST04043,Amani,Bahri,1970-06-09,Female,Kanpur,Uttar Pradesh,2021-01-21,Low
CUST04044,Kiara,Bhatia,1959-04-09,Female,Pune,Maharashtra,2022-10-21,Low
CUST04045,Ryan,Agate,1984-12-06,Male,Warangal,Telangana,2021-08-24,Low
CUST04046,Nitara,Tiwari,1955-09-10,Female,Hyderabad,Telangana,2019-01-28,Low
CUST04047,Ojas,Biswas,1979-06-25,Female,Coimbatore,Tamil Nadu,2021-01-22,Low
CUST04048,Vedika,Varughese,1989-10-23,Male,Kochi,Kerala,2024-04-23,Low
CUST04049,Tiya,Mand,1966-03-14,Male,New Delhi,Delhi,2019-05-20,Medium
CUST04050,Riya,Deshmukh,1965-05-10,Male,Kolkata,West Bengal,2024-11-19,Low
CUST04051,Kiaan,Kalita,1995-06-22,Male,Chennai,Tamil Nadu,2019-05-03,Medium
CUST04052,Riaan,Choudhary,1957-11-01,Male,Noida,Uttar Pradesh,2022-09-04,Low
CUST04053,Sumer,Dash,2001-10-27,Male,Kolkata,West Bengal,2024-01-26,Medium
CUST04054,Veer,Kakar,1982-10-23,Female,Ahmedabad,Gujarat,2019-06-26,Low
CUST04055,Pranay,Dora,1996-04-11,Female,Jaipur,Rajasthan,2021-04-17,Medium
CUST04056,Jayant,Manda,1985-04-22,Female,Kolkata,West Bengal,2024-06-04,Low
CUST04057,Samarth,Suri,1994-12-29,Female,Vadodara,Gujarat,2019-11-01,Medium
CUST04058,Pihu,Sodhi,1969-03-23,Female,Mumbai,Maharashtra,2020-10-10,Low
CUST04059,Himmat,Joshi,1993-05-14,Male,Kozhikode,Kerala,2020-05-06,Medium
CUST04060,Romil,Dua,1961-06-22,Female,Kolkata,West Bengal,2021-03-06,High
CUST04061,Jiya,Ratti,1987-01-12,Male,Chennai,Tamil Nadu,2023-04-17,Low
CUST04062,Jivin,Guha,1985-05-19,Male,Chennai,Tamil Nadu,2019-06-20,Low
CUST04063,Hiran,Lall,1985-09-20,Male,Warangal,Telangana,2024-07-21,Medium
CUST04064,Saksham,Krishnamurthy,2002-04-10,Female,Udaipur,Rajasthan,2024-09-16,Low
CUST04065,Taimur,Kaur,1979-10-02,Female,Pune,Maharashtra,2022-04-15,Medium
CUST04066,Anahita,Kade,1983-07-27,Female,Mumbai,Maharashtra,2022-07-29,Low
CUST04067,Aniruddh,Mammen,1957-06-12,Male,Hyderabad,Telangana,2025-03-04,Low
CUST04068,Aaina,Basu,2007-01-31,Female,Madurai,Tamil Nadu,2019-11-05,High
CUST04069,Mannat,Dora,1972-02-28,Female,Mangaluru,Karnataka,2023-08-02,Low
CUST04070,Drishya,Grover,1964-04-23,Male,Jaipur,Rajasthan,2023-12-07,Medium
CUST04071,Inaaya ,Yogi,1994-02-19,Male,Udaipur,Rajasthan,2021-02-22,Low
CUST04072,Baiju,Shroff,1982-05-15,Male,Kochi,Kerala,2019-09-21,Low
CUST04073,Yuvaan,Sampath,1956-01-20,Female,Warangal,Telangana,2022-08-02,Low
CUST04074,Zara,Singh,1990-11-25,Male,Warangal,Telangana,2022-07-25,Low
CUST04075,Baiju,Basak,1959-05-16,Female,Kolkata,West Bengal,2020-12-12,Low
CUST04076,Nehmat,Bera,1978-05-05,Male,Coimbatore,Tamil Nadu,2023-09-15,Low
CUST04077,Divit,Tara,1975-06-04,Male,Madurai,Tamil Nadu,2023-06-17,Low
CUST04078,Anya,Sant,1978-03-12,Male,Jaipur,Rajasthan,2019-03-03,Low
CUST04079,Gatik,Shanker,1995-06-07,Male,Kolkata,West Bengal,2024-05-21,Medium
CUST04080,Diya,Shankar,2004-06-08,Male,Warangal,Telangana,2019-02-06,Low
CUST04081,Rati,Chaudry,1990-10-12,Female,Warangal,Telangana,2019-11-16,Low
CUST04082,Jhanvi,Shanker,1989-05-09,Female,Hubballi,Karnataka,2019-10-23,Low
CUST04083,Mamooty,Wason,2001-08-18,Male,New Delhi,Delhi,2024-02-03,Low
CUST04084,Indrans,Dora,1998-05-26,Male,Warangal,Telangana,2021-04-17,Medium
CUST04085,Saira,Aggarwal,1988-08-25,Female,Kolkata,West Bengal,2023-12-15,Low
CUST04086,Prisha,Chaudhry,1963-06-16,Male,Kolkata,West Bengal,2019-03-22,Low
CUST04087,Aarav,Bose,1996-09-26,Male,Warangal,Telangana,2019-09-06,Low
CUST04088,Elakshi,Bava,1972-06-21,Female,Nashik,Maharashtra,2020-05-21,Low
CUST04089,Ehsaan,Khalsa,1957-04-29,Male,Ahmedabad,Gujarat,2022-12-14,Medium
CUST04090,Ahana ,Hayre,1959-06-09,Male,Madurai,Tamil Nadu,2019-09-08,Low
CUST04091,Rohan,Jain,1988-07-25,Male,New Delhi,Delhi,2020-03-19,Medium
CUST04092,Miraan,Trivedi,1992-11-07,Female,Thiruvananthapuram,Kerala,2020-11-11,Low
CUST04093,Manjari,Sangha,1985-07-13,Female,Kozhikode,Kerala,2024-03-31,Low
CUST04094,Mannat,Bhatia,1985-01-26,Female,Thiruvananthapuram,Kerala,2019-11-23,Medium
CUST04095,Myra,Apte,1968-03-23,Female,Vadodara,Gujarat,2019-11-09,Low
CUST04096,Shanaya,Saha,1972-01-11,Male,Kolkata,West Bengal,2020-02-07,Low
CUST04097,Diya,Shanker,2003-04-05,Male,Kolkata,West Bengal,2023-04-20,Low
CUST04098,Krish,Khanna,1988-05-06,Male,Kozhikode,Kerala,2021-02-12,Low
CUST04099,Riaan,Sama,1962-06-16,Female,Thiruvananthapuram,Kerala,2023-08-29,Low
CUST04100,Bhamini,Gour,2001-01-31,Male,New Delhi,Delhi,2020-12-27,Low
CUST04101,Vihaan,Hans,2003-02-15,Male,Lucknow,Uttar Pradesh,2025-06-15,Low
CUST04102,Emir,Kata,1984-01-08,Female,Kochi,Kerala,2025-07-27,Low
CUST04103,Aarna,Borah,1957-07-21,Female,Udaipur,Rajasthan,2021-01-22,Low
CUST04104,Amira,Bhasin,1994-01-16,Female,Kozhikode,Kerala,2021-12-17,Low
CUST04105,Aayush,Mannan,1976-04-02,Female,Hyderabad,Telangana,2018-12-09,Low
CUST04106,Neelofar,Sachdev,2000-05-15,Female,Warangal,Telangana,2023-12-03,Low
CUST04107,Ahana ,Bail,1979-10-15,Female,Warangal,Telangana,2019-11-01,High
CUST04108,Anahita,Wadhwa,2004-11-07,Male,Nagpur,Maharashtra,2022-07-20,Low
CUST04109,Raghav,Agrawal,1966-06-03,Male,Warangal,Telangana,2021-09-10,Medium
CUST04110,Damini,Varty,1989-11-22,Male,Kolkata,West Bengal,2020-06-10,Low
CUST04111,Stuvan,Zacharia,2003-09-16,Male,Surat,Gujarat,2023-02-12,Low
CUST04112,Vidur,Kunda,1959-12-03,Female,Kanpur,Uttar Pradesh,2020-02-19,Low
CUST04113,Neysa,Borra,1979-08-05,Female,Coimbatore,Tamil Nadu,2024-03-24,Low
CUST04114,Saira,Manda,1978-09-27,Male,Kochi,Kerala,2022-07-23,Low
CUST04115,Saanvi,Varughese,1965-03-06,Female,Udaipur,Rajasthan,2021-01-06,Low
CUST04116,Vardaniya,Singh,2000-06-15,Male,Pune,Maharashtra,2021-03-24,Low
CUST04117,Vihaan,Bandi,1999-07-20,Female,Kolkata,West Bengal,2022-10-06,Medium
CUST04118,Uthkarsh,Keer,1996-11-16,Female,Udaipur,Rajasthan,2024-04-03,Low
CUST04119,Jivin,Mani,2003-11-11,Male,Kochi,Kerala,2022-12-18,Low
CUST04120,Urvi,Sahni,1991-05-28,Female,Kolkata,West Bengal,2020-11-08,Medium
CUST04121,Hansh,Sarkar,1977-09-13,Female,Surat,Gujarat,2023-08-29,Low
CUST04122,Kavya,Ghosh,1995-06-04,Female,Pune,Maharashtra,2023-11-26,Low
CUST04123,Yuvaan,Bandi,1958-09-15,Male,Nagpur,Maharashtra,2018-11-25,Low
CUST04124,Sana,Buch,1971-06-02,Male,Bengaluru,Karnataka,2019-06-21,Medium
CUST04125,Nitya,Bera,1989-08-20,Female,Nagpur,Maharashtra,2024-06-05,Medium
CUST04126,Anika,Edwin,2007-05-12,Male,Nashik,Maharashtra,2020-08-14,Low
CUST04127,Trisha,Swamy,2005-07-04,Male,Bengaluru,Karnataka,2025-06-01,Low
CUST04128,Miraan,Ben,1967-06-28,Male,Nagpur,Maharashtra,2024-11-04,Medium
CUST04129,Veer,Shroff,1984-03-26,Female,Thiruvananthapuram,Kerala,2019-03-13,Low
CUST04130,Biju,Ramesh,1972-09-10,Male,Hyderabad,Telangana,2019-08-16,Low
CUST04131,Armaan,Vaidya,2006-09-06,Female,Udaipur,Rajasthan,2019-04-09,Low
CUST04132,Ahana ,Singh,1981-02-13,Male,Chennai,Tamil Nadu,2023-10-23,Low
CUST04133,Mohanlal,Trivedi,1957-08-27,Female,Hyderabad,Telangana,2020-02-17,Low
CUST04134,Samarth,Bhagat,2003-03-13,Female,Hyderabad,Telangana,2022-06-22,Low
CUST04135,Uthkarsh,Bhavsar,1999-01-09,Male,Nagpur,Maharashtra,2023-07-13,Low
CUST04136,Ivana,Chaudhry,1968-12-19,Female,Mumbai,Maharashtra,2020-10-18,Low
CUST04137,Ayesha,Kanda,2001-11-04,Male,Ahmedabad,Gujarat,2021-01-30,Medium
CUST04138,Mamooty,Chaudhuri,2006-02-25,Male,Kolkata,West Bengal,2020-01-11,Low
CUST04139,Adira,Talwar,1991-08-13,Male,Warangal,Telangana,2025-07-12,Low
CUST04140,Vritika,Char,1961-07-02,Male,Mysuru,Karnataka,2023-08-08,Low
CUST04141,Anay,Rau,2001-02-24,Female,Vadodara,Gujarat,2019-06-20,Low
CUST04142,Lagan,Badal,1965-03-19,Female,Kolkata,West Bengal,2018-09-11,Low
CUST04143,Taran,Soman,1983-06-01,Male,Mumbai,Maharashtra,2023-06-26,Low
CUST04144,Inaaya ,Venkatesh,1960-07-18,Female,Kolkata,West Bengal,2021-07-19,Medium
CUST04145,Kabir,Sanghvi,2005-04-28,Male,Vadodara,Gujarat,2024-11-04,Medium
CUST04146,Nayantara,Lalla,1989-05-31,Female,Mangaluru,Karnataka,2020-04-07,Low
CUST04147,Lakshay,Mangal,1987-11-20,Male,Kolkata,West Bengal,2022-11-29,Low
CUST04148,Sumer,Gokhale,1997-09-26,Female,New Delhi,Delhi,2023-05-27,Low
CUST04149,Hiran,Suresh,1960-03-21,Female,Udaipur,Rajasthan,2022-05-20,Medium
CUST04150,Aaryahi,Rattan,1981-03-30,Female,Lucknow,Uttar Pradesh,2019-04-03,Medium
CUST04151,Jiya,Baral,1964-04-21,Female,Madurai,Tamil Nadu,2025-04-21,Low
CUST04152,Ela,Dixit,1962-07-08,Male,Noida,Uttar Pradesh,2019-08-27,Low
CUST04153,Charvi,D’Alia,1959-02-25,Female,Coimbatore,Tamil Nadu,2023-10-07,Medium
CUST04154,Hrishita,Gandhi,1957-03-08,Male,Warangal,Telangana,2020-07-22,Low
CUST04155,Riaan,Thakkar,1972-10-03,Female,Surat,Gujarat,2021-12-21,Low
CUST04156,Renee,Gola,1960-04-09,Male,Kochi,Kerala,2019-12-29,Low
CUST04157,Reyansh,Barad,1992-01-07,Female,Kanpur,Uttar Pradesh,2023-07-18,Low
CUST04158,Nakul,Varkey,1990-11-18,Male,Lucknow,Uttar Pradesh,2023-11-07,Medium
CUST04159,Damini,Dugal,1982-10-25,Male,Kolkata,West Bengal,2023-11-30,High
CUST04160,Bhavin,Mahajan,2003-02-11,Female,Kanpur,Uttar Pradesh,2019-08-05,Low
CUST04161,Keya,Keer,1973-07-20,Female,Ahmedabad,Gujarat,2024-03-16,Low
CUST04162,Aniruddh,Babu,1978-08-27,Female,Vadodara,Gujarat,2022-03-27,Low
CUST04163,Pranay,Chaudhry,1978-06-01,Female,Ahmedabad,Gujarat,2025-02-25,Low
CUST04164,Biju,Boase,1969-07-19,Female,Thiruvananthapuram,Kerala,2023-04-21,Low
CUST04165,Sana,Gala,2007-03-09,Male,Thiruvananthapuram,Kerala,2024-04-16,Low
CUST04166,Biju,Dalal,1989-03-27,Female,Kolkata,West Bengal,2019-04-09,Low
CUST04167,Zara,Manda,1997-02-27,Male,Hyderabad,Telangana,2024-08-18,Low
CUST04168,Tarini,Swamy,1958-01-20,Male,Surat,Gujarat,2021-08-04,Low
CUST04169,Devansh,Joshi,1996-05-09,Male,Hyderabad,Telangana,2024-12-08,Low
CUST04170,Manjari,Baria,1993-03-04,Male,Mumbai,Maharashtra,2022-09-21,Low
CUST04171,Hansh,Deshmukh,2004-11-14,Female,Nagpur,Maharashtra,2019-01-02,Low
CUST04172,Ehsaan,Badami,1989-06-10,Female,Coimbatore,Tamil Nadu,2022-12-20,High
CUST04173,Mamooty,Sachar,1979-06-26,Male,Surat,Gujarat,2022-04-27,Low
CUST04174,Anvi,Doshi,1971-02-23,Male,Warangal,Telangana,2018-10-31,Low
CUST04175,Bhavin,Arya,2008-04-17,Female,Madurai,Tamil Nadu,2025-04-20,Medium
CUST04176,Zoya,Chaudhari,1992-01-01,Male,Hyderabad,Telangana,2023-10-28,High
CUST04177,Vaibhav,Sanghvi,2002-03-02,Male,Noida,Uttar Pradesh,2024-12-04,Low
CUST04178,Advik,Majumdar,1988-06-17,Male,Kozhikode,Kerala,2019-02-03,Medium
CUST04179,Vidur,Sinha,1981-04-27,Female,Ahmedabad,Gujarat,2024-07-25,Low
CUST04180,Gokul,Kale,2003-05-17,Male,Mysuru,Karnataka,2022-04-13,Low
CUST04181,Ira,Biswas,1963-07-07,Male,Mumbai,Maharashtra,2022-05-17,Low
CUST04182,Fateh,Yadav,1997-07-18,Female,Madurai,Tamil Nadu,2021-10-11,Low
CUST04183,Sumer,Chatterjee,1978-12-31,Male,Kolkata,West Bengal,2022-05-13,Low
CUST04184,Bhavin,Dani,1971-06-10,Male,Madurai,Tamil Nadu,2019-06-07,Low
CUST04185,Khushi,Ahluwalia,1971-02-08,Male,Hyderabad,Telangana,2022-03-01,Low
CUST04186,Siya,Shetty,1992-02-20,Female,Coimbatore,Tamil Nadu,2023-06-25,Low
CUST04187,Azad,Suresh,1956-08-30,Male,Jaipur,Rajasthan,2024-10-09,Low
CUST04188,Nishith,Talwar,1959-07-09,Female,Chennai,Tamil Nadu,2019-04-21,Low
CUST04189,Bhavin,Bhatnagar,1985-06-29,Male,Kolkata,West Bengal,2020-03-09,Low
CUST04190,Raunak,Bains,1977-01-09,Male,Warangal,Telangana,2021-08-16,Medium
CUST04191,Lavanya,Sagar,1972-04-08,Female,Kolkata,West Bengal,2021-02-19,Medium
CUST04192,Hansh,Raman,1982-09-20,Female,Madurai,Tamil Nadu,2022-09-21,Medium
CUST04193,Nirvi,Bhat,2000-04-30,Male,Hyderabad,Telangana,2019-04-21,Low
CUST04194,Dhanuk,Dass,1992-08-23,Male,Nashik,Maharashtra,2020-05-26,Medium
CUST04195,Bhamini,Sastry,2005-09-05,Male,Mangaluru,Karnataka,2025-07-27,Low
CUST04196,Taimur,Yadav,1970-08-22,Female,Udaipur,Rajasthan,2022-06-04,Low
CUST04197,Riya,Dora,1980-08-14,Female,Udaipur,Rajasthan,2025-04-15,Low
CUST04198,Ishita,Dhingra,2000-02-17,Female,Udaipur,Rajasthan,2020-09-22,Low
CUST04199,Eshani,Warrior,1973-11-08,Female,Kozhikode,Kerala,2021-05-12,Low
CUST04200,Rasha,Madan,1989-11-28,Female,Madurai,Tamil Nadu,2019-07-16,Low
CUST04201,Baiju,Ghose,1983-08-10,Female,Chennai,Tamil Nadu,2024-08-25,Medium
CUST04202,Misha,Kibe,1974-09-09,Male,Nagpur,Maharashtra,2019-04-26,Low
CUST04203,Lagan,Biswas,1991-02-07,Female,Nashik,Maharashtra,2020-08-11,Low
CUST04204,Ryan,Shanker,1993-04-12,Female,Surat,Gujarat,2020-06-10,High
CUST04205,Gatik,Grewal,2004-12-23,Female,Mangaluru,Karnataka,2025-08-05,Low
CUST04206,Vedika,Bobal,1958-02-02,Female,Hyderabad,Telangana,2020-08-25,Low
CUST04207,Rasha,Kannan,1999-11-16,Male,Vadodara,Gujarat,2025-02-24,Low
CUST04208,Amani,Bhandari,1957-02-05,Male,Kolkata,West Bengal,2022-11-23,Low
CUST04209,Arhaan,Deshmukh,1974-07-25,Female,Ahmedabad,Gujarat,2023-08-27,Low
CUST04210,Veer,Doctor,1961-05-26,Male,Mysuru,Karnataka,2019-02-27,Low
CUST04211,Ranbir,Varma,1997-02-21,Female,Thiruvananthapuram,Kerala,2021-11-30,Low
CUST04212,Bhamini,Andra,1981-09-07,Female,Kolkata,West Bengal,2021-12-03,Low
CUST04213,Ahana ,Bains,1970-12-03,Female,Warangal,Telangana,2020-05-26,Low
CUST04214,Vaibhav,Chanda,2000-07-22,Male,Ahmedabad,Gujarat,2022-04-26,Low
CUST04215,Hazel,Bal,2000-08-03,Male,Madurai,Tamil Nadu,2021-03-31,Low
CUST04216,Arhaan,Madan,2007-07-28,Male,Thiruvananthapuram,Kerala,2021-08-10,Medium
CUST04217,Anay,Ramanathan,2006-12-28,Male,New Delhi,Delhi,2021-07-05,Low
CUST04218,Prerak,Tailor,2006-11-29,Female,Ahmedabad,Gujarat,2023-09-05,Low
CUST04219,Madhav,Shukla,1957-07-05,Female,New Delhi,Delhi,2021-07-20,Low
CUST04220,Samaira,Thakkar,1997-12-11,Male,Kolkata,West Bengal,2022-05-05,Low
CUST04221,Aaryahi,Srinivas,2005-04-10,Female,New Delhi,Delhi,2024-11-26,Low
CUST04222,Suhana,Balakrishnan,1963-01-30,Female,Jaipur,Rajasthan,2023-05-11,Low
CUST04223,Vidur,Sen,2001-10-14,Male,Pune,Maharashtra,2021-02-03,Medium
CUST04224,Hazel,Kata,1984-06-28,Female,Bengaluru,Karnataka,2023-07-10,Medium
CUST04225,Saira,Mander,2007-12-24,Male,Udaipur,Rajasthan,2023-01-24,Low
CUST04226,Pranay,Bumb,1981-08-06,Male,Kolkata,West Bengal,2022-08-16,Medium
CUST04227,Shanaya,Dani,1964-08-15,Female,Kanpur,Uttar Pradesh,2018-10-12,Low
CUST04228,Ranbir,Sura,2002-02-06,Female,Kanpur,Uttar Pradesh,2020-12-25,Low
CUST04229,Dharmajan,Dash,2008-02-20,Female,New Delhi,Delhi,2023-04-08,Low
CUST04230,Ritvik,Ganguly,1994-07-06,Male,Kolkata,West Bengal,2022-01-02,Low
CUST04231,Armaan,Randhawa,1974-04-25,Female,Jaipur,Rajasthan,2021-09-22,Medium
CUST04232,Priyansh,Sahni,1972-09-11,Male,Coimbatore,Tamil Nadu,2025-04-21,Low
CUST04233,Neysa,Tailor,2008-02-26,Female,Kolkata,West Bengal,2023-10-27,Low
CUST04234,Abram,Bhatia,1976-07-13,Male,Chennai,Tamil Nadu,2023-06-27,Medium
CUST04235,Nitara,Dyal,1973-08-25,Male,Kanpur,Uttar Pradesh,2020-03-03,Low
CUST04236,Ahana ,Kashyap,1956-10-28,Female,Ahmedabad,Gujarat,2022-05-23,Low
CUST04237,Aayush,Kaul,1958-03-02,Male,Mangaluru,Karnataka,2021-09-13,Low
CUST04238,Anvi,Ray,1993-07-11,Male,Chennai,Tamil Nadu,2020-07-02,Medium
CUST04239,Yuvraj ,Balakrishnan,1995-02-02,Female,Lucknow,Uttar Pradesh,2019-04-30,Medium
CUST04240,Raghav,Yadav,1997-03-07,Female,Coimbatore,Tamil Nadu,2023-05-05,Low
CUST04241,Saksham,Balay,1985-08-15,Female,Hyderabad,Telangana,2020-03-06,Low
CUST04242,Pranay,Sinha,1974-06-10,Male,Chennai,Tamil Nadu,2020-11-09,Low
CUST04243,Bhamini,Bhatt,1971-02-15,Female,Kolkata,West Bengal,2024-01-05,Medium
CUST04244,Jayant,Borah,1997-09-13,Male,Kolkata,West Bengal,2024-03-25,Low
CUST04245,Badal,Dada,1963-06-09,Female,Mumbai,Maharashtra,2024-03-20,Low
CUST04246,Armaan,Chanda,2002-03-23,Female,New Delhi,Delhi,2022-12-17,Medium
CUST04247,Advika,Mann,1977-03-30,Female,Kozhikode,Kerala,2019-01-03,Low
CUST04248,Ishita,Sekhon,1971-02-28,Female,New Delhi,Delhi,2019-03-02,Low
CUST04249,Riya,Dayal,1973-03-02,Female,Lucknow,Uttar Pradesh,2018-10-15,Low
CUST04250,Parinaaz,Uppal,1979-09-11,Male,Hubballi,Karnataka,2023-04-01,High
CUST04251,Saanvi,Bains,1996-07-08,Female,Thiruvananthapuram,Kerala,2020-08-24,Low
CUST04252,Stuvan,Bhagat,1960-12-02,Female,Kolkata,West Bengal,2022-12-18,Low
CUST04253,Ahana ,Bhalla,1990-06-04,Male,Kanpur,Uttar Pradesh,2019-04-23,Low
CUST04254,Miraan,Chaudry,1977-10-26,Female,Pune,Maharashtra,2023-07-03,Low
CUST04255,Umang,Thakkar,2001-12-28,Male,Hyderabad,Telangana,2022-03-10,Low
CUST04256,Devansh,Rege,1984-09-02,Female,Chennai,Tamil Nadu,2021-01-21,Low
CUST04257,Hridaan,Arora,1977-11-14,Female,Vadodara,Gujarat,2023-10-24,High
CUST04258,Vedika,Gole,1978-06-12,Female,Vadodara,Gujarat,2022-02-14,Low
CUST04259,Nehmat,Grover,1987-09-05,Female,Kochi,Kerala,2021-02-24,Low
CUST04260,Misha,Aurora,1966-07-23,Male,Madurai,Tamil Nadu,2021-10-13,Low
CUST04261,Azad,Dhillon,1965-11-10,Female,Nagpur,Maharashtra,2023-09-05,Low
CUST04262,Anay,Bera,1997-02-03,Male,Surat,Gujarat,2020-06-13,Medium
CUST04263,Zara,Dugar,1990-05-29,Female,Coimbatore,Tamil Nadu,2024-09-26,Low
CUST04264,Vanya,Shanker,1990-03-25,Female,Mangaluru,Karnataka,2025-04-25,Low
CUST04265,Kavya,Sawhney,1979-01-23,Female,Nagpur,Maharashtra,2020-06-23,Low
CUST04266,Uthkarsh,Thakur,1995-04-20,Male,Kolkata,West Bengal,2018-12-05,Low
CUST04267,Nirvi,Seshadri,1965-11-11,Female,Lucknow,Uttar Pradesh,2021-11-22,Low
CUST04268,Tarini,Sachar,1960-12-26,Female,Ahmedabad,Gujarat,2019-04-23,Low
CUST04269,Mamooty,Mandal,1989-11-29,Female,Hyderabad,Telangana,2023-07-15,Medium
CUST04270,Mohanlal,Mahal,2005-08-05,Female,Madurai,Tamil Nadu,2022-03-16,Medium
CUST04271,Heer,Sha,1963-11-25,Female,Kanpur,Uttar Pradesh,2023-02-20,Low
CUST04272,Yasmin,Bal,1996-12-17,Male,Mumbai,Maharashtra,2022-09-01,High
CUST04273,Nirvi,Lala,1991-01-22,Male,Mysuru,Karnataka,2022-05-27,Low
CUST04274,Samar,Desai,1968-12-02,Female,Kolkata,West Bengal,2023-07-18,Low
CUST04275,Ritvik,Dara,1978-01-06,Male,Bengaluru,Karnataka,2020-09-19,Low
CUST04276,Yasmin,Sodhi,1980-04-12,Female,Chennai,Tamil Nadu,2020-08-12,Low
CUST04277,Amani,Dugar,2006-07-25,Male,Thiruvananthapuram,Kerala,2019-08-19,Low
CUST04278,Rania,Dara,1985-12-06,Female,Lucknow,Uttar Pradesh,2024-11-18,Low
CUST04279,Yuvraj ,Golla,1961-01-26,Male,Coimbatore,Tamil Nadu,2021-08-23,Low
CUST04280,Jhanvi,Krishnan,1960-11-07,Female,Mumbai,Maharashtra,2021-09-24,Low
CUST04281,Neysa,Khurana,1996-10-31,Male,Bengaluru,Karnataka,2020-08-10,Low
CUST04282,Alia,Srivastava,1984-02-25,Male,Coimbatore,Tamil Nadu,2020-08-08,Medium
CUST04283,Jiya,Thaker,1964-03-04,Female,Nagpur,Maharashtra,2023-03-23,Low
CUST04284,Nirvaan,Soni,1983-05-22,Female,Noida,Uttar Pradesh,2024-05-20,Low
CUST04285,Keya,Salvi,1965-01-18,Male,Kanpur,Uttar Pradesh,2023-10-20,Low
CUST04286,Pranay,Sunder,1975-03-04,Male,Nashik,Maharashtra,2021-07-22,Low
CUST04287,Saksham,Bhargava,1961-03-12,Female,Madurai,Tamil Nadu,2022-02-15,Medium
CUST04288,Aaina,Krishnan,1965-09-30,Male,Kolkata,West Bengal,2023-07-20,Low
CUST04289,Bhamini,Raval,2008-03-24,Female,Hubballi,Karnataka,2020-05-02,Low
CUST04290,Jivin,Vora,1986-07-19,Female,Madurai,Tamil Nadu,2018-10-13,Medium
CUST04291,Ivan,Bhasin,1984-02-19,Female,Kolkata,West Bengal,2020-11-21,Low
CUST04292,Tarini,Malhotra,2004-01-22,Female,Kozhikode,Kerala,2022-08-24,Low
CUST04293,Shanaya,Bedi,1964-04-01,Female,Ahmedabad,Gujarat,2018-12-09,Low
CUST04294,Adah,Arora,2002-08-10,Female,New Delhi,Delhi,2020-01-26,Medium
CUST04295,Devansh,Bhatti,1990-09-08,Male,Kolkata,West Bengal,2023-02-25,Low
CUST04296,Vidur,Zacharia,1984-05-22,Male,Bengaluru,Karnataka,2021-08-30,Low
CUST04297,Gokul,Iyer,2003-01-28,Male,Lucknow,Uttar Pradesh,2023-05-22,Low
CUST04298,Nakul,Sawhney,1975-08-13,Male,Nashik,Maharashtra,2019-08-30,Low
CUST04299,Shayak,Yadav,1978-07-23,Male,Madurai,Tamil Nadu,2023-09-06,Low
CUST04300,Mahika,Randhawa,1962-12-25,Male,Thiruvananthapuram,Kerala,2024-10-16,Low
CUST04301,Azad,Bansal,2005-12-02,Female,Lucknow,Uttar Pradesh,2021-09-01,Low
CUST04302,Alia,Jayaraman,1998-07-30,Female,Surat,Gujarat,2022-06-23,Medium
CUST04303,Seher,Tiwari,1985-04-19,Male,Udaipur,Rajasthan,2021-02-09,Medium
CUST04304,Tanya,Khare,2003-04-17,Male,Kolkata,West Bengal,2019-10-18,Low
CUST04305,Sana,Chand,2004-11-23,Female,Coimbatore,Tamil Nadu,2025-03-01,Medium
CUST04306,Khushi,Tank,1990-04-24,Male,New Delhi,Delhi,2019-05-13,Low
CUST04307,Indrajit,Wason,1956-03-06,Male,Mangaluru,Karnataka,2023-09-13,Low
CUST04308,Kiara,Goyal,2001-07-05,Female,Coimbatore,Tamil Nadu,2024-03-04,Low
CUST04309,Amani,Gupta,1977-06-15,Female,Vadodara,Gujarat,2022-05-19,Medium
CUST04310,Jayesh,Kumar,2004-10-25,Female,Kolkata,West Bengal,2023-08-27,Medium
CUST04311,Ranbir,Som,1962-03-30,Female,Vadodara,Gujarat,2020-08-16,Low
CUST04312,Rohan,Koshy,1978-11-11,Female,Noida,Uttar Pradesh,2019-01-23,Medium
CUST04313,Jivika,Lad,1991-05-22,Male,Mysuru,Karnataka,2023-08-01,Low
CUST04314,Diya,Uppal,1984-09-07,Female,Ahmedabad,Gujarat,2021-01-28,Medium
CUST04315,Samarth,Handa,1977-04-30,Female,New Delhi,Delhi,2025-02-02,High
CUST04316,Jayesh,Bora,1958-07-03,Male,Chennai,Tamil Nadu,2025-07-28,Low
CUST04317,Sara,Wadhwa,2005-05-23,Female,Kochi,Kerala,2020-06-10,Medium
CUST04318,Adah,Lad,1974-08-02,Male,Ahmedabad,Gujarat,2023-07-17,Low
CUST04319,Mannat,Dugar,1962-06-02,Male,New Delhi,Delhi,2021-08-09,Low
CUST04320,Raunak,Butala,1963-09-19,Female,New Delhi,Delhi,2021-02-05,Low
CUST04321,Raghav,Kohli,1985-07-08,Male,Kolkata,West Bengal,2020-07-20,Low
CUST04322,Jayan,Dhawan,1973-04-21,Male,Coimbatore,Tamil Nadu,2023-10-22,Medium
CUST04323,Suhana,Bera,1971-06-01,Female,Udaipur,Rajasthan,2024-04-26,Low
CUST04324,Ranbir,Bobal,1962-03-07,Male,Vadodara,Gujarat,2020-05-29,Low
CUST04325,Ishita,Tripathi,1990-04-07,Male,Kolkata,West Bengal,2025-01-26,Medium
CUST04326,Jayan,Atwal,1996-05-15,Female,Mangaluru,Karnataka,2018-12-27,High
CUST04327,Hrishita,Luthra,1968-12-05,Female,Hubballi,Karnataka,2018-09-15,Low
CUST04328,Ayesha,Thaman,1957-05-27,Male,Kolkata,West Bengal,2021-10-17,High
CUST04329,Lagan,Dhaliwal,1994-07-08,Female,Noida,Uttar Pradesh,2022-04-12,Low
CUST04330,Sana,Kapadia,1991-02-04,Male,New Delhi,Delhi,2019-09-22,Medium
CUST04331,Amani,Divan,1963-02-09,Female,Thiruvananthapuram,Kerala,2024-09-28,Low
CUST04332,Renee,Uppal,1963-10-24,Male,Warangal,Telangana,2022-06-06,Low
CUST04333,Adah,Koshy,1973-07-20,Female,Kochi,Kerala,2019-05-22,Low
CUST04334,Hiran,Dewan,2005-06-08,Male,Mysuru,Karnataka,2024-05-03,Low
CUST04335,Farhan,Goel,1961-01-11,Female,Warangal,Telangana,2024-12-24,Low
CUST04336,Yashvi,Choudhry,2005-02-22,Male,Ahmedabad,Gujarat,2019-04-13,Low
CUST04337,Shaan,Brar,1990-02-26,Male,Kozhikode,Kerala,2021-07-02,Low
CUST04338,Raghav,Karan,1998-07-25,Female,Mangaluru,Karnataka,2024-11-27,Medium
CUST04339,Drishya,Samra,2008-07-11,Male,Kolkata,West Bengal,2019-04-13,Low
CUST04340,Renee,Sankaran,1977-01-26,Female,Pune,Maharashtra,2018-12-23,Low
CUST04341,Adah,Bedi,2003-08-19,Female,Udaipur,Rajasthan,2025-05-28,Low
CUST04342,Elakshi,Dutt,1968-08-09,Male,Jaipur,Rajasthan,2023-05-26,Low
CUST04343,Nitara,Toor,1998-04-03,Male,Ahmedabad,Gujarat,2018-12-14,Medium
CUST04344,Myra,Ratti,1956-03-11,Female,Warangal,Telangana,2020-09-28,Medium
CUST04345,Hiran,Raj,1981-04-01,Male,Pune,Maharashtra,2020-07-10,Low
CUST04346,Pari,Chaudhari,1973-09-13,Female,Madurai,Tamil Nadu,2022-08-25,Low
CUST04347,Indrajit,Kibe,1968-05-19,Female,Thiruvananthapuram,Kerala,2024-11-21,Medium
CUST04348,Charvi,Dhaliwal,1964-08-13,Male,Ahmedabad,Gujarat,2020-05-03,Low
CUST04349,Myra,Vora,1961-09-07,Male,New Delhi,Delhi,2023-01-16,Medium
CUST04350,Samaira,Shere,1970-03-23,Female,Kozhikode,Kerala,2018-09-04,Low
CUST04351,Adira,Bandi,1989-01-15,Male,Pune,Maharashtra,2023-05-24,Medium
CUST04352,Manjari,Chawla,2003-12-18,Male,Mysuru,Karnataka,2020-03-01,Low
CUST04353,Armaan,Kadakia,2002-06-19,Male,Kochi,Kerala,2020-11-20,Low
CUST04354,Mannat,Gupta,1998-08-04,Male,Kolkata,West Bengal,2023-08-14,High
CUST04355,Miraan,Ray,1979-05-19,Male,Udaipur,Rajasthan,2022-10-08,Low
CUST04356,Eva,Saha,1967-11-26,Male,Kolkata,West Bengal,2021-03-15,Low
CUST04357,Mehul,Vora,1975-07-12,Male,New Delhi,Delhi,2024-05-01,Low
CUST04358,Aradhya,Konda,1998-07-10,Female,Coimbatore,Tamil Nadu,2021-12-26,Low
CUST04359,Kismat,Gokhale,1992-08-17,Male,Udaipur,Rajasthan,2022-09-28,Low
CUST04360,Ritvik,Bava,1970-07-19,Male,Lucknow,Uttar Pradesh,2019-08-10,Low
CUST04361,Tanya,Singhal,1975-03-14,Male,Chennai,Tamil Nadu,2022-03-21,Low
CUST04362,Alia,Gaba,1972-06-26,Female,Madurai,Tamil Nadu,2024-04-14,Low
CUST04363,Aarna,Bhardwaj,1967-08-22,Male,Kolkata,West Bengal,2022-08-08,Medium
CUST04364,Samar,Sahota,1963-05-17,Male,New Delhi,Delhi,2021-08-09,Low
CUST04365,Rasha,Issac,2003-08-12,Female,Nashik,Maharashtra,2019-09-27,Low
CUST04366,Urvi,Wadhwa,1988-07-26,Male,Chennai,Tamil Nadu,2025-06-30,Low
CUST04367,Ayesha,Rama,1983-09-08,Female,Noida,Uttar Pradesh,2024-06-30,Low
CUST04368,Miraan,Atwal,1975-06-13,Male,Warangal,Telangana,2020-12-05,Low
CUST04369,Dishani,Chokshi,1983-06-25,Female,Surat,Gujarat,2019-03-02,Low
CUST04370,Jhanvi,Som,1977-08-22,Female,Hyderabad,Telangana,2020-11-15,Low
CUST04371,Pari,Dutt,1983-08-20,Male,Kolkata,West Bengal,2021-12-23,Low
CUST04372,Zoya,Kant,1984-08-01,Male,Kanpur,Uttar Pradesh,2022-01-15,Low
CUST04373,Pranay,Bala,1973-11-28,Male,New Delhi,Delhi,2022-10-12,Low
CUST04374,Samiha,Choudhary,1978-10-10,Female,Mangaluru,Karnataka,2024-01-23,Low
CUST04375,Azad,Dube,1986-02-10,Female,Pune,Maharashtra,2022-02-19,Low
CUST04376,Madhup,Mangat,1966-12-25,Male,Noida,Uttar Pradesh,2023-03-18,Low
CUST04377,Lagan,Sridhar,1998-03-14,Male,Lucknow,Uttar Pradesh,2019-08-03,Low
CUST04378,Mannat,Ramaswamy,1978-01-31,Female,Kolkata,West Bengal,2019-10-01,Medium
CUST04379,Lavanya,Madan,1957-01-02,Male,Lucknow,Uttar Pradesh,2024-10-16,Low
CUST04380,Akarsh,Suresh,1981-06-14,Female,Warangal,Telangana,2019-06-02,Low
CUST04381,Vanya,Sarraf,1978-04-30,Female,Kochi,Kerala,2021-08-25,Low
CUST04382,Tiya,Sinha,1993-04-10,Male,Mangaluru,Karnataka,2019-03-11,Low
CUST04383,Neysa,Bakshi,1990-12-11,Male,Thiruvananthapuram,Kerala,2020-06-09,Low
CUST04384,Taran,Loyal,1969-02-25,Male,Thiruvananthapuram,Kerala,2019-12-26,Low
CUST04385,Heer,Hora,2004-06-30,Female,Nagpur,Maharashtra,2020-08-07,Medium
CUST04386,Riaan,Suresh,1966-08-19,Male,Kolkata,West Bengal,2021-10-30,Low
CUST04387,Shalv,Jhaveri,1970-04-28,Female,Ahmedabad,Gujarat,2023-05-09,High
CUST04388,Sana,Dash,1956-07-30,Male,Thiruvananthapuram,Kerala,2018-12-16,Low
CUST04389,Akarsh,Shroff,1991-06-25,Male,Pune,Maharashtra,2019-07-10,Low
CUST04390,Damini,Issac,1988-08-24,Male,New Delhi,Delhi,2019-01-04,Low
CUST04391,Indranil,Dhaliwal,1976-02-29,Male,Thiruvananthapuram,Kerala,2018-11-09,Low
CUST04392,Manikya,Raval,2008-03-18,Female,Pune,Maharashtra,2024-07-02,Low
CUST04393,Nishith,Badal,1974-03-10,Male,Lucknow,Uttar Pradesh,2025-01-10,Low
CUST04394,Gatik,Talwar,1981-05-12,Male,Mangaluru,Karnataka,2024-03-22,Low
CUST04395,Yakshit,Bhatti,2006-01-15,Female,Jaipur,Rajasthan,2020-12-11,Medium
CUST04396,Dharmajan,Barad,1960-09-04,Female,Udaipur,Rajasthan,2022-12-10,Medium
CUST04397,Saira,Sarraf,2007-07-13,Male,Ahmedabad,Gujarat,2024-11-18,Low
CUST04398,Zeeshan,Anne,1956-08-26,Female,Ahmedabad,Gujarat,2024-12-19,Low
CUST04399,Hrishita,Ramakrishnan,1965-12-25,Female,Kozhikode,Kerala,2019-06-18,Low
CUST04400,Sara,Raja,1982-04-07,Male,Chennai,Tamil Nadu,2020-04-20,Low
CUST04401,Mahika,Varughese,1976-11-22,Male,Lucknow,Uttar Pradesh,2025-04-29,Low
CUST04402,Samarth,Kala,1990-07-07,Male,Kolkata,West Bengal,2024-12-21,Low
CUST04403,Akarsh,Dora,1974-04-19,Female,New Delhi,Delhi,2022-07-21,Low
CUST04404,Krish,Bedi,1973-08-19,Male,Kochi,Kerala,2024-03-25,Low
CUST04405,Kashvi,Keer,1981-04-10,Male,Nagpur,Maharashtra,2021-02-15,High
CUST04406,Aaryahi,Batra,1970-10-10,Male,Madurai,Tamil Nadu,2022-02-08,Low
CUST04407,Jhanvi,Dewan,1988-07-16,Male,Hubballi,Karnataka,2021-01-25,Medium
CUST04408,Rati,Loke,1990-02-14,Male,Chennai,Tamil Nadu,2020-09-23,Low
CUST04409,Vaibhav,Anand,1989-06-21,Male,Ahmedabad,Gujarat,2024-11-02,Low
CUST04410,Vihaan,Grewal,2007-07-21,Female,Noida,Uttar Pradesh,2023-04-20,Low
CUST04411,Riya,Bhagat,1986-06-05,Male,Kolkata,West Bengal,2020-07-22,Low
CUST04412,Kashvi,Arora,1982-09-09,Male,Ahmedabad,Gujarat,2025-03-18,Low
CUST04413,Mehul,Kapoor,1980-10-24,Female,Warangal,Telangana,2022-09-15,Low
CUST04414,Jivika,Bhagat,1999-05-24,Female,Coimbatore,Tamil Nadu,2021-04-17,Low
CUST04415,Shamik,Bora,1998-07-07,Female,Kanpur,Uttar Pradesh,2019-05-12,Low
CUST04416,Divit,Mand,1967-03-02,Female,Hyderabad,Telangana,2020-06-01,Low
CUST04417,Ayesha,Rajagopalan,1972-08-29,Female,Kozhikode,Kerala,2019-05-13,Low
CUST04418,Hridaan,Jaggi,1997-08-07,Female,Bengaluru,Karnataka,2022-09-05,Low
CUST04419,Elakshi,Sengupta,1994-03-17,Female,Lucknow,Uttar Pradesh,2025-02-13,Low
CUST04420,Mehul,Balan,2007-11-15,Female,Madurai,Tamil Nadu,2022-11-05,Low
CUST04421,Ojas,Jha,1976-11-04,Male,Lucknow,Uttar Pradesh,2024-12-12,Low
CUST04422,Shayak,Tiwari,1965-11-24,Male,Madurai,Tamil Nadu,2018-12-17,High
CUST04423,Samarth,Sankaran,1994-02-12,Male,Hyderabad,Telangana,2023-09-29,Low
CUST04424,Yuvraj ,Viswanathan,1956-01-11,Male,Nashik,Maharashtra,2020-12-06,Medium
CUST04425,Prisha,Cheema,2007-01-11,Male,Warangal,Telangana,2023-06-08,Low
CUST04426,Yashvi,Konda,1992-10-10,Male,Lucknow,Uttar Pradesh,2022-11-25,Low
CUST04427,Saksham,Sachdev,1971-09-10,Male,Mumbai,Maharashtra,2021-05-21,Low
CUST04428,Anahi,Sathe,1988-07-07,Female,Nagpur,Maharashtra,2023-01-10,Low
CUST04429,Ivana,Varughese,2005-12-25,Male,Kolkata,West Bengal,2024-11-19,Low
CUST04430,Dhanush,Ben,1984-08-13,Male,Nagpur,Maharashtra,2024-08-06,Medium
CUST04431,Dhanuk,Guha,1964-04-23,Female,Surat,Gujarat,2025-02-01,Low
CUST04432,Abram,Buch,1991-01-12,Female,Kolkata,West Bengal,2025-01-05,Low
CUST04433,Gatik,Chacko,1969-01-29,Male,Warangal,Telangana,2022-05-16,Low
CUST04434,Farhan,Bahl,1984-07-07,Female,Hyderabad,Telangana,2022-11-11,Medium
CUST04435,Jayan,Rattan,1991-05-07,Female,Kolkata,West Bengal,2022-10-17,Low
CUST04436,Hiran,Shere,1992-11-16,Female,Mangaluru,Karnataka,2022-03-17,Low
CUST04437,Yakshit,Agrawal,1975-11-04,Male,Surat,Gujarat,2019-08-26,Low
CUST04438,Adira,Din,2004-08-22,Male,Bengaluru,Karnataka,2024-05-28,Medium
CUST04439,Purab,Lal,1977-08-02,Female,Udaipur,Rajasthan,2023-11-19,High
CUST04440,Umang,Manda,1999-11-24,Male,Ahmedabad,Gujarat,2020-01-23,Low
CUST04441,Hridaan,Dhillon,1991-04-04,Female,Coimbatore,Tamil Nadu,2024-06-23,Medium
CUST04442,Lagan,Suri,1997-06-07,Female,Coimbatore,Tamil Nadu,2024-09-22,Medium
CUST04443,Umang,Lad,1996-10-14,Male,Kolkata,West Bengal,2020-10-14,Low
CUST04444,Anaya,Kashyap,1969-12-24,Female,New Delhi,Delhi,2021-06-16,Low
CUST04445,Siya,Sem,1964-11-09,Male,Kolkata,West Bengal,2020-01-18,Low
CUST04446,Eshani,Sehgal,1987-11-24,Female,Kolkata,West Bengal,2018-09-25,High
CUST04447,Samar,Joshi,1967-11-05,Female,Coimbatore,Tamil Nadu,2019-12-06,Low
CUST04448,Anaya,Bandi,1956-01-12,Male,Kolkata,West Bengal,2021-04-20,Medium
CUST04449,Rati,Chandra,1969-03-17,Male,Warangal,Telangana,2024-07-21,Low
CUST04450,Divit,Luthra,1986-11-09,Female,Hyderabad,Telangana,2021-06-19,Medium
CUST04451,Divit,Balasubramanian,1998-03-06,Male,Kozhikode,Kerala,2022-08-21,Low
CUST04452,Kimaya,Brar,1960-03-11,Female,Udaipur,Rajasthan,2021-08-18,Low
CUST04453,Myra,Mammen,1971-01-11,Male,Kozhikode,Kerala,2021-08-01,Medium
CUST04454,Mishti,Amble,1968-10-04,Female,Ahmedabad,Gujarat,2020-12-26,Medium
CUST04455,Raunak,Tara,1984-08-25,Male,Lucknow,Uttar Pradesh,2023-08-15,Medium
CUST04456,Samiha,Dua,1980-08-22,Male,Thiruvananthapuram,Kerala,2023-12-18,Low
CUST04457,Tiya,Jaggi,1972-12-25,Male,Jaipur,Rajasthan,2023-06-04,Low
CUST04458,Hrishita,Rege,2000-07-08,Female,Jaipur,Rajasthan,2020-05-16,Low
CUST04459,Dhanuk,Rajagopalan,1966-01-08,Male,Mangaluru,Karnataka,2019-07-11,Low
CUST04460,Sana,Chokshi,1974-09-14,Female,Kanpur,Uttar Pradesh,2020-03-02,Low
CUST04461,Prerak,Manda,1962-08-12,Male,Kolkata,West Bengal,2019-09-23,Low
CUST04462,Yasmin,Lal,1995-08-13,Male,Nagpur,Maharashtra,2024-02-19,Low
CUST04463,Tiya,Handa,1978-02-12,Female,Kozhikode,Kerala,2023-07-19,High
CUST04464,Trisha,Varkey,1995-12-12,Female,Lucknow,Uttar Pradesh,2023-10-17,Low
CUST04465,Raghav,Swamy,2005-10-26,Female,Noida,Uttar Pradesh,2023-11-21,Low
CUST04466,Oorja,Khalsa,1969-11-22,Female,Nashik,Maharashtra,2020-01-30,Low
CUST04467,Aarav,Srinivasan,1971-06-05,Female,Lucknow,Uttar Pradesh,2020-06-28,Low
CUST04468,Divij,Suri,1997-06-30,Male,New Delhi,Delhi,2019-11-24,Low
CUST04469,Hridaan,Butala,1988-01-02,Female,New Delhi,Delhi,2018-08-26,Medium
CUST04470,Samarth,Barad,1959-03-15,Male,Udaipur,Rajasthan,2019-10-25,Medium
CUST04471,Diya,Swamy,1985-07-27,Female,Warangal,Telangana,2022-04-08,Medium
CUST04472,Nitya,Keer,1977-11-27,Male,Mumbai,Maharashtra,2021-03-23,High
CUST04473,Damini,Sidhu,1963-08-19,Male,Warangal,Telangana,2020-09-12,Low
CUST04474,Jhanvi,Hegde,1981-04-29,Male,Warangal,Telangana,2025-03-26,Low
CUST04475,Veer,Sastry,1987-12-09,Female,Jaipur,Rajasthan,2021-09-01,Low
CUST04476,Sahil,Tripathi,1991-03-04,Male,Udaipur,Rajasthan,2021-05-06,Low
CUST04477,Eva,Baral,1996-11-04,Male,Hyderabad,Telangana,2020-06-20,Low
CUST04478,Ivan,Ravel,1974-07-20,Male,New Delhi,Delhi,2024-09-13,Low
CUST04479,Hridaan,Trivedi,1985-05-27,Male,Kochi,Kerala,2023-06-02,Low
CUST04480,Ahana ,Konda,2002-12-13,Female,Nagpur,Maharashtra,2025-05-12,Low
CUST04481,Ojas,Sani,1963-10-31,Female,Hyderabad,Telangana,2023-05-25,Low
CUST04482,Adira,Sachdev,1979-05-06,Female,Hyderabad,Telangana,2020-03-01,Low
CUST04483,Anay,Verma,1980-07-14,Male,Kozhikode,Kerala,2022-08-13,Low
CUST04484,Trisha,Sampath,1979-03-12,Male,Hubballi,Karnataka,2024-11-05,Low
CUST04485,Aarna,Chhabra,1997-08-19,Female,Jaipur,Rajasthan,2023-05-31,Low
CUST04486,Kanav,Halder,1981-02-10,Male,Kolkata,West Bengal,2020-03-04,Medium
CUST04487,Siya,Ahluwalia,1968-12-22,Female,New Delhi,Delhi,2022-05-30,Low
CUST04488,Taran,Lall,1968-11-28,Male,Jaipur,Rajasthan,2018-09-12,Low
CUST04489,Khushi,Dubey,1977-12-31,Female,Hubballi,Karnataka,2019-06-14,Medium
CUST04490,Tushar,Date,1989-11-11,Female,New Delhi,Delhi,2018-10-05,Low
CUST04491,Mahika,Deshpande,1957-12-06,Male,Bengaluru,Karnataka,2024-02-26,Low
CUST04492,Raghav,Rege,1988-03-24,Male,Kochi,Kerala,2022-01-14,Low
CUST04493,Azad,Sarin,2003-07-29,Male,Chennai,Tamil Nadu,2020-10-20,Low
CUST04494,Raghav,Rattan,1959-07-18,Male,Chennai,Tamil Nadu,2023-07-08,Medium
CUST04495,Aniruddh,Venkataraman,2004-07-05,Male,Hyderabad,Telangana,2022-08-27,Medium
CUST04496,Mahika,Raval,1986-07-30,Female,Kolkata,West Bengal,2022-10-27,Low
CUST04497,Jayant,Khalsa,2006-09-06,Female,Hyderabad,Telangana,2024-02-27,Low
CUST04498,Suhana,Mahajan,1962-09-20,Male,Pune,Maharashtra,2018-12-22,Low
CUST04499,Tushar,Atwal,1997-05-11,Female,Kozhikode,Kerala,2024-09-19,Low
CUST04500,Indrans,Sastry,2005-09-30,Female,Madurai,Tamil Nadu,2020-02-26,Low
CUST04501,Hansh,Barman,1984-03-14,Male,Coimbatore,Tamil Nadu,2019-09-01,Low
CUST04502,Bhavin,Kapadia,1999-01-11,Female,Mysuru,Karnataka,2024-09-10,Low
CUST04503,Biju,Dugar,1962-04-13,Female,Mysuru,Karnataka,2023-04-12,Low
CUST04504,Ranbir,Varkey,1968-11-11,Female,Mumbai,Maharashtra,2024-03-22,Low
CUST04505,Mannat,Shan,1956-10-13,Male,Hyderabad,Telangana,2021-06-24,Low
CUST04506,Pari,Vala,1977-03-09,Male,Ahmedabad,Gujarat,2024-09-06,Low
CUST04507,Jayan,Zachariah,1995-08-02,Female,Hyderabad,Telangana,2024-10-16,Medium
CUST04508,Tejas,Kuruvilla,1956-08-12,Female,Udaipur,Rajasthan,2024-04-20,Low
CUST04509,Yuvaan,Joshi,2001-02-01,Female,Madurai,Tamil Nadu,2024-05-06,Low
CUST04510,Biju,Bali,1968-10-11,Male,Kolkata,West Bengal,2025-02-15,Medium
CUST04511,Damini,Borah,2005-04-03,Male,Kanpur,Uttar Pradesh,2020-12-01,Low
CUST04512,Dharmajan,Chadha,1985-10-27,Female,New Delhi,Delhi,2019-01-11,Low
CUST04513,Raghav,Ramanathan,1969-03-03,Male,Mysuru,Karnataka,2024-07-04,Low
CUST04514,Dishani,Jayaraman,1967-06-03,Female,Thiruvananthapuram,Kerala,2024-01-20,Low
CUST04515,Siya,Upadhyay,1955-11-14,Female,Mumbai,Maharashtra,2021-04-18,Low
CUST04516,Raghav,Mand,1979-07-07,Male,Mysuru,Karnataka,2019-08-26,Low
CUST04517,Shlok,Kaul,1994-04-25,Male,Udaipur,Rajasthan,2024-07-28,Low
CUST04518,Dhruv,Mandal,1987-02-27,Female,Noida,Uttar Pradesh,2019-05-26,Medium
CUST04519,Farhan,Bath,1968-01-26,Male,Mysuru,Karnataka,2024-11-08,Low
CUST04520,Dhruv,Chander,1977-04-03,Male,Chennai,Tamil Nadu,2023-09-05,Low
CUST04521,Mishti,Anne,2007-10-28,Male,Jaipur,Rajasthan,2020-02-03,Medium
CUST04522,Vedika,Ahluwalia,1970-06-14,Male,Jaipur,Rajasthan,2024-01-29,Low
CUST04523,Umang,Karpe,1961-03-07,Female,Jaipur,Rajasthan,2024-10-23,Medium
CUST04524,Nishith,Dube,2001-12-25,Female,Thiruvananthapuram,Kerala,2024-02-11,Low
CUST04525,Kanav,Shenoy,2007-01-31,Male,Chennai,Tamil Nadu,2024-12-05,Medium
CUST04526,Hansh,Dubey,1959-04-12,Female,Kolkata,West Bengal,2021-11-16,Low
CUST04527,Renee,Dhar,1967-10-06,Male,Hyderabad,Telangana,2021-01-08,Medium
CUST04528,Hiran,Mandal,1977-02-13,Male,Kanpur,Uttar Pradesh,2022-03-04,Medium
CUST04529,Mamooty,Tiwari,1968-06-16,Male,Vadodara,Gujarat,2020-12-20,Low
CUST04530,Krish,Chakrabarti,1975-09-20,Male,New Delhi,Delhi,2020-11-08,Low
CUST04531,Rasha,Kannan,1973-08-26,Male,Thiruvananthapuram,Kerala,2019-06-09,Low
CUST04532,Ayesha,Goel,1995-01-11,Male,Bengaluru,Karnataka,2021-09-28,Low
CUST04533,Stuvan,Som,1999-04-29,Male,Bengaluru,Karnataka,2023-02-06,Low
CUST04534,Alisha,Thakkar,1998-08-04,Male,New Delhi,Delhi,2024-06-29,Low
CUST04535,Jayan,Badami,1995-06-22,Male,Pune,Maharashtra,2021-12-06,Low
CUST04536,Indrans,Luthra,1994-05-08,Female,Nashik,Maharashtra,2020-06-10,Low
CUST04537,Rati,Kalla,1979-04-04,Female,Bengaluru,Karnataka,2024-02-23,Low
CUST04538,Zoya,Sanghvi,1975-04-18,Male,New Delhi,Delhi,2020-05-31,Low
CUST04539,Shlok,Sarma,1989-12-06,Female,Nagpur,Maharashtra,2023-05-05,Low
CUST04540,Shanaya,Sundaram,1973-12-13,Female,Kochi,Kerala,2019-06-03,Low
CUST04541,Drishya,Som,1969-12-27,Male,Jaipur,Rajasthan,2020-11-05,Low
CUST04542,Madhav,Kaur,1973-05-26,Female,Thiruvananthapuram,Kerala,2018-12-01,Low
CUST04543,Farhan,Kuruvilla,2000-06-12,Male,Chennai,Tamil Nadu,2024-01-07,Low
CUST04544,Kabir,Khanna,1965-03-01,Female,Jaipur,Rajasthan,2022-08-16,Low
CUST04545,Khushi,Edwin,1980-12-25,Female,Surat,Gujarat,2023-06-12,Low
CUST04546,Uthkarsh,Sahni,1995-09-09,Male,Udaipur,Rajasthan,2018-12-09,Medium
CUST04547,Samarth,Sarna,1962-10-08,Female,Bengaluru,Karnataka,2024-01-02,Low
CUST04548,Taimur,Virk,1956-03-09,Male,Mangaluru,Karnataka,2020-01-01,Low
CUST04549,Aaina,Khanna,1978-06-05,Male,Surat,Gujarat,2021-07-07,Low
CUST04550,Neelofar,Zacharia,1962-06-20,Female,Nagpur,Maharashtra,2020-03-29,Medium
CUST04551,Taimur,Dua,1966-09-22,Female,Jaipur,Rajasthan,2022-08-15,Medium
CUST04552,Inaaya ,Chander,2006-10-29,Female,Vadodara,Gujarat,2018-11-01,Low
CUST04553,Advika,Tailor,1997-08-10,Male,Warangal,Telangana,2022-07-14,Low
CUST04554,Kiara,Mani,2002-11-28,Male,Kozhikode,Kerala,2022-05-08,Medium
CUST04555,Sana,Iyengar,1987-11-16,Male,New Delhi,Delhi,2020-09-20,Low
CUST04556,Ojas,Sengupta,1981-01-17,Male,New Delhi,Delhi,2023-10-06,Low
CUST04557,Shayak,Khurana,2001-10-28,Male,Kanpur,Uttar Pradesh,2022-01-23,Low
CUST04558,Rohan,Bahri,1971-08-05,Male,Jaipur,Rajasthan,2025-02-21,Low
CUST04559,Dishani,Bhagat,1984-04-18,Female,Hubballi,Karnataka,2022-04-10,Medium
CUST04560,Urvi,Desai,1994-12-12,Male,Warangal,Telangana,2022-01-22,High
CUST04561,Kiara,Atwal,1966-10-23,Female,Kanpur,Uttar Pradesh,2023-01-03,Medium
CUST04562,Ivan,Doctor,1996-04-06,Male,Noida,Uttar Pradesh,2024-08-01,Low
CUST04563,Eshani,Chaudhary,1994-04-20,Male,Chennai,Tamil Nadu,2025-01-16,Medium
CUST04564,Hiran,Bhattacharyya,2000-10-17,Male,Kochi,Kerala,2021-06-26,Low
CUST04565,Vedika,Bala,1961-10-19,Male,Surat,Gujarat,2021-04-12,Low
CUST04566,Vritika,Sinha,1965-04-11,Male,Jaipur,Rajasthan,2025-06-20,Medium
CUST04567,Shray,Karnik,1982-08-06,Female,Kozhikode,Kerala,2020-01-21,Low
CUST04568,Amira,Acharya,2000-06-19,Male,Udaipur,Rajasthan,2019-11-27,Low
CUST04569,Krish,Wagle,1967-05-11,Female,Hyderabad,Telangana,2021-03-19,Low
CUST04570,Ryan,Baria,1968-03-18,Female,Hyderabad,Telangana,2020-08-28,Medium
CUST04571,Lagan,Kamdar,1961-10-14,Female,Kochi,Kerala,2024-10-22,Low
CUST04572,Nirvaan,Bose,2002-03-30,Male,Pune,Maharashtra,2023-05-17,Low
CUST04573,Urvi,Grover,1955-12-26,Female,Noida,Uttar Pradesh,2022-09-17,Low
CUST04574,Indranil,Gera,1962-06-13,Female,Madurai,Tamil Nadu,2022-08-27,Medium
CUST04575,Ira,Sankar,1982-06-19,Female,Surat,Gujarat,2024-08-05,Medium
CUST04576,Lakshit,Keer,2001-02-19,Male,Mysuru,Karnataka,2021-11-07,Low
CUST04577,Anahi,Sastry,1972-03-02,Female,Coimbatore,Tamil Nadu,2025-02-20,Low
CUST04578,Divit,Hari,1964-05-23,Female,Hyderabad,Telangana,2021-05-11,Low
CUST04579,Tarini,Bhavsar,1982-11-11,Female,Kochi,Kerala,2025-03-24,High
CUST04580,Shaan,Yadav,1974-12-02,Female,Hubballi,Karnataka,2025-08-16,Low
CUST04581,Pari,Sethi,1984-07-17,Female,Ahmedabad,Gujarat,2023-09-23,Medium
CUST04582,Vihaan,Loke,1960-07-11,Female,New Delhi,Delhi,2021-08-07,Low
CUST04583,Ayesha,Sami,2006-01-13,Male,Coimbatore,Tamil Nadu,2023-08-21,Medium
CUST04584,Anay,Choudhry,1997-01-21,Male,New Delhi,Delhi,2020-03-01,Medium
CUST04585,Tiya,Dalal,1980-10-07,Male,Kochi,Kerala,2021-09-24,Low
CUST04586,Shlok,Krishna,1955-10-04,Male,Nashik,Maharashtra,2023-11-04,High
CUST04587,Kismat,Sheth,1982-09-29,Female,Thiruvananthapuram,Kerala,2019-04-23,Low
CUST04588,Neelofar,Contractor,1965-01-16,Female,Kozhikode,Kerala,2022-11-26,Low
CUST04589,Kanav,Bains,1970-01-09,Male,Hyderabad,Telangana,2021-03-21,Low
CUST04590,Adira,Batra,1978-10-04,Female,Hyderabad,Telangana,2021-12-01,Medium
CUST04591,Neysa,Chana,1984-08-14,Female,New Delhi,Delhi,2019-12-07,Low
CUST04592,Raunak,Dugal,1981-12-21,Female,Noida,Uttar Pradesh,2024-05-23,Low
CUST04593,Anya,Badal,1973-05-30,Male,New Delhi,Delhi,2022-03-28,Low
CUST04594,Jayesh,Bumb,1982-09-30,Female,Mangaluru,Karnataka,2024-06-14,Low
CUST04595,Ela,Tiwari,1962-11-22,Male,Hyderabad,Telangana,2022-08-09,Low
CUST04596,Zara,Barman,1979-03-20,Male,New Delhi,Delhi,2024-06-26,Low
CUST04597,Sana,Bedi,2000-04-12,Female,Kanpur,Uttar Pradesh,2022-02-02,Medium
CUST04598,Zaina,Swamy,1956-06-24,Male,Vadodara,Gujarat,2020-01-07,Low
CUST04599,Samar,Bhatt,1994-10-03,Male,Chennai,Tamil Nadu,2022-12-18,Low
CUST04600,Veer,Sankar,1986-08-04,Male,Nashik,Maharashtra,2018-10-01,Low
CUST04601,Aradhya,Sachdeva,2001-04-03,Female,Mumbai,Maharashtra,2022-01-25,Low
CUST04602,Aarna,Solanki,1959-05-11,Male,Hyderabad,Telangana,2021-03-24,Medium
CUST04603,Aarna,Dayal,2006-02-23,Male,Kolkata,West Bengal,2024-01-17,Medium
CUST04604,Farhan,Ramakrishnan,1986-04-16,Male,Vadodara,Gujarat,2022-12-02,Low
CUST04605,Umang,Sridhar,1987-11-16,Female,Hyderabad,Telangana,2024-09-15,Medium
CUST04606,Shamik,Uppal,1992-01-22,Female,Bengaluru,Karnataka,2021-10-02,Medium
CUST04607,Faiyaz,Srivastava,1967-10-27,Male,Noida,Uttar Pradesh,2022-04-04,Medium
CUST04608,Hazel,Sibal,1981-09-29,Female,New Delhi,Delhi,2024-05-22,Low
CUST04609,Dhanush,Borde,1956-02-14,Male,Kolkata,West Bengal,2021-07-08,High
CUST04610,Rhea,Rajagopal,1973-03-12,Male,Mysuru,Karnataka,2020-04-30,Low
CUST04611,Drishya,Talwar,1997-06-19,Male,Bengaluru,Karnataka,2024-11-02,Low
CUST04612,Amani,Kalla,1958-12-14,Male,New Delhi,Delhi,2022-08-08,Low
CUST04613,Raunak,Bahri,1963-12-03,Male,Jaipur,Rajasthan,2022-10-25,Low
CUST04614,Amira,Goswami,1959-01-21,Male,Warangal,Telangana,2023-10-01,Low
CUST04615,Piya,Goyal,1972-10-26,Female,Kolkata,West Bengal,2022-04-09,Low
CUST04616,Shayak,Sandal,1975-10-20,Female,Kozhikode,Kerala,2025-03-04,Low
CUST04617,Anay,Madan,1973-11-01,Male,Ahmedabad,Gujarat,2020-03-03,Medium
CUST04618,Ritvik,Gokhale,1984-01-12,Male,Surat,Gujarat,2018-10-19,Medium
CUST04619,Alia,Gaba,1975-11-27,Female,Chennai,Tamil Nadu,2024-01-22,Low
CUST04620,Armaan,Raju,1963-04-01,Male,Kozhikode,Kerala,2021-09-08,Medium
CUST04621,Sana,Badami,1991-10-20,Male,Nagpur,Maharashtra,2024-12-06,Medium
CUST04622,Vivaan,Dash,1967-07-29,Male,Udaipur,Rajasthan,2019-05-14,Medium
CUST04623,Hazel,Batta,1964-03-24,Male,Warangal,Telangana,2024-10-31,Low
CUST04624,Hunar,Ravel,1989-03-24,Female,New Delhi,Delhi,2022-04-26,Low
CUST04625,Raghav,Gera,1986-10-26,Male,Ahmedabad,Gujarat,2024-07-05,Medium
CUST04626,Miraya,Dara,2005-07-05,Male,Chennai,Tamil Nadu,2025-08-18,Low
CUST04627,Eshani,Mane,1986-11-05,Male,Pune,Maharashtra,2018-12-30,Low
CUST04628,Dhanuk,Gade,1981-01-06,Female,Thiruvananthapuram,Kerala,2018-12-22,Low
CUST04629,Hunar,Ramanathan,2004-11-26,Female,Ahmedabad,Gujarat,2024-01-28,Low
CUST04630,Zoya,Wadhwa,1962-07-13,Male,Kochi,Kerala,2021-11-24,Low
CUST04631,Drishya,Seshadri,1961-01-03,Female,Madurai,Tamil Nadu,2021-07-10,Low
CUST04632,Navya,Shere,1976-03-13,Female,Mangaluru,Karnataka,2022-03-30,Low
CUST04633,Yakshit,Apte,1968-03-01,Male,New Delhi,Delhi,2025-01-01,Medium
CUST04634,Onkar,Sen,2000-01-29,Female,Surat,Gujarat,2024-12-19,Medium
CUST04635,Dhanush,Toor,1985-02-22,Female,Bengaluru,Karnataka,2019-08-22,Low
CUST04636,Yashvi,Char,1994-07-01,Male,Coimbatore,Tamil Nadu,2020-11-13,High
CUST04637,Romil,Randhawa,1990-08-18,Male,Mysuru,Karnataka,2023-03-28,Low
CUST04638,Yashvi,Dara,2002-11-22,Male,Jaipur,Rajasthan,2025-06-12,Low
CUST04639,Badal,Grover,1994-08-31,Female,Surat,Gujarat,2022-09-03,Medium
CUST04640,Madhav,Sidhu,1985-05-20,Male,Hubballi,Karnataka,2020-12-26,Medium
CUST04641,Siya,Sankaran,2008-08-11,Male,Kolkata,West Bengal,2020-03-24,Medium
CUST04642,Raghav,Krishna,2001-05-04,Female,Hyderabad,Telangana,2019-01-15,Low
CUST04643,Lavanya,Iyengar,1967-12-26,Male,Warangal,Telangana,2024-06-02,Medium
CUST04644,Raunak,Deshpande,1955-12-29,Female,New Delhi,Delhi,2022-02-11,Low
CUST04645,Lakshay,Andra,1983-11-05,Female,Jaipur,Rajasthan,2024-03-28,Medium
CUST04646,Hansh,Devan,1973-10-27,Female,Lucknow,Uttar Pradesh,2022-08-01,Medium
CUST04647,Kismat,Subramanian,1998-11-07,Female,Kolkata,West Bengal,2021-05-10,Low
CUST04648,Divit,Choudhry,1970-12-13,Male,Lucknow,Uttar Pradesh,2018-10-21,Low
CUST04649,Rhea,Gaba,1970-09-10,Female,Kozhikode,Kerala,2019-03-11,Medium
CUST04650,Manjari,Dhawan,2005-03-14,Male,Pune,Maharashtra,2024-09-15,Low
CUST04651,Mahika,Thaker,1986-12-30,Female,Jaipur,Rajasthan,2023-08-26,Low
CUST04652,Aaina,Ravi,1996-02-26,Female,Warangal,Telangana,2021-06-12,Medium
CUST04653,Hrishita,Hayer,1988-01-06,Female,Warangal,Telangana,2023-05-24,Low
CUST04654,Abram,Garg,1978-10-29,Male,Ahmedabad,Gujarat,2021-05-15,Medium
CUST04655,Shray,Tata,1985-11-21,Male,Warangal,Telangana,2019-12-10,Low
CUST04656,Anahi,Varma,2006-03-07,Male,Bengaluru,Karnataka,2022-11-23,Low
CUST04657,Lakshay,Lata,2003-02-17,Female,Kolkata,West Bengal,2020-02-05,Medium
CUST04658,Pari,Hayer,1973-01-18,Male,Udaipur,Rajasthan,2022-01-28,Low
CUST04659,Arhaan,Sahota,1994-07-12,Male,Thiruvananthapuram,Kerala,2019-04-27,Low
CUST04660,Mohanlal,Kohli,1993-11-05,Male,Hubballi,Karnataka,2021-08-02,Medium
CUST04661,Dharmajan,Chawla,2006-07-20,Female,Lucknow,Uttar Pradesh,2023-02-26,Low
CUST04662,Tushar,Doshi,1975-07-05,Female,Noida,Uttar Pradesh,2025-01-13,Low
CUST04663,Saksham,Kara,2001-07-19,Female,Noida,Uttar Pradesh,2022-08-17,Low
CUST04664,Aniruddh,Brahmbhatt,1998-03-04,Female,Kozhikode,Kerala,2023-08-17,Medium
CUST04665,Ivan,Ratta,1979-07-30,Female,Nagpur,Maharashtra,2023-06-16,Medium
CUST04666,Adah,Johal,2007-09-14,Male,Udaipur,Rajasthan,2018-11-06,Medium
CUST04667,Suhana,Dhar,1993-07-07,Female,Lucknow,Uttar Pradesh,2024-12-23,Low
CUST04668,Ayesha,Dalal,1981-03-09,Male,New Delhi,Delhi,2023-03-23,Medium
CUST04669,Hansh,Gulati,1996-12-18,Female,Mangaluru,Karnataka,2019-09-13,Low
CUST04670,Divit,Hora,1970-07-04,Male,Chennai,Tamil Nadu,2020-06-12,Low
CUST04671,Faiyaz,Mangal,1975-05-04,Male,Chennai,Tamil Nadu,2020-03-02,Low
CUST04672,Indranil,Sinha,2008-07-23,Female,Coimbatore,Tamil Nadu,2024-11-23,Medium
CUST04673,Yakshit,Maharaj,1983-06-13,Female,Noida,Uttar Pradesh,2021-08-23,Medium
CUST04674,Suhana,Chopra,1984-02-08,Male,Vadodara,Gujarat,2023-09-30,Low
CUST04675,Ranbir,Dutta,2008-01-30,Male,Udaipur,Rajasthan,2021-09-27,Low
CUST04676,Mohanlal,Bera,2000-11-06,Male,Vadodara,Gujarat,2024-06-28,Medium
CUST04677,Myra,Singh,1998-12-11,Male,Kolkata,West Bengal,2021-05-09,Low
CUST04678,Damini,Loyal,1991-11-20,Male,Kolkata,West Bengal,2021-12-26,High
CUST04679,Mamooty,Varughese,1983-02-20,Male,Kozhikode,Kerala,2022-11-10,Low
CUST04680,Tanya,Kata,1975-02-17,Male,Jaipur,Rajasthan,2022-06-22,Low
CUST04681,Indranil,Vohra,1967-09-26,Female,Kanpur,Uttar Pradesh,2022-01-19,Low
CUST04682,Reyansh,Agarwal,1991-11-24,Male,Jaipur,Rajasthan,2021-06-28,Low
CUST04683,Tarini,Kata,2000-04-20,Male,Kochi,Kerala,2020-02-12,Medium
CUST04684,Pihu,Bawa,1981-09-26,Female,Vadodara,Gujarat,2023-08-02,Low
CUST04685,Neysa,Kadakia,1984-02-11,Male,Madurai,Tamil Nadu,2022-02-20,Medium
CUST04686,Kanav,Ravi,1957-08-16,Female,New Delhi,Delhi,2023-11-30,Low
CUST04687,Mamooty,Biswas,1997-02-20,Male,Vadodara,Gujarat,2023-12-04,Low
CUST04688,Damini,Baria,1996-06-13,Female,Jaipur,Rajasthan,2023-07-03,Low
CUST04689,Sana,Jayaraman,1957-03-15,Female,Kochi,Kerala,2021-05-31,Low
CUST04690,Manjari,Dash,1966-12-23,Female,Kanpur,Uttar Pradesh,2023-06-29,High
CUST04691,Mishti,Keer,2002-03-21,Female,Vadodara,Gujarat,2019-06-04,Low
CUST04692,Tushar,Apte,2006-03-17,Male,Hyderabad,Telangana,2023-10-07,Low
CUST04693,Vritika,Sachdeva,1982-02-22,Female,Ahmedabad,Gujarat,2023-05-07,Low
CUST04694,Diya,Venkatesh,1968-10-13,Male,Warangal,Telangana,2020-01-09,Low
CUST04695,Amira,Gour,2004-11-07,Female,Nagpur,Maharashtra,2020-09-07,Low
CUST04696,Jayant,Keer,2004-02-26,Male,Thiruvananthapuram,Kerala,2020-05-07,Medium
CUST04697,Samarth,Bhatti,1975-08-03,Male,Warangal,Telangana,2019-03-15,Low
CUST04698,Aniruddh,Chauhan,1994-12-15,Female,Bengaluru,Karnataka,2022-07-28,Low
CUST04699,Amira,Das,2002-03-04,Male,Kolkata,West Bengal,2023-10-13,Low
CUST04700,Ahana ,Dara,1967-09-08,Male,Hubballi,Karnataka,2022-07-29,High
CUST04701,Damini,Rege,1963-03-19,Female,Ahmedabad,Gujarat,2025-06-26,Low
CUST04702,Lavanya,Toor,1978-03-11,Male,Nashik,Maharashtra,2020-01-02,Low
CUST04703,Nirvaan,Kashyap,2004-10-13,Male,Mumbai,Maharashtra,2019-03-30,Low
CUST04704,Aarush,Shere,1957-11-06,Male,Kanpur,Uttar Pradesh,2024-06-13,Low
CUST04705,Parinaaz,Jani,1991-01-07,Male,Bengaluru,Karnataka,2022-08-25,Low
CUST04706,Veer,Banik,1984-01-12,Female,Jaipur,Rajasthan,2020-11-10,Low
CUST04707,Saanvi,Luthra,1963-11-19,Female,Nagpur,Maharashtra,2024-09-26,Medium
CUST04708,Urvi,Raman,1999-09-07,Male,New Delhi,Delhi,2023-03-12,Low
CUST04709,Riya,Arora,1985-06-28,Female,Ahmedabad,Gujarat,2022-09-27,Medium
CUST04710,Samaira,Balan,1975-08-02,Male,Kanpur,Uttar Pradesh,2025-07-21,Low
CUST04711,Vivaan,Thakkar,2004-12-29,Female,Chennai,Tamil Nadu,2025-03-10,Low
CUST04712,Arnav,Gopal,1982-10-30,Female,Warangal,Telangana,2024-09-29,Low
CUST04713,Diya,Rau,1999-11-09,Female,Hubballi,Karnataka,2022-05-24,Low
CUST04714,Aaryahi,Subramaniam,1964-02-03,Female,Kolkata,West Bengal,2019-07-13,Medium
CUST04715,Hunar,Vaidya,1973-07-06,Female,Chennai,Tamil Nadu,2025-02-04,Low
CUST04716,Kavya,Shetty,1963-04-04,Female,Madurai,Tamil Nadu,2024-10-16,Low
CUST04717,Jayan,Goswami,1983-09-30,Female,Vadodara,Gujarat,2024-03-26,Low
CUST04718,Shayak,Bobal,1972-03-10,Male,Lucknow,Uttar Pradesh,2025-06-01,High
CUST04719,Anya,Cheema,1973-08-25,Female,Bengaluru,Karnataka,2019-06-23,Low
CUST04720,Shalv,Rege,2002-11-09,Female,Kolkata,West Bengal,2019-04-13,Medium
CUST04721,Amira,Yogi,2003-11-26,Male,Madurai,Tamil Nadu,2022-10-31,Low
CUST04722,Suhana,Das,2007-02-28,Male,Kochi,Kerala,2020-11-10,Low
CUST04723,Shlok,Divan,2002-07-20,Female,Udaipur,Rajasthan,2022-06-07,Low
CUST04724,Shalv,Subramaniam,1986-04-19,Male,Hyderabad,Telangana,2024-08-07,Low
CUST04725,Pranay,Mander,1974-05-20,Male,Kolkata,West Bengal,2023-09-15,Low
CUST04726,Armaan,Sidhu,1965-03-06,Male,Coimbatore,Tamil Nadu,2019-11-28,Low
CUST04727,Elakshi,Dhawan,1957-05-31,Female,Chennai,Tamil Nadu,2020-07-12,Medium
CUST04728,Tushar,Manda,1980-05-01,Female,Ahmedabad,Gujarat,2024-09-20,Medium
CUST04729,Riaan,Dube,2004-05-12,Female,Jaipur,Rajasthan,2019-12-30,Medium
CUST04730,Jiya,Ravel,1976-05-21,Female,Mysuru,Karnataka,2022-09-10,Low
CUST04731,Riya,Kannan,2001-06-19,Male,Mumbai,Maharashtra,2021-02-27,Low
CUST04732,Indrans,Sharaf,2002-12-13,Male,Hubballi,Karnataka,2019-09-29,Low
CUST04733,Hunar,Ramanathan,1975-07-17,Male,Warangal,Telangana,2021-12-01,Medium
CUST04734,Onkar,Ray,1971-02-27,Male,Udaipur,Rajasthan,2018-11-21,Medium
CUST04735,Lakshit,Manne,1976-04-07,Male,Kolkata,West Bengal,2019-11-29,Low
CUST04736,Keya,Ahuja,1973-04-20,Female,Ahmedabad,Gujarat,2021-09-30,Low
CUST04737,Saira,Kumar,2006-05-18,Male,Warangal,Telangana,2023-01-17,Low
CUST04738,Yuvaan,Khare,1997-09-25,Male,Udaipur,Rajasthan,2020-02-06,Low
CUST04739,Shray,Rout,1966-04-04,Female,Kozhikode,Kerala,2023-08-24,Low
CUST04740,Damini,Dugar,1991-04-06,Male,Madurai,Tamil Nadu,2021-11-01,Low
CUST04741,Uthkarsh,Verma,1988-09-01,Female,Mysuru,Karnataka,2024-03-01,Medium
CUST04742,Jayan,Virk,1991-05-23,Female,Kozhikode,Kerala,2022-10-01,Low
CUST04743,Jayant,Khurana,1981-07-01,Male,Nashik,Maharashtra,2018-10-09,Low
CUST04744,Oorja,Bali,1978-12-12,Female,Kochi,Kerala,2020-07-24,High
CUST04745,Sahil,Chauhan,1970-11-30,Male,Kolkata,West Bengal,2019-12-05,Low
CUST04746,Ranbir,Ramanathan,2008-08-04,Female,Nashik,Maharashtra,2024-11-06,Low
CUST04747,Vritika,Bhasin,1999-11-18,Female,Jaipur,Rajasthan,2020-04-28,Low
CUST04748,Taimur,Krish,1986-11-27,Male,Kolkata,West Bengal,2023-06-30,Low
CUST04749,Navya,Ahuja,2006-06-07,Male,Chennai,Tamil Nadu,2025-08-13,Low
CUST04750,Vardaniya,Subramaniam,1991-04-26,Male,Madurai,Tamil Nadu,2020-08-04,Medium
CUST04751,Seher,Chaudhuri,1980-05-22,Male,Kolkata,West Bengal,2024-04-19,Low
CUST04752,Arhaan,Iyengar,1998-04-11,Male,Warangal,Telangana,2019-06-29,Low
CUST04753,Shalv,Kulkarni,1960-03-22,Female,Madurai,Tamil Nadu,2020-12-16,Low
CUST04754,Ishita,Loke,2006-02-03,Female,Kolkata,West Bengal,2023-03-23,Low
CUST04755,Dhanush,Sur,1959-06-17,Male,Ahmedabad,Gujarat,2022-06-13,Medium
CUST04756,Jiya,Lal,1972-07-10,Male,Pune,Maharashtra,2020-09-24,Medium
CUST04757,Onkar,Sur,2005-12-19,Female,Ahmedabad,Gujarat,2020-03-15,Low
CUST04758,Prisha,Sachdev,1972-04-29,Female,Warangal,Telangana,2020-08-04,Medium
CUST04759,Prisha,Sekhon,1986-09-07,Male,Kolkata,West Bengal,2020-02-28,Low
CUST04760,Arnav,Ramanathan,1973-09-25,Female,Nashik,Maharashtra,2023-05-06,High
CUST04761,Ranbir,Bath,2006-03-21,Female,Hubballi,Karnataka,2020-04-07,Low
CUST04762,Sana,Thakur,1959-12-25,Female,Warangal,Telangana,2019-10-11,High
CUST04763,Elakshi,Doshi,1959-10-16,Male,Mangaluru,Karnataka,2020-06-01,Medium
CUST04764,Manikya,Dara,1995-07-04,Male,Vadodara,Gujarat,2025-02-16,Low
CUST04765,Kavya,Khare,1987-03-30,Male,Pune,Maharashtra,2019-06-27,Low
CUST04766,Heer,Wadhwa,1959-02-15,Male,Warangal,Telangana,2021-05-12,High
CUST04767,Vritika,Ravel,1960-08-14,Female,Chennai,Tamil Nadu,2020-04-27,Medium
CUST04768,Anvi,Bhardwaj,1985-09-20,Female,New Delhi,Delhi,2019-05-12,Low
CUST04769,Anika,Chaudhary,1962-06-12,Female,Udaipur,Rajasthan,2023-04-07,Medium
CUST04770,Khushi,Chokshi,1996-05-12,Male,Thiruvananthapuram,Kerala,2022-10-17,Low
CUST04771,Rohan,Mane,1956-04-20,Male,Pune,Maharashtra,2023-08-07,Low
CUST04772,Adah,Vasa,1963-03-28,Male,Lucknow,Uttar Pradesh,2024-10-09,Low
CUST04773,Ahana ,Sood,1999-05-19,Female,Kanpur,Uttar Pradesh,2020-04-22,Low
CUST04774,Khushi,Swaminathan,1998-11-09,Female,Lucknow,Uttar Pradesh,2023-11-16,Medium
CUST04775,Tanya,Kari,1955-09-07,Female,Warangal,Telangana,2020-10-16,Low
CUST04776,Tanya,Jani,1996-07-27,Female,Jaipur,Rajasthan,2020-12-14,Medium
CUST04777,Bhamini,Raval,1967-08-30,Male,Chennai,Tamil Nadu,2021-06-12,Low
CUST04778,Dishani,Khurana,1990-08-22,Female,Mysuru,Karnataka,2021-01-23,Low
CUST04779,Neelofar,Doctor,1973-08-17,Female,Noida,Uttar Pradesh,2023-03-06,Low
CUST04780,Nishith,Garde,1974-05-20,Female,Udaipur,Rajasthan,2024-05-31,Low
CUST04781,Jhanvi,Krishnamurthy,1976-08-30,Male,Kozhikode,Kerala,2023-12-22,Low
CUST04782,Advika,Bhalla,2007-02-19,Female,Noida,Uttar Pradesh,2020-03-14,Low
CUST04783,Aradhya,Aggarwal,1977-05-15,Male,Nagpur,Maharashtra,2022-12-26,Low
CUST04784,Anaya,Kota,1966-10-01,Female,Kolkata,West Bengal,2020-03-03,Low
CUST04785,Chirag,Sidhu,1985-01-17,Male,Kolkata,West Bengal,2024-05-16,Low
CUST04786,Romil,Batta,1985-10-22,Female,Chennai,Tamil Nadu,2021-07-24,Low
CUST04787,Navya,Sankar,1992-04-19,Female,Kolkata,West Bengal,2025-08-24,Medium
CUST04788,Jivin,Chatterjee,2008-08-23,Female,Hyderabad,Telangana,2019-07-29,Medium
CUST04789,Tarini,D’Alia,1970-02-27,Male,Kanpur,Uttar Pradesh,2021-04-06,Low
CUST04790,Damini,Dua,1977-06-05,Female,Ahmedabad,Gujarat,2025-03-03,Low
CUST04791,Eva,Keer,1962-08-27,Male,Kolkata,West Bengal,2024-06-22,Low
CUST04792,Rohan,Ramaswamy,1969-12-16,Female,Vadodara,Gujarat,2023-07-05,High
CUST04793,Pari,Brahmbhatt,1977-09-06,Male,Noida,Uttar Pradesh,2019-12-24,Low
CUST04794,Kartik,Sinha,1982-08-12,Female,Udaipur,Rajasthan,2025-05-02,Low
CUST04795,Jayan,Varkey,1966-05-25,Male,Coimbatore,Tamil Nadu,2023-11-03,Low
CUST04796,Nitara,Brar,1977-10-23,Male,Kolkata,West Bengal,2023-01-16,Low
CUST04797,Anika,Sachdeva,1996-02-26,Female,Jaipur,Rajasthan,2025-05-11,Low
CUST04798,Zeeshan,Sridhar,2005-01-31,Female,Madurai,Tamil Nadu,2020-12-09,Medium
CUST04799,Manikya,Deep,1987-10-08,Male,New Delhi,Delhi,2021-03-26,Low
CUST04800,Tushar,Bora,1976-06-27,Female,Mangaluru,Karnataka,2021-06-27,Low
CUST04801,Samiha,Goel,2006-05-12,Female,Vadodara,Gujarat,2021-05-01,Low
CUST04802,Alisha,Dube,1984-08-03,Female,Kolkata,West Bengal,2023-06-11,Low
CUST04803,Vihaan,Singh,1984-01-13,Male,Pune,Maharashtra,2018-09-12,Medium
CUST04804,Tarini,Jaggi,1959-05-31,Female,Jaipur,Rajasthan,2022-02-16,Low
CUST04805,Sumer,Roy,1965-03-03,Female,New Delhi,Delhi,2022-07-15,Medium
CUST04806,Tiya,Devan,1956-12-22,Female,Madurai,Tamil Nadu,2025-08-12,Low
CUST04807,Renee,Chaudhuri,1969-11-05,Female,Kolkata,West Bengal,2024-04-12,Low
CUST04808,Saanvi,Dave,1975-09-17,Male,Coimbatore,Tamil Nadu,2021-10-29,High
CUST04809,Anay,Dyal,1984-09-27,Female,Madurai,Tamil Nadu,2025-05-18,Low
CUST04810,Vaibhav,Gaba,1993-08-16,Male,Madurai,Tamil Nadu,2023-05-31,Medium
CUST04811,Seher,Chaudhry,1970-04-12,Female,Ahmedabad,Gujarat,2023-11-26,Low
CUST04812,Damini,Kannan,1974-04-17,Male,Jaipur,Rajasthan,2019-07-23,Medium
CUST04813,Dhanuk,Dara,1966-07-26,Female,Ahmedabad,Gujarat,2021-06-02,Low
CUST04814,Samaira,Khatri,2004-09-24,Female,Nagpur,Maharashtra,2023-09-11,Low
CUST04815,Anaya,Bajaj,2000-07-09,Male,Udaipur,Rajasthan,2021-12-19,Medium
CUST04816,Prisha,Sastry,1988-10-16,Female,Coimbatore,Tamil Nadu,2020-10-10,Medium
CUST04817,Ranbir,Raman,1995-07-14,Female,Madurai,Tamil Nadu,2021-11-03,Medium
CUST04818,Biju,Bedi,1959-06-20,Male,Vadodara,Gujarat,2024-02-03,Medium
CUST04819,Shlok,Devi,1992-04-02,Male,Warangal,Telangana,2021-10-16,Medium
CUST04820,Advika,Dhar,1963-03-16,Female,Pune,Maharashtra,2022-08-30,Low
CUST04821,Himmat,Wable,2006-09-04,Male,Udaipur,Rajasthan,2019-04-12,Low
CUST04822,Shaan,Soman,2005-06-29,Female,New Delhi,Delhi,2022-03-03,Low
CUST04823,Indrajit,Vohra,1965-11-19,Female,Udaipur,Rajasthan,2023-09-01,Low
CUST04824,Rohan,Mangat,1969-04-04,Female,Udaipur,Rajasthan,2023-06-06,Low
CUST04825,Dhruv,Kanda,1972-05-03,Male,Kanpur,Uttar Pradesh,2021-06-09,Low
CUST04826,Kaira,Mahajan,2007-07-23,Female,Thiruvananthapuram,Kerala,2024-04-08,Low
CUST04827,Pranay,Mallick,1991-10-14,Male,Mysuru,Karnataka,2025-08-08,Low
CUST04828,Riaan,Sant,1957-02-19,Female,Lucknow,Uttar Pradesh,2019-11-05,Low
CUST04829,Trisha,Solanki,1960-04-11,Male,Nashik,Maharashtra,2025-05-02,Low
CUST04830,Rati,Sawhney,2005-12-10,Female,Chennai,Tamil Nadu,2021-04-27,Low
CUST04831,Taran,Zachariah,2008-03-25,Male,Udaipur,Rajasthan,2022-06-11,Medium
CUST04832,Siya,Wagle,1970-04-08,Male,Kochi,Kerala,2020-03-20,Medium
CUST04833,Samarth,Kaur,1971-02-22,Male,New Delhi,Delhi,2022-07-27,Low
CUST04834,Taran,Ganesan,1969-03-10,Female,Kochi,Kerala,2024-05-31,Low
CUST04835,Renee,Dayal,1973-01-09,Female,Thiruvananthapuram,Kerala,2023-10-14,Low
CUST04836,Siya,Apte,1965-03-12,Male,New Delhi,Delhi,2019-08-31,Low
CUST04837,Nayantara,Jha,1984-09-23,Male,Pune,Maharashtra,2022-01-08,Low
CUST04838,Zara,Kohli,1958-12-01,Male,New Delhi,Delhi,2023-02-22,Low
CUST04839,Biju,Kunda,1981-01-23,Female,Kolkata,West Bengal,2018-10-15,Low
CUST04840,Jivika,Kamdar,1957-10-31,Male,Surat,Gujarat,2022-12-09,Low
CUST04841,Yasmin,Gade,1992-04-25,Female,Bengaluru,Karnataka,2022-11-01,High
CUST04842,Raunak,Mani,1978-05-12,Female,Madurai,Tamil Nadu,2024-01-17,High
CUST04843,Darshit,Shah,1960-10-15,Male,Kochi,Kerala,2023-06-17,Low
CUST04844,Divij,Mallick,1963-04-18,Male,New Delhi,Delhi,2023-03-05,Low
CUST04845,Indranil,Sur,1990-08-05,Female,Vadodara,Gujarat,2019-05-25,Low
CUST04846,Kaira,Kaur,1997-02-28,Male,Noida,Uttar Pradesh,2024-03-07,Low
CUST04847,Kanav,Sheth,1960-08-15,Female,Jaipur,Rajasthan,2025-03-05,Medium
CUST04848,Piya,Kale,1974-06-28,Male,Kolkata,West Bengal,2022-08-11,Low
CUST04849,Alisha,Walia,2005-12-07,Female,New Delhi,Delhi,2019-12-11,Medium
CUST04850,Nehmat,Gandhi,1960-08-14,Male,Udaipur,Rajasthan,2020-03-12,Low
CUST04851,Neelofar,Mani,1978-10-10,Female,Chennai,Tamil Nadu,2022-07-06,High
CUST04852,Eva,Sridhar,2002-10-12,Female,Udaipur,Rajasthan,2024-12-09,Low
CUST04853,Adah,Walia,1957-02-09,Female,Mangaluru,Karnataka,2022-01-24,Medium
CUST04854,Kashvi,Din,1956-01-30,Female,Kolkata,West Bengal,2023-12-15,Low
CUST04855,Vidur,Andra,1956-03-25,Female,Kochi,Kerala,2020-07-25,Low
CUST04856,Samarth,Kala,1965-11-21,Male,Kolkata,West Bengal,2020-11-07,Low
CUST04857,Mamooty,Master,2001-07-20,Female,Kozhikode,Kerala,2025-03-07,Low
CUST04858,Shaan,Lata,1986-10-19,Female,Kanpur,Uttar Pradesh,2024-03-17,Medium
CUST04859,Nitya,Chaudhry,2008-01-16,Female,New Delhi,Delhi,2025-08-21,Medium
CUST04860,Kashvi,Goel,2004-04-19,Male,Jaipur,Rajasthan,2023-07-23,Medium
CUST04861,Indrans,Chandra,2008-04-01,Female,Lucknow,Uttar Pradesh,2019-11-29,Low
CUST04862,Lagan,Dube,1968-01-03,Male,Surat,Gujarat,2019-07-05,Medium
CUST04863,Anay,Loke,1996-08-10,Male,Chennai,Tamil Nadu,2018-12-26,Low
CUST04864,Vanya,Bhatt,1992-05-26,Male,Mysuru,Karnataka,2021-08-12,Low
CUST04865,Darshit,Gade,1977-02-08,Female,New Delhi,Delhi,2020-08-09,Low
CUST04866,Nirvi,Chawla,1969-05-17,Male,Pune,Maharashtra,2021-03-24,Low
CUST04867,Ishaan,Kala,1974-02-04,Male,Nagpur,Maharashtra,2020-08-18,Low
CUST04868,Madhav,Som,1979-10-31,Female,Pune,Maharashtra,2018-11-18,Low
CUST04869,Hiran,Vyas,1985-07-26,Male,New Delhi,Delhi,2019-09-12,Low
CUST04870,Uthkarsh,Arya,1985-11-10,Female,Mysuru,Karnataka,2024-12-23,Medium
CUST04871,Seher,Chawla,1981-07-15,Female,Jaipur,Rajasthan,2019-01-25,Low
CUST04872,Alia,Kanda,1982-10-24,Male,Thiruvananthapuram,Kerala,2020-05-04,Low
CUST04873,Lagan,Solanki,1981-07-17,Female,Udaipur,Rajasthan,2023-09-02,Low
CUST04874,Gatik,Batra,1967-07-26,Female,Noida,Uttar Pradesh,2022-12-17,Low
CUST04875,Kavya,Sengupta,1990-10-18,Female,Coimbatore,Tamil Nadu,2019-09-08,Low
CUST04876,Ishaan,Shukla,1969-11-30,Male,Surat,Gujarat,2019-09-03,Low
CUST04877,Ayesha,Shanker,1996-10-22,Female,Kozhikode,Kerala,2021-09-12,Low
CUST04878,Siya,Dutt,1983-11-25,Female,Madurai,Tamil Nadu,2020-04-10,Low
CUST04879,Lakshay,Bath,1990-02-22,Male,Coimbatore,Tamil Nadu,2021-09-17,Low
CUST04880,Anvi,Datta,1990-04-08,Male,New Delhi,Delhi,2019-08-08,Medium
CUST04881,Amani,Anand,1956-02-22,Male,Pune,Maharashtra,2021-11-18,Low
CUST04882,Zaina,Kade,1982-11-21,Male,Jaipur,Rajasthan,2019-07-02,Low
CUST04883,Sumer,Gole,1976-09-28,Male,Hyderabad,Telangana,2019-03-16,Medium
CUST04884,Adira,Vala,2000-01-07,Male,Hyderabad,Telangana,2021-03-17,Low
CUST04885,Manikya,Sarna,1961-05-25,Male,Kozhikode,Kerala,2024-03-07,Low
CUST04886,Nayantara,Tailor,1982-03-02,Male,Hubballi,Karnataka,2022-08-29,Medium
CUST04887,Advik,Devan,2005-04-20,Male,Pune,Maharashtra,2024-02-27,Low
CUST04888,Samarth,Bajaj,1965-03-24,Female,Thiruvananthapuram,Kerala,2020-10-07,Low
CUST04889,Jayesh,Mandal,1956-04-12,Male,Warangal,Telangana,2019-09-27,Low
CUST04890,Ela,Brahmbhatt,1965-03-11,Female,Mysuru,Karnataka,2024-07-24,Low
CUST04891,Anaya,Singh,1958-04-21,Female,Vadodara,Gujarat,2019-03-04,Low
CUST04892,Kimaya,Suresh,1969-12-05,Male,Kolkata,West Bengal,2024-12-10,Low
CUST04893,Nitara,Din,1980-12-10,Male,New Delhi,Delhi,2023-11-26,Low
CUST04894,Zeeshan,Tata,1966-05-14,Female,New Delhi,Delhi,2022-03-20,Low
CUST04895,Jayant,Chahal,1990-12-09,Female,Udaipur,Rajasthan,2019-12-09,Low
CUST04896,Seher,Tailor,2001-02-24,Female,Coimbatore,Tamil Nadu,2020-03-12,Low
CUST04897,Tejas,Wable,1963-02-03,Male,Lucknow,Uttar Pradesh,2025-05-04,Low
CUST04898,Ishaan,Aurora,1989-07-04,Female,Madurai,Tamil Nadu,2020-05-21,Low
CUST04899,Ryan,Jaggi,1998-03-15,Male,Udaipur,Rajasthan,2021-10-28,Low
CUST04900,Prerak,Rastogi,1977-07-01,Female,Jaipur,Rajasthan,2018-11-22,Medium
CUST04901,Vardaniya,Arya,1978-03-19,Male,Ahmedabad,Gujarat,2018-11-22,Low
CUST04902,Anaya,Badal,2005-08-30,Male,Kolkata,West Bengal,2019-11-17,Low
CUST04903,Yuvraj ,Bajaj,1992-05-11,Female,Chennai,Tamil Nadu,2021-11-09,Low
CUST04904,Tarini,Ram,2004-10-25,Female,Hyderabad,Telangana,2023-02-12,Low
CUST04905,Jayan,Brar,1962-06-18,Female,Hyderabad,Telangana,2018-10-11,Medium
CUST04906,Stuvan,Yadav,1970-10-21,Male,New Delhi,Delhi,2019-06-08,Low
CUST04907,Aaina,Bali,1963-04-19,Male,Madurai,Tamil Nadu,2022-09-11,High
CUST04908,Anahi,Johal,1992-03-04,Male,Ahmedabad,Gujarat,2022-05-25,Low
CUST04909,Himmat,Varty,1996-09-13,Male,Surat,Gujarat,2025-07-14,Medium
CUST04910,Navya,Acharya,1976-11-03,Male,Kochi,Kerala,2022-09-13,Low
CUST04911,Anaya,Yogi,1973-02-16,Male,Hyderabad,Telangana,2019-09-28,Medium
CUST04912,Samarth,Saha,1992-05-24,Female,New Delhi,Delhi,2021-10-04,Low
CUST04913,Mannat,Sami,2004-05-24,Male,New Delhi,Delhi,2019-06-21,Low
CUST04914,Anvi,Koshy,2006-08-07,Female,Ahmedabad,Gujarat,2023-07-05,Low
CUST04915,Kiaan,Bhatnagar,1970-07-29,Female,Kolkata,West Bengal,2023-01-11,Low
CUST04916,Hansh,Swaminathan,1965-05-09,Male,Coimbatore,Tamil Nadu,2020-07-26,Medium
CUST04917,Nirvi,Barman,2006-03-22,Female,Hyderabad,Telangana,2019-06-16,Low
CUST04918,Saanvi,Jaggi,1974-11-10,Female,Thiruvananthapuram,Kerala,2023-11-18,Low
CUST04919,Ehsaan,Dash,1971-01-16,Female,Noida,Uttar Pradesh,2020-10-12,Medium
CUST04920,Kabir,Sethi,2000-07-08,Male,Coimbatore,Tamil Nadu,2021-03-18,Low
CUST04921,Shalv,Savant,1987-02-05,Female,Mysuru,Karnataka,2024-05-02,High
CUST04922,Kiara,Lad,1990-10-28,Male,Kolkata,West Bengal,2023-07-24,Medium
CUST04923,Priyansh,Sidhu,1964-08-11,Male,Mangaluru,Karnataka,2021-06-09,Low
CUST04924,Aarna,Grover,2000-08-23,Male,Kanpur,Uttar Pradesh,2019-11-20,Medium
CUST04925,Kavya,Shan,1957-12-23,Female,Pune,Maharashtra,2025-01-04,Low
CUST04926,Yasmin,Hans,1998-08-25,Female,New Delhi,Delhi,2019-01-22,Low
CUST04927,Yashvi,Chaudhary,1968-01-17,Male,Chennai,Tamil Nadu,2018-10-09,Low
CUST04928,Hridaan,Ravel,1957-12-20,Male,Pune,Maharashtra,2025-05-30,Low
CUST04929,Miraan,Buch,1982-08-25,Female,Vadodara,Gujarat,2021-05-24,Medium
CUST04930,Aayush,Mangal,1988-05-13,Male,Jaipur,Rajasthan,2022-10-07,Medium
CUST04931,Shray,Chandra,1998-06-07,Male,Bengaluru,Karnataka,2025-08-07,Low
CUST04932,Kashvi,Jain,1986-06-01,Female,Udaipur,Rajasthan,2020-06-23,Low
CUST04933,Amani,Rastogi,1973-07-14,Female,Udaipur,Rajasthan,2023-04-17,High
CUST04934,Advika,Bhargava,2006-05-06,Female,Warangal,Telangana,2021-01-09,Low
CUST04935,Neysa,Sodhi,1990-08-29,Female,Chennai,Tamil Nadu,2021-07-09,Low
CUST04936,Shayak,Walla,1968-04-29,Female,Bengaluru,Karnataka,2020-10-27,Low
CUST04937,Shlok,Swamy,1988-10-24,Male,Mangaluru,Karnataka,2025-03-20,Medium
CUST04938,Ira,Kari,2000-10-13,Female,Warangal,Telangana,2019-06-21,Low
CUST04939,Oorja,Varty,1978-12-12,Male,Noida,Uttar Pradesh,2025-02-21,Medium
CUST04940,Ela,Deep,1959-12-11,Female,Nashik,Maharashtra,2025-04-20,Medium
CUST04941,Tejas,Kala,1999-05-11,Male,New Delhi,Delhi,2018-11-12,Low
CUST04942,Inaaya ,Bhatnagar,1962-01-31,Male,Lucknow,Uttar Pradesh,2020-07-31,Low
CUST04943,Amira,Thakkar,1963-03-19,Male,Madurai,Tamil Nadu,2019-09-03,Medium
CUST04944,Ira,Sawhney,1975-10-09,Male,Noida,Uttar Pradesh,2019-09-22,Low
CUST04945,Shray,Dube,1986-06-12,Female,Bengaluru,Karnataka,2022-05-12,Medium
CUST04946,Ishita,Barman,1989-12-29,Female,Warangal,Telangana,2020-03-15,Medium
CUST04947,Vivaan,Tank,1990-06-01,Female,Jaipur,Rajasthan,2020-04-22,Low
CUST04948,Hridaan,Trivedi,2001-12-17,Male,Lucknow,Uttar Pradesh,2020-07-15,Medium
CUST04949,Urvi,Anand,1969-03-03,Male,Kanpur,Uttar Pradesh,2024-11-20,Medium
CUST04950,Shanaya,Goel,1991-06-01,Female,Pune,Maharashtra,2023-10-06,Medium
CUST04951,Vanya,Borra,1993-12-14,Female,Mumbai,Maharashtra,2023-03-01,Low
CUST04952,Eshani,Bajwa,1991-12-06,Male,Ahmedabad,Gujarat,2021-09-25,Low
CUST04953,Hrishita,Contractor,2002-11-08,Male,Chennai,Tamil Nadu,2023-03-02,Low
CUST04954,Ivan,Grover,1966-06-14,Male,Chennai,Tamil Nadu,2019-07-03,Low
CUST04955,Pihu,Butala,1998-11-08,Female,Surat,Gujarat,2024-01-17,Low
CUST04956,Miraya,Chowdhury,2006-10-05,Male,Bengaluru,Karnataka,2024-09-27,Medium
CUST04957,Indrajit,Madan,1997-02-19,Male,Mumbai,Maharashtra,2022-04-04,Low
CUST04958,Krish,Dewan,1958-12-23,Female,Ahmedabad,Gujarat,2022-01-22,Low
CUST04959,Ritvik,Hayer,1991-02-26,Male,Chennai,Tamil Nadu,2022-03-26,Low
CUST04960,Anika,Kaur,1977-07-22,Male,Noida,Uttar Pradesh,2019-10-22,Medium
CUST04961,Saira,Doctor,1955-09-03,Male,Kolkata,West Bengal,2019-04-15,Low
CUST04962,Ojas,Sathe,1993-06-20,Female,Udaipur,Rajasthan,2024-05-01,Low
CUST04963,Sahil,Chawla,2005-07-24,Male,Hyderabad,Telangana,2023-11-12,Low
CUST04964,Kimaya,Bandi,1959-09-05,Male,Kozhikode,Kerala,2025-01-27,Medium
CUST04965,Zain,Boase,1965-06-07,Male,Surat,Gujarat,2022-09-28,Low
CUST04966,Ishaan,Singhal,1972-02-24,Female,Hyderabad,Telangana,2021-12-23,Low
CUST04967,Vedika,Buch,1999-08-13,Male,Kolkata,West Bengal,2022-03-19,High
CUST04968,Vihaan,Rajagopal,1968-10-22,Male,Coimbatore,Tamil Nadu,2020-10-06,Medium
CUST04969,Stuvan,Banik,1971-01-18,Male,Mumbai,Maharashtra,2020-12-31,High
CUST04970,Hiran,Warrior,1982-12-19,Female,Hubballi,Karnataka,2019-09-13,Low
CUST04971,Samaira,Shankar,1995-07-10,Male,New Delhi,Delhi,2024-05-14,Low
CUST04972,Indrajit,Chauhan,1985-10-27,Female,Chennai,Tamil Nadu,2019-11-11,Medium
CUST04973,Pari,Devi,2007-05-29,Female,Ahmedabad,Gujarat,2021-06-08,Low
CUST04974,Aayush,Ray,1963-08-19,Male,Lucknow,Uttar Pradesh,2023-01-29,Medium
CUST04975,Sahil,Lala,1962-08-19,Female,New Delhi,Delhi,2025-03-19,Low
CUST04976,Mishti,Ram,1987-09-16,Male,Mysuru,Karnataka,2020-08-16,Low
CUST04977,Nitara,Kanda,1975-12-26,Female,Madurai,Tamil Nadu,2025-08-23,Low
CUST04978,Gatik,Madan,2006-03-16,Female,Bengaluru,Karnataka,2023-11-03,Low
CUST04979,Amani,Bose,1960-06-09,Male,Kolkata,West Bengal,2025-01-24,Low
CUST04980,Saira,Garde,1974-03-02,Male,Kochi,Kerala,2018-12-31,Low
CUST04981,Vaibhav,Tripathi,1973-01-12,Female,New Delhi,Delhi,2019-08-11,High
CUST04982,Mishti,Kaul,1984-08-19,Female,Surat,Gujarat,2023-08-17,Low
CUST04983,Jayan,Vora,2003-12-13,Male,Hyderabad,Telangana,2024-07-13,Low
CUST04984,Yashvi,Kohli,2007-04-06,Female,Pune,Maharashtra,2021-02-15,Medium
CUST04985,Mamooty,Lal,1962-08-30,Male,Coimbatore,Tamil Nadu,2019-05-28,Low
CUST04986,Sana,Ramachandran,1996-05-31,Male,Ahmedabad,Gujarat,2021-09-25,Low
CUST04987,Nakul,Virk,2000-11-23,Female,Lucknow,Uttar Pradesh,2022-11-09,Medium
CUST04988,Rati,Kalita,1984-05-05,Female,Warangal,Telangana,2019-02-18,Low
CUST04989,Navya,Ben,2008-01-17,Female,Mysuru,Karnataka,2021-01-12,Medium
CUST04990,Samaira,Sha,1974-06-03,Male,Kolkata,West Bengal,2020-10-15,Medium
CUST04991,Navya,Kumar,1978-01-10,Female,Vadodara,Gujarat,2022-03-21,High
CUST04992,Nitya,Toor,1972-09-29,Male,Ahmedabad,Gujarat,2021-09-07,Low
CUST04993,Dharmajan,Ahuja,1962-07-13,Male,Coimbatore,Tamil Nadu,2024-09-18,Low
CUST04994,Zara,Kibe,1972-03-02,Male,New Delhi,Delhi,2023-08-19,Low
CUST04995,Bhamini,Choudhry,1995-11-15,Female,Madurai,Tamil Nadu,2022-05-04,Low
CUST04996,Nitya,Deol,1962-09-22,Male,Warangal,Telangana,2025-04-17,Medium
CUST04997,Rhea,Kohli,1993-10-20,Male,Hyderabad,Telangana,2023-10-23,Low
CUST04998,Jivika,Guha,1996-12-05,Male,Mangaluru,Karnataka,2023-01-24,Low
CUST04999,Nitya,Halder,1958-07-07,Female,Kolkata,West Bengal,2023-10-08,Medium
CUST05000,Emir,Rajagopal,1999-05-20,Female,Surat,Gujarat,2019-06-28,Low
